SUMLEV,STATE,COUNTY,PLACE,COUSUB,CONCIT,PRIMGEO_FLAG,FUNCSTAT,NAME,STNAME,CENSUS2010POP,ESTIMATESBASE2010,POPESTIMATE2010,POPESTIMATE2011,POPESTIMATE2012,POPESTIMATE2013,POPESTIMATE2014,POPESTIMATE2015,POPESTIMATE2016
40,25,0,0,0,0,0,A,Massachusetts,Massachusetts,6547629,6547813,6565524,6611923,6658008,6706786,6749911,6784240,6811779
162,25,0,840,0,0,0,A,Agawam Town city,Massachusetts,28438,28438,28448,28584,28621,28664,28697,28742,28718
162,25,0,1260,0,0,0,A,Amesbury Town city,Massachusetts,16283,16283,16324,16448,16571,16788,17284,17378,17430
162,25,0,2690,0,0,0,A,Attleboro city,Massachusetts,43593,43593,43613,43691,43842,43941,44106,44285,44434
162,25,0,3690,0,0,0,A,Barnstable Town city,Massachusetts,45193,45189,45151,44850,44743,44612,44535,44362,44254
162,25,0,5595,0,0,0,A,Beverly city,Massachusetts,39502,39502,39725,40058,40324,40749,41059,41340,41365
162,25,0,7000,0,0,0,A,Boston city,Massachusetts,617594,617668,620701,630195,641911,651090,659180,665984,673184
162,25,0,7740,0,0,0,A,Braintree Town city,Massachusetts,35744,35726,35817,36095,36463,36942,37346,37334,37297
162,25,0,9000,0,0,0,A,Brockton city,Massachusetts,93810,93763,93812,94074,93987,94324,94732,95327,95630
162,25,0,11000,0,0,0,A,Cambridge city,Massachusetts,105162,105201,105019,105770,106044,107640,109532,109856,110651
162,25,0,13205,0,0,0,A,Chelsea city,Massachusetts,35177,35177,35310,36131,36711,37355,38205,39278,39699
162,25,0,13660,0,0,0,A,Chicopee city,Massachusetts,55298,55298,55308,55644,55910,56046,56480,56154,55991
162,25,0,19370,0,0,0,A,Easthampton Town city,Massachusetts,16053,16053,16049,16069,16100,16063,16046,16006,16059
162,25,0,21990,0,0,0,A,Everett city,Massachusetts,41667,41667,41774,42296,42853,43447,44656,45918,46340
162,25,0,23000,0,0,0,A,Fall River city,Massachusetts,88857,88857,88866,88778,88779,88835,88875,89026,88930
162,25,0,23875,0,0,0,A,Fitchburg city,Massachusetts,40318,40318,40423,40375,40417,40437,40467,40464,40414
162,25,0,25172,0,0,0,A,Franklin Town city,Massachusetts,31635,31633,31857,32238,32438,32753,32965,33091,33150
162,25,0,25485,0,0,0,A,Gardner city,Massachusetts,20228,20228,20164,20197,20317,20347,20255,20417,20430
162,25,0,26150,0,0,0,A,Gloucester city,Massachusetts,28789,28789,28865,29018,29208,29420,29583,29740,29798
162,25,0,27100,0,0,0,A,Greenfield Town city,Massachusetts,17456,17456,17422,17589,17583,17427,17533,17385,17456
162,25,0,29405,0,0,0,A,Haverhill city,Massachusetts,60879,60879,60981,61429,61737,62080,62340,62611,62873
162,25,0,30840,0,0,0,A,Holyoke city,Massachusetts,39880,39880,39904,40084,40124,40064,40618,40292,40280
162,25,0,34550,0,0,0,A,Lawrence city,Massachusetts,76377,76380,76605,77396,78133,78674,79502,80159,80209
162,25,0,35075,0,0,0,A,Leominster city,Massachusetts,40759,40759,40776,40887,40905,41068,41405,41468,41663
162,25,0,37000,0,0,0,A,Lowell city,Massachusetts,106519,106519,106733,107586,108562,109578,110053,110656,110558
162,25,0,37490,0,0,0,A,Lynn city,Massachusetts,90329,90329,90513,90595,91228,91696,92069,92673,92697
162,25,0,37875,0,0,0,A,Malden city,Massachusetts,59450,59463,59589,59946,60355,60723,60819,60967,60840
162,25,0,38715,0,0,0,A,Marlborough city,Massachusetts,38499,38499,38569,38893,39255,39451,39581,39703,39697
162,25,0,39835,0,0,0,A,Medford city,Massachusetts,56173,56164,56258,56596,56982,57139,57116,57333,57213
162,25,0,40115,0,0,0,A,Melrose city,Massachusetts,26983,26987,27042,27258,27456,27756,27902,27906,27928
162,25,0,40710,0,0,0,A,Methuen Town city,Massachusetts,47255,47252,47362,47693,48002,48545,49168,49595,49917
162,25,0,45000,0,0,0,A,New Bedford city,Massachusetts,95072,95066,95042,94841,94909,95096,95029,94975,95032
162,25,0,45245,0,0,0,A,Newburyport city,Massachusetts,17416,17416,17450,17549,17628,17777,17881,17938,17987
162,25,0,45560,0,0,0,A,Newton city,Massachusetts,85146,85119,85405,85897,87186,87786,88510,88978,89045
162,25,0,46225,0,0,0,A,North Adams city,Massachusetts,13708,13708,13782,13643,13608,13463,13361,13185,13064
162,25,0,46330,0,0,0,A,Northampton city,Massachusetts,28549,28549,28634,28700,28696,28547,28520,28368,28483
162,25,0,52144,0,0,0,A,Palmer Town city,Massachusetts,12140,12134,12133,12149,12149,12148,12160,12149,12108
162,25,0,52490,0,0,0,A,Peabody city,Massachusetts,51251,51251,51375,51570,51809,52085,52256,52423,52491
162,25,0,53960,0,0,0,A,Pittsfield city,Massachusetts,44737,44737,44691,44374,44301,44041,43678,43238,42846
162,25,0,55745,0,0,0,A,Quincy city,Massachusetts,92271,92266,92455,92524,92866,93305,93384,93462,93688
162,25,0,56585,0,0,0,A,Revere city,Massachusetts,51755,51737,51829,52529,52970,53265,53142,53307,53157
162,25,0,59105,0,0,0,A,Salem city,Massachusetts,41340,41340,41844,41974,42251,42637,42882,43118,43132
162,25,0,62535,0,0,0,A,Somerville city,Massachusetts,75754,75725,75903,76791,77805,78956,79312,80184,81322
162,25,0,63345,0,0,0,A,Southbridge Town city,Massachusetts,16719,16719,16733,16750,16783,16813,16832,16857,16831
162,25,0,67000,0,0,0,A,Springfield city,Massachusetts,153060,153195,153596,153754,153786,153757,154033,154277,154074
162,25,0,69170,0,0,0,A,Taunton city,Massachusetts,55874,55874,55897,55925,56037,56121,56634,56817,56843
162,25,0,72600,0,0,0,A,Waltham city,Massachusetts,60632,60628,60876,61335,62003,62366,63043,63022,63002
162,25,0,73440,0,0,0,A,Watertown Town city,Massachusetts,31915,31914,31993,32226,32893,33093,34073,34212,35025
162,25,0,76030,0,0,0,A,Westfield city,Massachusetts,41094,41094,41117,41386,41224,41488,41565,41641,41552
162,25,0,77890,0,0,0,A,West Springfield Town city,Massachusetts,28391,28391,28352,28521,28590,28552,28590,28613,28529
162,25,0,78972,0,0,0,A,Weymouth Town city,Massachusetts,53743,53762,53824,54183,55026,55480,55680,55852,55972
162,25,0,81005,0,0,0,A,Winthrop Town city,Massachusetts,17497,17497,17521,17747,17877,17960,18010,18119,18190
162,25,0,81035,0,0,0,A,Woburn city,Massachusetts,38120,38134,38301,38641,38866,39126,39228,39421,39452
162,25,0,82000,0,0,0,A,Worcester city,Massachusetts,181045,180983,181810,182321,182373,183006,184005,184491,184508
50,25,1,0,0,0,0,A,Barnstable County,Massachusetts,215888,215868,215908,215372,214915,214844,214858,214621,214276
157,25,1,3690,0,0,0,A,Barnstable Town city,Massachusetts,45193,45189,45151,44850,44743,44612,44535,44362,44254
157,25,1,99990,0,0,0,F,Balance of Barnstable County,Massachusetts,170695,170679,170757,170522,170172,170232,170323,170259,170022
61,25,1,0,3690,0,0,F,Barnstable Town city,Massachusetts,45193,45189,45151,44850,44743,44612,44535,44362,44254
71,25,1,3690,3690,0,1,A,Barnstable Town city,Massachusetts,45193,45189,45151,44850,44743,44612,44535,44362,44254
61,25,1,0,7175,0,1,A,Bourne town,Massachusetts,19754,19736,19751,19779,19741,19728,19744,19865,19837
61,25,1,0,7980,0,1,A,Brewster town,Massachusetts,9820,9828,9860,9834,9815,9813,9959,9913,9883
61,25,1,0,12995,0,1,A,Chatham town,Massachusetts,6125,6125,6127,6117,6124,6134,6145,6146,6149
61,25,1,0,16775,0,1,A,Dennis town,Massachusetts,14207,14221,14218,14165,14110,14075,14056,14024,14001
61,25,1,0,19295,0,1,A,Eastham town,Massachusetts,4956,4956,4957,4942,4929,4928,4929,4918,4904
61,25,1,0,23105,0,1,A,Falmouth town,Massachusetts,31531,31531,31545,31598,31566,31579,31538,31547,31473
61,25,1,0,29020,0,1,A,Harwich town,Massachusetts,12243,12221,12232,12209,12174,12173,12184,12165,12153
61,25,1,0,39100,0,1,A,Mashpee town,Massachusetts,14006,14006,14005,13983,13957,13996,14063,14146,14223
61,25,1,0,51440,0,1,A,Orleans town,Massachusetts,5890,5890,5894,5876,5861,5860,5863,5849,5841
61,25,1,0,55500,0,1,A,Provincetown town,Massachusetts,2942,2942,2948,2943,2947,2955,2961,2979,2985
61,25,1,0,59735,0,1,A,Sandwich town,Massachusetts,20675,20673,20667,20619,20579,20575,20534,20455,20391
61,25,1,0,70605,0,1,A,Truro town,Massachusetts,2003,2003,2004,2003,2001,2012,2011,2008,2014
61,25,1,0,74385,0,1,A,Wellfleet town,Massachusetts,2750,2750,2751,2744,2745,2747,2755,2751,2754
61,25,1,0,82525,0,1,A,Yarmouth town,Massachusetts,23793,23797,23798,23710,23623,23657,23581,23493,23414
50,25,3,0,0,0,0,N,Berkshire County,Massachusetts,131219,131272,131280,130515,130201,129409,128633,127671,126903
157,25,3,46225,0,0,0,A,North Adams city,Massachusetts,13708,13708,13782,13643,13608,13463,13361,13185,13064
157,25,3,53960,0,0,0,A,Pittsfield city,Massachusetts,44737,44737,44691,44374,44301,44041,43678,43238,42846
157,25,3,99990,0,0,0,F,Balance of Berkshire County,Massachusetts,72774,72827,72807,72498,72292,71905,71594,71248,70993
61,25,3,0,555,0,1,A,Adams town,Massachusetts,8485,8485,8475,8416,8396,8339,8264,8187,8110
61,25,3,0,975,0,1,A,Alford town,Massachusetts,494,494,494,496,496,495,496,495,491
61,25,3,0,4545,0,1,A,Becket town,Massachusetts,1779,1779,1775,1776,1779,1774,1769,1761,1748
61,25,3,0,13345,0,1,A,Cheshire town,Massachusetts,3235,3235,3232,3223,3220,3208,3195,3183,3170
61,25,3,0,14010,0,1,A,Clarksburg town,Massachusetts,1702,1702,1701,1691,1691,1682,1671,1659,1648
61,25,3,0,16180,0,1,A,Dalton town,Massachusetts,6756,6756,6756,6746,6750,6723,6693,6658,6624
61,25,3,0,21360,0,1,A,Egremont town,Massachusetts,1225,1225,1225,1227,1228,1224,1216,1210,1207
61,25,3,0,24120,0,1,A,Florida town,Massachusetts,752,752,751,750,750,744,737,730,725
61,25,3,0,26815,0,1,A,Great Barrington town,Massachusetts,7104,7104,7095,7026,7030,6991,6917,6888,6854
61,25,3,0,28180,0,1,A,Hancock town,Massachusetts,717,717,719,719,717,712,710,705,704
61,25,3,0,30315,0,1,A,Hinsdale town,Massachusetts,2032,2032,2030,2018,2013,1997,1978,1959,1942
61,25,3,0,34340,0,1,A,Lanesborough town,Massachusetts,3091,3091,3087,3068,3060,3037,3012,2991,2970
61,25,3,0,34655,0,1,A,Lee town,Massachusetts,5943,5943,5946,5926,5936,5903,5853,5820,5777
61,25,3,0,34970,0,1,A,Lenox town,Massachusetts,5025,5078,5074,5056,5054,5039,4996,4987,4965
61,25,3,0,42460,0,1,A,Monterey town,Massachusetts,961,961,960,957,957,954,953,947,941
61,25,3,0,43300,0,1,A,Mount Washington town,Massachusetts,167,167,167,166,166,165,164,163,162
61,25,3,0,44385,0,1,A,New Ashford town,Massachusetts,228,228,228,227,227,226,224,225,225
61,25,3,0,45420,0,1,A,New Marlborough town,Massachusetts,1509,1509,1508,1503,1503,1498,1491,1478,1473
61,25,3,0,46225,0,0,F,North Adams city,Massachusetts,13708,13708,13782,13643,13608,13463,13361,13185,13064
71,25,3,46225,46225,0,1,A,North Adams city,Massachusetts,13708,13708,13782,13643,13608,13463,13361,13185,13064
61,25,3,0,51580,0,1,A,Otis town,Massachusetts,1612,1612,1610,1604,1603,1595,1584,1576,1564
61,25,3,0,53050,0,1,A,Peru town,Massachusetts,847,847,848,853,853,846,845,847,839
61,25,3,0,53960,0,0,F,Pittsfield city,Massachusetts,44737,44737,44691,44374,44301,44041,43678,43238,42846
71,25,3,53960,53960,0,1,A,Pittsfield city,Massachusetts,44737,44737,44691,44374,44301,44041,43678,43238,42846
61,25,3,0,56795,0,1,A,Richmond town,Massachusetts,1475,1475,1474,1465,1461,1450,1439,1429,1419
61,25,3,0,59665,0,1,A,Sandisfield town,Massachusetts,915,915,920,920,927,924,917,911,905
61,25,3,0,60225,0,1,A,Savoy town,Massachusetts,692,692,691,691,690,689,684,681,680
61,25,3,0,61065,0,1,A,Sheffield town,Massachusetts,3257,3257,3254,3241,3236,3222,3206,3191,3172
61,25,3,0,67595,0,1,A,Stockbridge town,Massachusetts,1947,1947,1946,1941,1966,1962,1949,1935,1923
61,25,3,0,71095,0,1,A,Tyringham town,Massachusetts,327,327,327,326,327,327,327,325,323
61,25,3,0,73335,0,1,A,Washington town,Massachusetts,538,538,538,533,535,537,535,533,533
61,25,3,0,77990,0,1,A,West Stockbridge town,Massachusetts,1306,1306,1305,1298,1296,1290,1281,1274,1270
61,25,3,0,79985,0,1,A,Williamstown town,Massachusetts,7754,7754,7773,7740,7531,7460,7602,7622,7758
61,25,3,0,80685,0,1,A,Windsor town,Massachusetts,899,899,898,895,894,892,886,878,871
50,25,5,0,0,0,0,A,Bristol County,Massachusetts,548285,548260,549200,549400,551341,552637,555071,556967,558324
157,25,5,2690,0,0,0,A,Attleboro city,Massachusetts,43593,43593,43613,43691,43842,43941,44106,44285,44434
157,25,5,23000,0,0,0,A,Fall River city,Massachusetts,88857,88857,88866,88778,88779,88835,88875,89026,88930
157,25,5,45000,0,0,0,A,New Bedford city,Massachusetts,95072,95066,95042,94841,94909,95096,95029,94975,95032
157,25,5,69170,0,0,0,A,Taunton city,Massachusetts,55874,55874,55897,55925,56037,56121,56634,56817,56843
157,25,5,99990,0,0,0,F,Balance of Bristol County,Massachusetts,264889,264870,265782,266165,267774,268644,270427,271864,273085
61,25,5,0,520,0,1,A,Acushnet town,Massachusetts,10303,10300,10303,10300,10319,10356,10421,10480,10505
61,25,5,0,2690,0,0,F,Attleboro city,Massachusetts,43593,43593,43613,43691,43842,43941,44106,44285,44434
71,25,5,2690,2690,0,1,A,Attleboro city,Massachusetts,43593,43593,43613,43691,43842,43941,44106,44285,44434
61,25,5,0,5280,0,1,A,Berkley town,Massachusetts,6411,6408,6417,6457,6497,6516,6586,6659,6693
61,25,5,0,16425,0,1,A,Dartmouth town,Massachusetts,34032,34038,34387,34316,34509,34327,34598,34613,34718
61,25,5,0,16950,0,1,A,Dighton town,Massachusetts,7086,7086,7088,7093,7152,7218,7318,7403,7534
61,25,5,0,20100,0,1,A,Easton town,Massachusetts,23112,23110,23340,23266,23659,23490,23660,24001,24038
61,25,5,0,22130,0,1,A,Fairhaven town,Massachusetts,15873,15873,15888,15912,15979,16047,16086,16147,16134
61,25,5,0,23000,0,0,F,Fall River city,Massachusetts,88857,88857,88866,88778,88779,88835,88875,89026,88930
71,25,5,23000,23000,0,1,A,Fall River city,Massachusetts,88857,88857,88866,88778,88779,88835,88875,89026,88930
61,25,5,0,25240,0,1,A,Freetown town,Massachusetts,8870,8870,8880,8899,8948,9038,9105,9184,9269
61,25,5,0,38225,0,1,A,Mansfield town,Massachusetts,23184,23183,23198,23221,23408,23555,23623,23699,23737
61,25,5,0,45000,0,0,F,New Bedford city,Massachusetts,95072,95066,95042,94841,94909,95096,95029,94975,95032
71,25,5,45000,45000,0,1,A,New Bedford city,Massachusetts,95072,95066,95042,94841,94909,95096,95029,94975,95032
61,25,5,0,46575,0,1,A,North Attleborough town,Massachusetts,28712,28704,28719,28718,28781,28836,28977,29049,29075
61,25,5,0,49970,0,1,A,Norton town,Massachusetts,19031,19031,19159,19239,19329,19374,19370,19381,19569
61,25,5,0,56060,0,1,A,Raynham town,Massachusetts,13383,13375,13386,13430,13491,13563,13696,13812,13942
61,25,5,0,56375,0,1,A,Rehoboth town,Massachusetts,11608,11608,11628,11673,11742,11837,11942,12015,12068
61,25,5,0,60645,0,1,A,Seekonk town,Massachusetts,13722,13722,13747,13863,13989,14373,14701,14974,15244
61,25,5,0,62430,0,1,A,Somerset town,Massachusetts,18165,18165,18214,18252,18300,18319,18297,18254,18223
61,25,5,0,68750,0,1,A,Swansea town,Massachusetts,15865,15865,15881,15939,16018,16088,16288,16374,16482
61,25,5,0,69170,0,0,F,Taunton city,Massachusetts,55874,55874,55897,55925,56037,56121,56634,56817,56843
71,25,5,69170,69170,0,1,A,Taunton city,Massachusetts,55874,55874,55897,55925,56037,56121,56634,56817,56843
61,25,5,0,77570,0,1,A,Westport town,Massachusetts,15532,15532,15547,15587,15653,15707,15759,15819,15854
50,25,7,0,0,0,0,A,Dukes County,Massachusetts,16535,16535,16556,16678,16793,17146,17283,17217,17246
61,25,7,0,1585,0,1,A,Aquinnah town,Massachusetts,311,311,312,315,317,326,328,327,327
61,25,7,0,13800,0,1,A,Chilmark town,Massachusetts,866,864,866,875,884,907,914,914,916
61,25,7,0,21150,0,1,A,Edgartown town,Massachusetts,4067,4067,4074,4117,4154,4244,4286,4265,4286
61,25,7,0,26325,0,1,A,Gosnold town,Massachusetts,75,75,75,75,75,77,77,77,77
61,25,7,0,50390,0,1,A,Oak Bluffs town,Massachusetts,4527,4524,4527,4547,4568,4648,4676,4654,4655
61,25,7,0,69940,0,1,A,Tisbury town,Massachusetts,3949,3952,3956,3984,4009,4087,4112,4091,4091
61,25,7,0,78235,0,1,A,West Tisbury town,Massachusetts,2740,2742,2746,2765,2786,2857,2890,2889,2894
50,25,9,0,0,0,0,N,Essex County,Massachusetts,743159,743171,745690,751507,757163,764129,770391,776111,779018
157,25,9,1260,0,0,0,A,Amesbury Town city,Massachusetts,16283,16283,16324,16448,16571,16788,17284,17378,17430
157,25,9,5595,0,0,0,A,Beverly city,Massachusetts,39502,39502,39725,40058,40324,40749,41059,41340,41365
157,25,9,26150,0,0,0,A,Gloucester city,Massachusetts,28789,28789,28865,29018,29208,29420,29583,29740,29798
157,25,9,29405,0,0,0,A,Haverhill city,Massachusetts,60879,60879,60981,61429,61737,62080,62340,62611,62873
157,25,9,34550,0,0,0,A,Lawrence city,Massachusetts,76377,76380,76605,77396,78133,78674,79502,80159,80209
157,25,9,37490,0,0,0,A,Lynn city,Massachusetts,90329,90329,90513,90595,91228,91696,92069,92673,92697
157,25,9,40710,0,0,0,A,Methuen Town city,Massachusetts,47255,47252,47362,47693,48002,48545,49168,49595,49917
157,25,9,45245,0,0,0,A,Newburyport city,Massachusetts,17416,17416,17450,17549,17628,17777,17881,17938,17987
157,25,9,52490,0,0,0,A,Peabody city,Massachusetts,51251,51251,51375,51570,51809,52085,52256,52423,52491
157,25,9,59105,0,0,0,A,Salem city,Massachusetts,41340,41340,41844,41974,42251,42637,42882,43118,43132
157,25,9,99990,0,0,0,F,Balance of Essex County,Massachusetts,273738,273750,274646,277777,280272,283678,286367,289136,291119
61,25,9,0,1260,0,0,F,Amesbury Town city,Massachusetts,16283,16283,16324,16448,16571,16788,17284,17378,17430
71,25,9,1260,1260,0,1,A,Amesbury Town city,Massachusetts,16283,16283,16324,16448,16571,16788,17284,17378,17430
61,25,9,0,1465,0,1,A,Andover town,Massachusetts,33201,33209,33295,33871,34178,34748,35061,35349,35490
61,25,9,0,5595,0,0,F,Beverly city,Massachusetts,39502,39502,39725,40058,40324,40749,41059,41340,41365
71,25,9,5595,5595,0,1,A,Beverly city,Massachusetts,39502,39502,39725,40058,40324,40749,41059,41340,41365
61,25,9,0,7420,0,1,A,Boxford town,Massachusetts,7965,7971,7990,8045,8094,8161,8206,8252,8277
61,25,9,0,16250,0,1,A,Danvers town,Massachusetts,26493,26493,26529,26914,27160,27277,27699,27811,27909
61,25,9,0,21850,0,1,A,Essex town,Massachusetts,3504,3504,3514,3562,3584,3608,3631,3658,3695
61,25,9,0,25625,0,1,A,Georgetown town,Massachusetts,8183,8183,8210,8300,8377,8462,8512,8575,8635
61,25,9,0,26150,0,0,F,Gloucester city,Massachusetts,28789,28789,28865,29018,29208,29420,29583,29740,29798
71,25,9,26150,26150,0,1,A,Gloucester city,Massachusetts,28789,28789,28865,29018,29208,29420,29583,29740,29798
61,25,9,0,27620,0,1,A,Groveland town,Massachusetts,6459,6459,6477,6527,6583,6636,6680,6744,6781
61,25,9,0,27900,0,1,A,Hamilton town,Massachusetts,7764,7764,7991,8034,8087,8126,8143,8146,8178
61,25,9,0,29405,0,0,F,Haverhill city,Massachusetts,60879,60879,60981,61429,61737,62080,62340,62611,62873
71,25,9,29405,29405,0,1,A,Haverhill city,Massachusetts,60879,60879,60981,61429,61737,62080,62340,62611,62873
61,25,9,0,32310,0,1,A,Ipswich town,Massachusetts,13175,13175,13221,13448,13535,13614,13663,13788,13835
61,25,9,0,34550,0,0,F,Lawrence city,Massachusetts,76377,76380,76605,77396,78133,78674,79502,80159,80209
71,25,9,34550,34550,0,1,A,Lawrence city,Massachusetts,76377,76380,76605,77396,78133,78674,79502,80159,80209
61,25,9,0,37490,0,0,F,Lynn city,Massachusetts,90329,90329,90513,90595,91228,91696,92069,92673,92697
71,25,9,37490,37490,0,1,A,Lynn city,Massachusetts,90329,90329,90513,90595,91228,91696,92069,92673,92697
61,25,9,0,37560,0,1,A,Lynnfield town,Massachusetts,11596,11595,11622,11722,11813,12394,12643,12745,12819
61,25,9,0,37995,0,1,A,Manchester-by-the-Sea town,Massachusetts,5136,5136,5146,5201,5241,5288,5328,5361,5389
61,25,9,0,38400,0,1,A,Marblehead town,Massachusetts,19808,19808,19849,20000,20159,20311,20427,20486,20493
61,25,9,0,40430,0,1,A,Merrimac town,Massachusetts,6338,6338,6370,6427,6496,6610,6710,6791,6858
61,25,9,0,40710,0,0,F,Methuen Town city,Massachusetts,47255,47252,47362,47693,48002,48545,49168,49595,49917
71,25,9,40710,40710,0,1,A,Methuen Town city,Massachusetts,47255,47252,47362,47693,48002,48545,49168,49595,49917
61,25,9,0,41095,0,1,A,Middleton town,Massachusetts,8987,8987,8985,9119,9257,9436,9620,9580,9662
61,25,9,0,43580,0,1,A,Nahant town,Massachusetts,3410,3410,3418,3429,3440,3464,3468,3486,3486
61,25,9,0,45175,0,1,A,Newbury town,Massachusetts,6666,6666,6683,6733,6778,6860,6912,6963,7009
61,25,9,0,45245,0,0,F,Newburyport city,Massachusetts,17416,17416,17450,17549,17628,17777,17881,17938,17987
71,25,9,45245,45245,0,1,A,Newburyport city,Massachusetts,17416,17416,17450,17549,17628,17777,17881,17938,17987
61,25,9,0,46365,0,1,A,North Andover town,Massachusetts,28352,28352,28437,28781,29023,29275,29634,29985,30628
61,25,9,0,52490,0,0,F,Peabody city,Massachusetts,51251,51251,51375,51570,51809,52085,52256,52423,52491
71,25,9,52490,52490,0,1,A,Peabody city,Massachusetts,51251,51251,51375,51570,51809,52085,52256,52423,52491
61,25,9,0,57880,0,1,A,Rockport town,Massachusetts,6952,6952,6972,7020,7076,7127,7159,7193,7209
61,25,9,0,58405,0,1,A,Rowley town,Massachusetts,5856,5856,5872,5912,5969,6029,6187,6288,6299
61,25,9,0,59105,0,0,F,Salem city,Massachusetts,41340,41340,41844,41974,42251,42637,42882,43118,43132
71,25,9,59105,59105,0,1,A,Salem city,Massachusetts,41340,41340,41844,41974,42251,42637,42882,43118,43132
61,25,9,0,59245,0,1,A,Salisbury town,Massachusetts,8283,8288,8309,8398,8480,8568,8694,9257,9326
61,25,9,0,60015,0,1,A,Saugus town,Massachusetts,26628,26628,26717,27017,27338,27751,27861,27965,27999
61,25,9,0,68645,0,1,A,Swampscott town,Massachusetts,13787,13787,13812,13865,13925,13983,14018,14500,14827
61,25,9,0,70150,0,1,A,Topsfield town,Massachusetts,6085,6079,6092,6173,6279,6381,6484,6512,6524
61,25,9,0,74595,0,1,A,Wenham town,Massachusetts,4875,4875,4885,4974,5036,5134,5139,5164,5186
61,25,9,0,77150,0,1,A,West Newbury town,Massachusetts,4235,4235,4250,4305,4364,4435,4488,4537,4605
50,25,11,0,0,0,0,N,Franklin County,Massachusetts,71372,71372,71311,71606,71536,71149,70965,70550,70382
157,25,11,27100,0,0,0,A,Greenfield Town city,Massachusetts,17456,17456,17422,17589,17583,17427,17533,17385,17456
157,25,11,99990,0,0,0,F,Balance of Franklin County,Massachusetts,53916,53916,53889,54017,53953,53722,53432,53165,52926
61,25,11,0,2095,0,1,A,Ashfield town,Massachusetts,1737,1740,1737,1739,1739,1732,1728,1722,1715
61,25,11,0,5560,0,1,A,Bernardston town,Massachusetts,2129,2129,2127,2131,2130,2120,2108,2098,2088
61,25,11,0,9595,0,1,A,Buckland town,Massachusetts,1902,1899,1897,1902,1897,1886,1874,1865,1851
61,25,11,0,12505,0,1,A,Charlemont town,Massachusetts,1266,1266,1265,1266,1264,1255,1244,1233,1227
61,25,11,0,14885,0,1,A,Colrain town,Massachusetts,1671,1671,1670,1676,1671,1661,1655,1648,1641
61,25,11,0,15200,0,1,A,Conway town,Massachusetts,1897,1897,1898,1907,1902,1900,1886,1882,1872
61,25,11,0,16670,0,1,A,Deerfield town,Massachusetts,5125,5122,5122,5117,5110,5083,5045,5014,4992
61,25,11,0,21780,0,1,A,Erving town,Massachusetts,1800,1800,1799,1805,1802,1798,1788,1777,1768
61,25,11,0,25730,0,1,A,Gill town,Massachusetts,1500,1500,1502,1501,1503,1495,1491,1490,1491
61,25,11,0,27100,0,0,F,Greenfield Town city,Massachusetts,17456,17456,17422,17589,17583,17427,17533,17385,17456
71,25,11,27100,27100,0,1,A,Greenfield Town city,Massachusetts,17456,17456,17422,17589,17583,17427,17533,17385,17456
61,25,11,0,29475,0,1,A,Hawley town,Massachusetts,337,337,338,335,335,334,330,331,330
61,25,11,0,29650,0,1,A,Heath town,Massachusetts,706,706,705,707,708,704,700,694,690
61,25,11,0,35180,0,1,A,Leverett town,Massachusetts,1851,1854,1857,1869,1868,1863,1856,1848,1838
61,25,11,0,35285,0,1,A,Leyden town,Massachusetts,711,711,713,720,722,719,718,714,709
61,25,11,0,42040,0,1,A,Monroe town,Massachusetts,121,121,121,121,121,121,120,120,119
61,25,11,0,42285,0,1,A,Montague town,Massachusetts,8437,8437,8426,8439,8425,8380,8319,8280,8241
61,25,11,0,45490,0,1,A,New Salem town,Massachusetts,990,990,989,995,1001,1000,999,1000,1002
61,25,11,0,47835,0,1,A,Northfield town,Massachusetts,3032,3032,3030,3039,3036,3025,3011,2994,2975
61,25,11,0,51265,0,1,A,Orange town,Massachusetts,7839,7839,7832,7839,7815,7765,7708,7655,7606
61,25,11,0,58335,0,1,A,Rowe town,Massachusetts,393,393,393,394,394,391,387,383,382
61,25,11,0,61135,0,1,A,Shelburne town,Massachusetts,1893,1893,1893,1893,1873,1868,1856,1847,1838
61,25,11,0,61905,0,1,A,Shutesbury town,Massachusetts,1771,1771,1770,1784,1784,1781,1777,1765,1760
61,25,11,0,68400,0,1,A,Sunderland town,Massachusetts,3684,3684,3682,3697,3702,3693,3680,3654,3635
61,25,11,0,73265,0,1,A,Warwick town,Massachusetts,780,780,779,781,778,774,768,762,757
61,25,11,0,74525,0,1,A,Wendell town,Massachusetts,848,848,849,860,866,868,870,871,873
61,25,11,0,79110,0,1,A,Whately town,Massachusetts,1496,1496,1495,1500,1507,1506,1514,1518,1526
50,25,13,0,0,0,0,N,Hampden County,Massachusetts,463490,463625,464194,465973,466578,467206,469033,469078,468467
157,25,13,840,0,0,0,A,Agawam Town city,Massachusetts,28438,28438,28448,28584,28621,28664,28697,28742,28718
157,25,13,13660,0,0,0,A,Chicopee city,Massachusetts,55298,55298,55308,55644,55910,56046,56480,56154,55991
157,25,13,30840,0,0,0,A,Holyoke city,Massachusetts,39880,39880,39904,40084,40124,40064,40618,40292,40280
157,25,13,52144,0,0,0,A,Palmer Town city,Massachusetts,12140,12134,12133,12149,12149,12148,12160,12149,12108
157,25,13,67000,0,0,0,A,Springfield city,Massachusetts,153060,153195,153596,153754,153786,153757,154033,154277,154074
157,25,13,76030,0,0,0,A,Westfield city,Massachusetts,41094,41094,41117,41386,41224,41488,41565,41641,41552
157,25,13,77890,0,0,0,A,West Springfield Town city,Massachusetts,28391,28391,28352,28521,28590,28552,28590,28613,28529
157,25,13,99990,0,0,0,F,Balance of Hampden County,Massachusetts,105189,105195,105336,105851,106174,106487,106890,107210,107215
61,25,13,0,840,0,0,F,Agawam Town city,Massachusetts,28438,28438,28448,28584,28621,28664,28697,28742,28718
71,25,13,840,840,0,1,A,Agawam Town city,Massachusetts,28438,28438,28448,28584,28621,28664,28697,28742,28718
61,25,13,0,6085,0,1,A,Blandford town,Massachusetts,1233,1233,1234,1240,1244,1249,1254,1255,1253
61,25,13,0,8470,0,1,A,Brimfield town,Massachusetts,3609,3609,3617,3626,3660,3703,3718,3731,3734
61,25,13,0,13485,0,1,A,Chester town,Massachusetts,1337,1337,1340,1349,1352,1358,1363,1369,1370
61,25,13,0,13660,0,0,F,Chicopee city,Massachusetts,55298,55298,55308,55644,55910,56046,56480,56154,55991
71,25,13,13660,13660,0,1,A,Chicopee city,Massachusetts,55298,55298,55308,55644,55910,56046,56480,56154,55991
61,25,13,0,19645,0,1,A,East Longmeadow town,Massachusetts,15720,15720,15745,15848,15914,15999,16101,16153,16173
61,25,13,0,26675,0,1,A,Granville town,Massachusetts,1566,1566,1572,1592,1606,1612,1618,1618,1617
61,25,13,0,28075,0,1,A,Hampden town,Massachusetts,5139,5139,5141,5157,5162,5166,5191,5211,5194
61,25,13,0,30665,0,1,A,Holland town,Massachusetts,2481,2481,2482,2487,2489,2493,2499,2499,2493
61,25,13,0,30840,0,0,F,Holyoke city,Massachusetts,39880,39880,39904,40084,40124,40064,40618,40292,40280
71,25,13,30840,30840,0,1,A,Holyoke city,Massachusetts,39880,39880,39904,40084,40124,40064,40618,40292,40280
61,25,13,0,36300,0,1,A,Longmeadow town,Massachusetts,15784,15784,15806,15849,15851,15845,15861,15862,15806
61,25,13,0,37175,0,1,A,Ludlow town,Massachusetts,21103,21103,21145,21261,21277,21270,21350,21386,21425
61,25,13,0,42145,0,1,A,Monson town,Massachusetts,8560,8566,8572,8598,8685,8725,8751,8771,8783
61,25,13,0,42530,0,1,A,Montgomery town,Massachusetts,838,838,841,851,857,859,859,857,853
61,25,13,0,52144,0,0,F,Palmer Town city,Massachusetts,12140,12134,12133,12149,12149,12148,12160,12149,12108
71,25,13,52144,52144,0,1,A,Palmer Town city,Massachusetts,12140,12134,12133,12149,12149,12148,12160,12149,12108
61,25,13,0,58650,0,1,A,Russell town,Massachusetts,1775,1775,1778,1790,1787,1786,1785,1782,1776
61,25,13,0,65825,0,1,A,Southwick town,Massachusetts,9502,9502,9510,9555,9582,9621,9686,9717,9717
61,25,13,0,67000,0,0,F,Springfield city,Massachusetts,153060,153195,153596,153754,153786,153757,154033,154277,154074
71,25,13,67000,67000,0,1,A,Springfield city,Massachusetts,153060,153195,153596,153754,153786,153757,154033,154277,154074
61,25,13,0,70045,0,1,A,Tolland town,Massachusetts,485,485,485,487,489,490,492,494,494
61,25,13,0,72390,0,1,A,Wales town,Massachusetts,1838,1838,1841,1852,1860,1873,1876,1892,1887
61,25,13,0,76030,0,0,F,Westfield city,Massachusetts,41094,41094,41117,41386,41224,41488,41565,41641,41552
71,25,13,76030,76030,0,1,A,Westfield city,Massachusetts,41094,41094,41117,41386,41224,41488,41565,41641,41552
61,25,13,0,77890,0,0,F,West Springfield Town city,Massachusetts,28391,28391,28352,28521,28590,28552,28590,28613,28529
71,25,13,77890,77890,0,1,A,West Springfield Town city,Massachusetts,28391,28391,28352,28521,28590,28552,28590,28613,28529
61,25,13,0,79740,0,1,A,Wilbraham town,Massachusetts,14219,14219,14227,14309,14359,14438,14486,14613,14640
50,25,15,0,0,0,0,N,Hampshire County,Massachusetts,158080,158080,159276,160134,160418,160851,161043,161049,161816
157,25,15,19370,0,0,0,A,Easthampton Town city,Massachusetts,16053,16053,16049,16069,16100,16063,16046,16006,16059
157,25,15,46330,0,0,0,A,Northampton city,Massachusetts,28549,28549,28634,28700,28696,28547,28520,28368,28483
157,25,15,99990,0,0,0,F,Balance of Hampshire County,Massachusetts,113478,113478,114593,115365,115622,116241,116477,116675,117274
61,25,15,0,1325,0,1,A,Amherst town,Massachusetts,37819,37819,38704,39053,39036,39689,39820,39957,40079
61,25,15,0,4825,0,1,A,Belchertown town,Massachusetts,14649,14649,14653,14745,14793,14822,14852,14908,15033
61,25,15,0,13590,0,1,A,Chesterfield town,Massachusetts,1222,1222,1226,1237,1243,1250,1249,1247,1260
61,25,15,0,16040,0,1,A,Cummington town,Massachusetts,872,872,872,872,875,876,873,870,875
61,25,15,0,19370,0,0,F,Easthampton Town city,Massachusetts,16053,16053,16049,16069,16100,16063,16046,16006,16059
71,25,15,19370,19370,0,1,A,Easthampton Town city,Massachusetts,16053,16053,16049,16069,16100,16063,16046,16006,16059
61,25,15,0,26290,0,1,A,Goshen town,Massachusetts,1054,1054,1054,1060,1065,1067,1070,1068,1071
61,25,15,0,26535,0,1,A,Granby town,Massachusetts,6240,6228,6228,6261,6308,6314,6324,6331,6357
61,25,15,0,27690,0,1,A,Hadley town,Massachusetts,5250,5250,5252,5284,5330,5327,5337,5344,5363
61,25,15,0,29265,0,1,A,Hatfield town,Massachusetts,3279,3279,3277,3284,3291,3301,3292,3294,3315
61,25,15,0,31785,0,1,A,Huntington town,Massachusetts,2180,2180,2180,2182,2184,2180,2178,2176,2191
61,25,15,0,40990,0,1,A,Middlefield town,Massachusetts,521,521,521,526,529,531,528,526,530
61,25,15,0,46330,0,0,F,Northampton city,Massachusetts,28549,28549,28634,28700,28696,28547,28520,28368,28483
71,25,15,46330,46330,0,1,A,Northampton city,Massachusetts,28549,28549,28634,28700,28696,28547,28520,28368,28483
61,25,15,0,52560,0,1,A,Pelham town,Massachusetts,1321,1321,1321,1326,1330,1329,1328,1328,1331
61,25,15,0,54030,0,1,A,Plainfield town,Massachusetts,648,648,648,649,649,653,650,651,658
61,25,15,0,62745,0,1,A,Southampton town,Massachusetts,5792,5792,5804,5898,5961,6010,6077,6141,6195
61,25,15,0,64145,0,1,A,South Hadley town,Massachusetts,17514,17526,17733,17826,17843,17718,17729,17675,17794
61,25,15,0,72880,0,1,A,Ware town,Massachusetts,9872,9872,9873,9903,9913,9905,9884,9874,9902
61,25,15,0,76380,0,1,A,Westhampton town,Massachusetts,1607,1607,1607,1610,1613,1613,1633,1633,1644
61,25,15,0,79915,0,1,A,Williamsburg town,Massachusetts,2482,2482,2482,2485,2488,2481,2473,2466,2480
61,25,15,0,82175,0,1,A,Worthington town,Massachusetts,1156,1156,1158,1164,1171,1175,1180,1186,1196
50,25,17,0,0,0,0,N,Middlesex County,Massachusetts,1503085,1503057,1507213,1523717,1540330,1556956,1569953,1581037,1589774
157,25,17,11000,0,0,0,A,Cambridge city,Massachusetts,105162,105201,105019,105770,106044,107640,109532,109856,110651
157,25,17,21990,0,0,0,A,Everett city,Massachusetts,41667,41667,41774,42296,42853,43447,44656,45918,46340
157,25,17,37000,0,0,0,A,Lowell city,Massachusetts,106519,106519,106733,107586,108562,109578,110053,110656,110558
157,25,17,37875,0,0,0,A,Malden city,Massachusetts,59450,59463,59589,59946,60355,60723,60819,60967,60840
157,25,17,38715,0,0,0,A,Marlborough city,Massachusetts,38499,38499,38569,38893,39255,39451,39581,39703,39697
157,25,17,39835,0,0,0,A,Medford city,Massachusetts,56173,56164,56258,56596,56982,57139,57116,57333,57213
157,25,17,40115,0,0,0,A,Melrose city,Massachusetts,26983,26987,27042,27258,27456,27756,27902,27906,27928
157,25,17,45560,0,0,0,A,Newton city,Massachusetts,85146,85119,85405,85897,87186,87786,88510,88978,89045
157,25,17,62535,0,0,0,A,Somerville city,Massachusetts,75754,75725,75903,76791,77805,78956,79312,80184,81322
157,25,17,72600,0,0,0,A,Waltham city,Massachusetts,60632,60628,60876,61335,62003,62366,63043,63022,63002
157,25,17,73440,0,0,0,A,Watertown Town city,Massachusetts,31915,31914,31993,32226,32893,33093,34073,34212,35025
157,25,17,81035,0,0,0,A,Woburn city,Massachusetts,38120,38134,38301,38641,38866,39126,39228,39421,39452
157,25,17,99990,0,0,0,F,Balance of Middlesex County,Massachusetts,777065,777037,779751,790482,800070,809895,816128,822881,828701
61,25,17,0,380,0,1,A,Acton town,Massachusetts,21924,21924,21988,22273,22682,22969,23253,23508,23633
61,25,17,0,1605,0,1,A,Arlington town,Massachusetts,42844,42844,42939,43329,43749,44166,44398,44682,45052
61,25,17,0,1955,0,1,A,Ashby town,Massachusetts,3074,3074,3082,3115,3156,3185,3203,3217,3222
61,25,17,0,2130,0,1,A,Ashland town,Massachusetts,16593,16593,16642,16836,17057,17248,17382,17644,17684
61,25,17,0,3005,0,1,A,Ayer town,Massachusetts,7427,7427,7464,7588,7710,7858,7899,8028,8119
61,25,17,0,4615,0,1,A,Bedford town,Massachusetts,13320,13320,13351,13544,13785,14048,14058,14167,14411
61,25,17,0,5070,0,1,A,Belmont town,Massachusetts,24729,24729,24775,24961,25228,25404,25470,25509,26171
61,25,17,0,5805,0,1,A,Billerica town,Massachusetts,40243,40243,40412,41069,41479,42039,42345,42644,42700
61,25,17,0,7350,0,1,A,Boxborough town,Massachusetts,4996,4996,5011,5059,5106,5138,5164,5191,5816
61,25,17,0,9840,0,1,A,Burlington town,Massachusetts,24498,24498,24582,24940,25247,25481,25653,25800,26351
61,25,17,0,11000,0,0,F,Cambridge city,Massachusetts,105162,105201,105019,105770,106044,107640,109532,109856,110651
71,25,17,11000,11000,0,1,A,Cambridge city,Massachusetts,105162,105201,105019,105770,106044,107640,109532,109856,110651
61,25,17,0,11525,0,1,A,Carlisle town,Massachusetts,4852,4852,4870,4928,4996,5057,5098,5227,5244
61,25,17,0,13135,0,1,A,Chelmsford town,Massachusetts,33802,33802,33899,34242,34558,34795,34966,35057,35152
61,25,17,0,15060,0,1,A,Concord town,Massachusetts,17668,17668,17747,18747,18948,19257,19462,19714,19809
61,25,17,0,17475,0,1,A,Dracut town,Massachusetts,29457,29457,29562,29971,30347,30692,31035,31258,31352
61,25,17,0,17825,0,1,A,Dunstable town,Massachusetts,3179,3179,3187,3216,3254,3284,3307,3335,3357
61,25,17,0,21990,0,0,F,Everett city,Massachusetts,41667,41667,41774,42296,42853,43447,44656,45918,46340
71,25,17,21990,21990,0,1,A,Everett city,Massachusetts,41667,41667,41774,42296,42853,43447,44656,45918,46340
61,25,17,0,24925,0,1,A,Framingham town,Massachusetts,68318,68326,68647,69593,69996,70514,70740,70916,71594
61,25,17,0,27480,0,1,A,Groton town,Massachusetts,10646,10646,10686,10911,11030,11129,11203,11260,11297
61,25,17,0,30700,0,1,A,Holliston town,Massachusetts,13547,13543,13585,13835,14014,14177,14356,14472,14556
61,25,17,0,31085,0,1,A,Hopkinton town,Massachusetts,14925,14925,14988,15258,15495,15921,16283,16620,16978
61,25,17,0,31540,0,1,A,Hudson town,Massachusetts,19063,19063,19112,19294,19470,19641,19719,19804,19826
61,25,17,0,35215,0,1,A,Lexington town,Massachusetts,31394,31394,31487,31924,32294,32782,32999,33241,33410
61,25,17,0,35425,0,1,A,Lincoln town,Massachusetts,6362,6362,6380,6444,6504,6566,6594,6782,6785
61,25,17,0,35950,0,1,A,Littleton town,Massachusetts,8924,8924,8949,9041,9140,9263,9385,9879,10000
61,25,17,0,37000,0,0,F,Lowell city,Massachusetts,106519,106519,106733,107586,108562,109578,110053,110656,110558
71,25,17,37000,37000,0,1,A,Lowell city,Massachusetts,106519,106519,106733,107586,108562,109578,110053,110656,110558
61,25,17,0,37875,0,0,F,Malden city,Massachusetts,59450,59463,59589,59946,60355,60723,60819,60967,60840
71,25,17,37875,37875,0,1,A,Malden city,Massachusetts,59450,59463,59589,59946,60355,60723,60819,60967,60840
61,25,17,0,38715,0,0,F,Marlborough city,Massachusetts,38499,38499,38569,38893,39255,39451,39581,39703,39697
71,25,17,38715,38715,0,1,A,Marlborough city,Massachusetts,38499,38499,38569,38893,39255,39451,39581,39703,39697
61,25,17,0,39625,0,1,A,Maynard town,Massachusetts,10106,10110,10112,10219,10349,10455,10528,10642,10655
61,25,17,0,39835,0,0,F,Medford city,Massachusetts,56173,56164,56258,56596,56982,57139,57116,57333,57213
71,25,17,39835,39835,0,1,A,Medford city,Massachusetts,56173,56164,56258,56596,56982,57139,57116,57333,57213
61,25,17,0,40115,0,0,F,Melrose city,Massachusetts,26983,26987,27042,27258,27456,27756,27902,27906,27928
71,25,17,40115,40115,0,1,A,Melrose city,Massachusetts,26983,26987,27042,27258,27456,27756,27902,27906,27928
61,25,17,0,43895,0,1,A,Natick town,Massachusetts,33006,32997,33076,33385,33810,35286,35612,36131,36137
61,25,17,0,45560,0,0,F,Newton city,Massachusetts,85146,85119,85405,85897,87186,87786,88510,88978,89045
71,25,17,45560,45560,0,1,A,Newton city,Massachusetts,85146,85119,85405,85897,87186,87786,88510,88978,89045
61,25,17,0,48955,0,1,A,North Reading town,Massachusetts,14892,14892,14935,15102,15273,15395,15488,15590,15646
61,25,17,0,52805,0,1,A,Pepperell town,Massachusetts,11497,11497,11536,11692,11845,11970,12051,12129,12152
61,25,17,0,56130,0,1,A,Reading town,Massachusetts,24747,24733,24787,24996,25209,25375,25437,25616,25834
61,25,17,0,61380,0,1,A,Sherborn town,Massachusetts,4119,4119,4127,4167,4199,4246,4273,4287,4288
61,25,17,0,61590,0,1,A,Shirley town,Massachusetts,7211,7211,7300,7484,7607,7333,7327,7425,7464
61,25,17,0,62535,0,0,F,Somerville city,Massachusetts,75754,75725,75903,76791,77805,78956,79312,80184,81322
71,25,17,62535,62535,0,1,A,Somerville city,Massachusetts,75754,75725,75903,76791,77805,78956,79312,80184,81322
61,25,17,0,67665,0,1,A,Stoneham town,Massachusetts,21437,21275,21320,21463,21631,21785,21859,21935,21953
61,25,17,0,68050,0,1,A,Stow town,Massachusetts,6590,6586,6631,6760,6880,6962,7072,7101,7107
61,25,17,0,68260,0,1,A,Sudbury town,Massachusetts,17659,17659,17697,17924,18124,18374,18701,18838,18897
61,25,17,0,69415,0,1,A,Tewksbury town,Massachusetts,28961,28953,29083,29377,29874,30058,30238,30743,30906
61,25,17,0,70360,0,1,A,Townsend town,Massachusetts,8926,8926,8972,9062,9173,9264,9388,9485,9524
61,25,17,0,71025,0,1,A,Tyngsborough town,Massachusetts,11292,11292,11390,11782,11957,12073,12133,12231,12318
61,25,17,0,72215,0,1,A,Wakefield town,Massachusetts,24932,25095,25166,25414,25603,26126,26696,26782,26753
61,25,17,0,72600,0,0,F,Waltham city,Massachusetts,60632,60628,60876,61335,62003,62366,63043,63022,63002
71,25,17,72600,72600,0,1,A,Waltham city,Massachusetts,60632,60628,60876,61335,62003,62366,63043,63022,63002
61,25,17,0,73440,0,0,F,Watertown Town city,Massachusetts,31915,31914,31993,32226,32893,33093,34073,34212,35025
71,25,17,73440,73440,0,1,A,Watertown Town city,Massachusetts,31915,31914,31993,32226,32893,33093,34073,34212,35025
61,25,17,0,73790,0,1,A,Wayland town,Massachusetts,12994,12994,13026,13153,13298,13465,13522,13644,13827
61,25,17,0,76135,0,1,A,Westford town,Massachusetts,21951,21951,22034,22449,23233,23667,24012,24131,24232
61,25,17,0,77255,0,1,A,Weston town,Massachusetts,11261,11259,11364,11516,11712,11888,11955,12063,12111
61,25,17,0,80230,0,1,A,Wilmington town,Massachusetts,22325,22325,22391,22676,22961,23177,23323,23468,23570
61,25,17,0,80510,0,1,A,Winchester town,Massachusetts,21374,21374,21459,21743,22087,22382,22541,22685,22808
61,25,17,0,81035,0,0,F,Woburn city,Massachusetts,38120,38134,38301,38641,38866,39126,39228,39421,39452
71,25,17,81035,81035,0,1,A,Woburn city,Massachusetts,38120,38134,38301,38641,38866,39126,39228,39421,39452
50,25,19,0,0,0,0,N,Nantucket County,Massachusetts,10172,10172,10164,10137,10312,10529,10765,10858,11008
61,25,19,0,43790,0,1,A,Nantucket town,Massachusetts,10172,10172,10164,10137,10312,10529,10765,10858,11008
50,25,21,0,0,0,0,A,Norfolk County,Massachusetts,670850,670985,673106,678262,683121,688749,692143,694895,697181
157,25,21,7740,0,0,0,A,Braintree Town city,Massachusetts,35744,35726,35817,36095,36463,36942,37346,37334,37297
157,25,21,25172,0,0,0,A,Franklin Town city,Massachusetts,31635,31633,31857,32238,32438,32753,32965,33091,33150
157,25,21,55745,0,0,0,A,Quincy city,Massachusetts,92271,92266,92455,92524,92866,93305,93384,93462,93688
157,25,21,78972,0,0,0,A,Weymouth Town city,Massachusetts,53743,53762,53824,54183,55026,55480,55680,55852,55972
157,25,21,99990,0,0,0,S,Balance of Norfolk County,Massachusetts,457457,457598,459153,463222,466328,470269,472768,475156,477074
61,25,21,0,2935,0,1,A,Avon town,Massachusetts,4356,4354,4363,4386,4415,4463,4482,4487,4528
61,25,21,0,4930,0,1,A,Bellingham town,Massachusetts,16332,16412,16447,16509,16631,16773,16846,16936,17012
61,25,21,0,7740,0,0,F,Braintree Town city,Massachusetts,35744,35726,35817,36095,36463,36942,37346,37334,37297
71,25,21,7740,7740,0,1,A,Braintree Town city,Massachusetts,35744,35726,35817,36095,36463,36942,37346,37334,37297
61,25,21,0,9175,0,1,A,Brookline town,Massachusetts,58732,58683,58762,58900,59002,59306,59309,59106,59126
61,25,21,0,11315,0,1,A,Canton town,Massachusetts,21561,21581,21638,21779,21985,22252,22528,22774,23252
61,25,21,0,14640,0,1,A,Cohasset town,Massachusetts,7542,7540,7549,8140,8206,8282,8330,8374,8431
61,25,21,0,16495,0,1,A,Dedham town,Massachusetts,24729,24726,24817,24886,25066,25300,25373,25290,25263
61,25,21,0,17405,0,1,A,Dover town,Massachusetts,5589,5591,5605,5671,5734,5803,5878,5948,5983
61,25,21,0,24820,0,1,A,Foxborough town,Massachusetts,16865,16873,16913,16992,17127,17296,17387,17434,17519
61,25,21,0,25172,0,0,F,Franklin Town city,Massachusetts,31635,31633,31857,32238,32438,32753,32965,33091,33150
71,25,21,25172,25172,0,1,A,Franklin Town city,Massachusetts,31635,31633,31857,32238,32438,32753,32965,33091,33150
61,25,21,0,30455,0,1,A,Holbrook town,Massachusetts,10791,10806,10827,10872,10935,10989,11029,11033,11022
61,25,21,0,39765,0,1,A,Medfield town,Massachusetts,12024,12027,12056,12127,12237,12325,12397,12698,12888
61,25,21,0,39975,0,1,A,Medway town,Massachusetts,12752,12754,12786,12831,12961,13049,13168,13226,13308
61,25,21,0,41515,0,1,A,Millis town,Massachusetts,7891,7900,7913,7974,8017,8068,8107,8162,8182
61,25,21,0,41690,0,1,A,Milton town,Massachusetts,27003,27012,27064,27121,27235,27348,27415,27408,27351
61,25,21,0,44105,0,1,A,Needham town,Massachusetts,28886,28961,29154,29276,29474,29845,30279,30564,30755
61,25,21,0,46050,0,1,A,Norfolk town,Massachusetts,11227,11215,11242,11401,11514,11601,11763,11570,11723
61,25,21,0,50250,0,1,A,Norwood town,Massachusetts,28602,28609,28650,28715,28848,29004,29078,29028,29097
61,25,21,0,54100,0,1,A,Plainville town,Massachusetts,8264,8273,8304,8403,8474,8833,8953,9050,9173
61,25,21,0,55745,0,0,F,Quincy city,Massachusetts,92271,92266,92455,92524,92866,93305,93384,93462,93688
71,25,21,55745,55745,0,1,A,Quincy city,Massachusetts,92271,92266,92455,92524,92866,93305,93384,93462,93688
61,25,21,0,55955,0,1,A,Randolph town,Massachusetts,32112,32100,32434,32768,33268,33506,33615,33626,33610
61,25,21,0,60785,0,1,A,Sharon town,Massachusetts,17612,17555,17589,17873,18001,18187,18273,18286,18286
61,25,21,0,67945,0,1,A,Stoughton town,Massachusetts,26962,26995,27122,27767,27901,28211,28343,28388,28431
61,25,21,0,72495,0,1,A,Walpole town,Massachusetts,24070,24068,24142,24393,24643,24766,24925,25099,25125
61,25,21,0,74175,0,1,A,Wellesley town,Massachusetts,27982,27910,28069,28610,28645,28818,28777,29023,29215
61,25,21,0,78690,0,1,A,Westwood town,Massachusetts,14618,14622,14651,14716,14793,14888,15019,16044,16079
61,25,21,0,78972,0,0,F,Weymouth Town city,Massachusetts,53743,53762,53824,54183,55026,55480,55680,55852,55972
71,25,21,78972,78972,0,1,A,Weymouth Town city,Massachusetts,53743,53762,53824,54183,55026,55480,55680,55852,55972
61,25,21,0,82315,0,1,A,Wrentham town,Massachusetts,10955,11031,11056,11112,11216,11356,11494,11602,11715
50,25,23,0,0,0,0,A,Plymouth County,Massachusetts,494919,494949,495985,498268,499622,503281,506937,509880,513565
157,25,23,9000,0,0,0,A,Brockton city,Massachusetts,93810,93763,93812,94074,93987,94324,94732,95327,95630
157,25,23,99990,0,0,0,S,Balance of Plymouth County,Massachusetts,401109,401186,402173,404194,405635,408957,412205,414553,417935
61,25,23,0,170,0,1,A,Abington town,Massachusetts,15985,16026,16043,16072,16086,16158,16216,16251,16311
61,25,23,0,8085,0,1,A,Bridgewater town,Massachusetts,26563,26570,26711,26835,26903,27344,27527,27476,27596
61,25,23,0,9000,0,0,F,Brockton city,Massachusetts,93810,93763,93812,94074,93987,94324,94732,95327,95630
71,25,23,9000,9000,0,1,A,Brockton city,Massachusetts,93810,93763,93812,94074,93987,94324,94732,95327,95630
61,25,23,0,11665,0,1,A,Carver town,Massachusetts,11509,11490,11504,11505,11482,11523,11553,11601,11639
61,25,23,0,17895,0,1,A,Duxbury town,Massachusetts,15059,15060,15083,15109,15155,15284,15369,15466,15926
61,25,23,0,18455,0,1,A,East Bridgewater town,Massachusetts,13794,13797,13816,13903,13963,14085,14260,14336,14452
61,25,23,0,27795,0,1,A,Halifax town,Massachusetts,7518,7517,7531,7566,7594,7666,7759,7827,7895
61,25,23,0,28285,0,1,A,Hanover town,Massachusetts,13879,13873,13900,13929,14144,14259,14340,14405,14485
61,25,23,0,28495,0,1,A,Hanson town,Massachusetts,10209,10201,10220,10258,10278,10315,10424,10613,10758
61,25,23,0,30210,0,1,A,Hingham town,Massachusetts,22157,22155,22201,22285,22492,22734,22941,23118,23202
61,25,23,0,31645,0,1,A,Hull town,Massachusetts,10293,10293,10309,10331,10350,10411,10450,10483,10510
61,25,23,0,33220,0,1,A,Kingston town,Massachusetts,12629,12628,12640,12711,12765,12924,13114,13290,13462
61,25,23,0,33920,0,1,A,Lakeville town,Massachusetts,10602,10610,10726,10795,10893,11182,11224,11291,11380
61,25,23,0,38540,0,1,A,Marion town,Massachusetts,4907,4907,4920,4927,4910,4937,5062,5076,5091
61,25,23,0,38855,0,1,A,Marshfield town,Massachusetts,25132,25124,25210,25342,25400,25485,25609,25679,25807
61,25,23,0,39450,0,1,A,Mattapoisett town,Massachusetts,6045,6045,6056,6082,6111,6171,6215,6263,6306
61,25,23,0,40850,0,1,A,Middleborough town,Massachusetts,23116,23114,23155,23274,23406,23721,23975,24338,24782
61,25,23,0,50145,0,1,A,Norwell town,Massachusetts,10506,10514,10531,10579,10619,10704,10875,10967,11052
61,25,23,0,52630,0,1,A,Pembroke town,Massachusetts,17837,17844,17877,17929,17959,18097,18185,18263,18358
61,25,23,0,54310,0,1,A,Plymouth town,Massachusetts,56468,56473,56662,57145,57277,57609,58306,58659,59303
61,25,23,0,54415,0,1,A,Plympton town,Massachusetts,2820,2839,2848,2861,2866,2889,2912,2935,2956
61,25,23,0,57600,0,1,A,Rochester town,Massachusetts,5232,5235,5247,5305,5325,5382,5441,5492,5538
61,25,23,0,57775,0,1,A,Rockland town,Massachusetts,17489,17478,17498,17541,17580,17649,17744,17808,17861
61,25,23,0,60330,0,1,A,Scituate town,Massachusetts,18133,18136,18161,18177,18184,18297,18392,18460,18598
61,25,23,0,72985,0,1,A,Wareham town,Massachusetts,21822,21841,21873,22222,22343,22420,22480,22519,22601
61,25,23,0,75260,0,1,A,West Bridgewater town,Massachusetts,6916,6927,6937,6945,6948,7006,7059,7100,7147
61,25,23,0,79530,0,1,A,Whitman town,Massachusetts,14489,14489,14514,14566,14602,14705,14773,14837,14919
50,25,25,0,0,0,0,N,Suffolk County,Massachusetts,722023,722079,725361,736602,749469,759670,768537,776688,784230
157,25,25,7000,0,0,0,A,Boston city,Massachusetts,617594,617668,620701,630195,641911,651090,659180,665984,673184
157,25,25,13205,0,0,0,A,Chelsea city,Massachusetts,35177,35177,35310,36131,36711,37355,38205,39278,39699
157,25,25,56585,0,0,0,A,Revere city,Massachusetts,51755,51737,51829,52529,52970,53265,53142,53307,53157
157,25,25,81005,0,0,0,A,Winthrop Town city,Massachusetts,17497,17497,17521,17747,17877,17960,18010,18119,18190
61,25,25,0,7000,0,0,F,Boston city,Massachusetts,617594,617668,620701,630195,641911,651090,659180,665984,673184
71,25,25,7000,7000,0,1,A,Boston city,Massachusetts,617594,617668,620701,630195,641911,651090,659180,665984,673184
61,25,25,0,13205,0,0,F,Chelsea city,Massachusetts,35177,35177,35310,36131,36711,37355,38205,39278,39699
71,25,25,13205,13205,0,1,A,Chelsea city,Massachusetts,35177,35177,35310,36131,36711,37355,38205,39278,39699
61,25,25,0,56585,0,0,F,Revere city,Massachusetts,51755,51737,51829,52529,52970,53265,53142,53307,53157
71,25,25,56585,56585,0,1,A,Revere city,Massachusetts,51755,51737,51829,52529,52970,53265,53142,53307,53157
61,25,25,0,81005,0,0,F,Winthrop Town city,Massachusetts,17497,17497,17521,17747,17877,17960,18010,18119,18190
71,25,25,81005,81005,0,1,A,Winthrop Town city,Massachusetts,17497,17497,17521,17747,17877,17960,18010,18119,18190
50,25,27,0,0,0,0,N,Worcester County,Massachusetts,798552,798388,800280,803752,806209,810230,814299,817618,819589
157,25,27,23875,0,0,0,A,Fitchburg city,Massachusetts,40318,40318,40423,40375,40417,40437,40467,40464,40414
157,25,27,25485,0,0,0,A,Gardner city,Massachusetts,20228,20228,20164,20197,20317,20347,20255,20417,20430
157,25,27,35075,0,0,0,A,Leominster city,Massachusetts,40759,40759,40776,40887,40905,41068,41405,41468,41663
157,25,27,63345,0,0,0,A,Southbridge Town city,Massachusetts,16719,16719,16733,16750,16783,16813,16832,16857,16831
157,25,27,82000,0,0,0,A,Worcester city,Massachusetts,181045,180983,181810,182321,182373,183006,184005,184491,184508
157,25,27,99990,0,0,0,F,Balance of Worcester County,Massachusetts,499483,499381,500374,503222,505414,508559,511335,513921,515743
61,25,27,0,1885,0,1,A,Ashburnham town,Massachusetts,6081,6081,6090,6114,6140,6159,6175,6198,6227
61,25,27,0,2480,0,1,A,Athol town,Massachusetts,11584,11577,11609,11616,11634,11632,11617,11636,11619
61,25,27,0,2760,0,1,A,Auburn town,Massachusetts,16188,16188,16197,16238,16284,16330,16402,16477,16499
61,25,27,0,3740,0,1,A,Barre town,Massachusetts,5398,5398,5401,5404,5413,5439,5459,5487,5498
61,25,27,0,5490,0,1,A,Berlin town,Massachusetts,2866,2866,2868,2885,2990,3031,3064,3103,3127
61,25,27,0,6015,0,1,A,Blackstone town,Massachusetts,9026,9014,9016,9029,9051,9071,9073,9073,9064
61,25,27,0,6365,0,1,A,Bolton town,Massachusetts,4897,4897,4926,4979,5014,5075,5129,5171,5218
61,25,27,0,7525,0,1,A,Boylston town,Massachusetts,4355,4355,4356,4355,4392,4433,4473,4527,4569
61,25,27,0,9105,0,1,A,Brookfield town,Massachusetts,3390,3375,3377,3379,3384,3383,3382,3390,3393
61,25,27,0,12715,0,1,A,Charlton town,Massachusetts,12981,12981,13000,13059,13124,13178,13298,13383,13438
61,25,27,0,14395,0,1,A,Clinton town,Massachusetts,13606,13606,13626,13637,13675,13717,13740,13782,13799
61,25,27,0,17300,0,1,A,Douglas town,Massachusetts,8471,8470,8476,8529,8570,8625,8674,8710,8743
61,25,27,0,17685,0,1,A,Dudley town,Massachusetts,11390,11390,11479,11496,11430,11558,11604,11711,11747
61,25,27,0,18560,0,1,A,East Brookfield town,Massachusetts,2183,2183,2185,2184,2185,2187,2185,2184,2179
61,25,27,0,23875,0,0,F,Fitchburg city,Massachusetts,40318,40318,40423,40375,40417,40437,40467,40464,40414
71,25,27,23875,23875,0,1,A,Fitchburg city,Massachusetts,40318,40318,40423,40375,40417,40437,40467,40464,40414
61,25,27,0,25485,0,0,F,Gardner city,Massachusetts,20228,20228,20164,20197,20317,20347,20255,20417,20430
71,25,27,25485,25485,0,1,A,Gardner city,Massachusetts,20228,20228,20164,20197,20317,20347,20255,20417,20430
61,25,27,0,26430,0,1,A,Grafton town,Massachusetts,17765,17763,17786,17887,18044,18162,18357,18506,18607
61,25,27,0,28740,0,1,A,Hardwick town,Massachusetts,2990,2990,2992,2994,2997,3003,3006,3005,3005
61,25,27,0,28950,0,1,A,Harvard town,Massachusetts,6520,6520,6533,6540,6550,6566,6563,6559,6562
61,25,27,0,30560,0,1,A,Holden town,Massachusetts,17346,17355,17380,17520,17652,17996,18473,18621,18799
61,25,27,0,30945,0,1,A,Hopedale town,Massachusetts,5911,5911,5913,5923,5932,5952,5946,5944,5948
61,25,27,0,31435,0,1,A,Hubbardston town,Massachusetts,4382,4382,4396,4406,4429,4464,4517,4585,4645
61,25,27,0,34165,0,1,A,Lancaster town,Massachusetts,8055,8055,8068,7926,7955,8058,8103,8151,8186
61,25,27,0,34795,0,1,A,Leicester town,Massachusetts,10970,10914,10932,11010,11121,11197,11214,11271,11298
61,25,27,0,35075,0,0,F,Leominster city,Massachusetts,40759,40759,40776,40887,40905,41068,41405,41468,41663
71,25,27,35075,35075,0,1,A,Leominster city,Massachusetts,40759,40759,40776,40887,40905,41068,41405,41468,41663
61,25,27,0,37420,0,1,A,Lunenburg town,Massachusetts,10086,10086,10096,10841,10888,11039,11101,11222,11258
61,25,27,0,40255,0,1,A,Mendon town,Massachusetts,5839,5839,5846,5861,5879,5905,5954,6011,6032
61,25,27,0,41165,0,1,A,Milford town,Massachusetts,27999,27997,28035,28112,28195,28287,28478,28578,28646
61,25,27,0,41340,0,1,A,Millbury town,Massachusetts,13261,13236,13241,13263,13301,13386,13419,13488,13561
61,25,27,0,41585,0,1,A,Millville town,Massachusetts,3190,3189,3191,3191,3201,3213,3220,3227,3242
61,25,27,0,45105,0,1,A,New Braintree town,Massachusetts,999,999,1002,1009,1017,1023,1021,1020,1018
61,25,27,0,46820,0,1,A,Northborough town,Massachusetts,14155,14157,14394,14669,14649,14753,14901,14965,14994
61,25,27,0,46925,0,1,A,Northbridge town,Massachusetts,15707,15707,15731,15887,16163,16298,16395,16500,16556
61,25,27,0,47135,0,1,A,North Brookfield town,Massachusetts,4680,4680,4688,4703,4723,4749,4760,4781,4800
61,25,27,0,50670,0,1,A,Oakham town,Massachusetts,1902,1902,1903,1907,1912,1918,1920,1926,1934
61,25,27,0,51825,0,1,A,Oxford town,Massachusetts,13709,13709,13715,13739,13777,13810,13844,13896,13911
61,25,27,0,52420,0,1,A,Paxton town,Massachusetts,4806,4806,4826,4860,4838,4849,4846,4844,4878
61,25,27,0,53120,0,1,A,Petersham town,Massachusetts,1234,1234,1235,1239,1241,1245,1245,1244,1242
61,25,27,0,53225,0,1,A,Phillipston town,Massachusetts,1682,1689,1690,1699,1713,1727,1733,1744,1746
61,25,27,0,55395,0,1,A,Princeton town,Massachusetts,3413,3413,3418,3437,3444,3455,3459,3464,3462
61,25,27,0,58580,0,1,A,Royalston town,Massachusetts,1258,1258,1259,1259,1265,1269,1268,1272,1270
61,25,27,0,58825,0,1,A,Rutland town,Massachusetts,7973,7973,8000,8125,8216,8305,8393,8510,8579
61,25,27,0,61800,0,1,A,Shrewsbury town,Massachusetts,35608,35608,35670,35905,36086,36327,36544,36744,36760
61,25,27,0,63165,0,1,A,Southborough town,Massachusetts,9767,9767,9774,9818,9851,9897,9933,10021,10087
61,25,27,0,63345,0,0,F,Southbridge Town city,Massachusetts,16719,16719,16733,16750,16783,16813,16832,16857,16831
71,25,27,63345,63345,0,1,A,Southbridge Town city,Massachusetts,16719,16719,16733,16750,16783,16813,16832,16857,16831
61,25,27,0,66105,0,1,A,Spencer town,Massachusetts,11688,11688,11693,11721,11749,11778,11796,11789,11880
61,25,27,0,67385,0,1,A,Sterling town,Massachusetts,7808,7808,7814,7832,7850,7888,7937,7990,8055
61,25,27,0,68155,0,1,A,Sturbridge town,Massachusetts,9268,9268,9282,9318,9350,9412,9458,9498,9551
61,25,27,0,68610,0,1,A,Sutton town,Massachusetts,8963,8964,8973,9020,9078,9138,9197,9256,9333
61,25,27,0,69275,0,1,A,Templeton town,Massachusetts,8013,8013,8034,8047,8081,8144,8160,8148,8157
61,25,27,0,71480,0,1,A,Upton town,Massachusetts,7542,7542,7555,7606,7641,7670,7695,7712,7773
61,25,27,0,71620,0,1,A,Uxbridge town,Massachusetts,13457,13457,13469,13526,13586,13698,13770,13863,13913
61,25,27,0,73090,0,1,A,Warren town,Massachusetts,5135,5135,5139,5143,5148,5174,5175,5181,5177
61,25,27,0,73895,0,1,A,Webster town,Massachusetts,16767,16767,16777,16787,16804,16834,16828,16856,16857
61,25,27,0,75015,0,1,A,Westborough town,Massachusetts,18272,18274,18285,18410,18386,18605,18765,18873,18946
61,25,27,0,75155,0,1,A,West Boylston town,Massachusetts,7669,7669,7719,7754,7854,7835,7847,7823,7831
61,25,27,0,75400,0,1,A,West Brookfield town,Massachusetts,3701,3699,3704,3715,3741,3753,3765,3768,3758
61,25,27,0,77010,0,1,A,Westminster town,Massachusetts,7277,7277,7285,7307,7346,7408,7454,7555,7633
61,25,27,0,80405,0,1,A,Winchendon town,Massachusetts,10300,10300,10325,10402,10475,10551,10600,10678,10733
61,25,27,0,82000,0,0,F,Worcester city,Massachusetts,181045,180983,181810,182321,182373,183006,184005,184491,184508
71,25,27,82000,82000,0,1,A,Worcester city,Massachusetts,181045,180983,181810,182321,182373,183006,184005,184491,184508
