SUMLEV,STATE,COUNTY,PLACE,COUSUB,CONCIT,PRIMGEO_FLAG,FUNCSTAT,NAME,STNAME,CENSUS2010POP,ESTIMATESBASE2010,POPESTIMATE2010,POPESTIMATE2011,POPESTIMATE2012,POPESTIMATE2013,POPESTIMATE2014,POPESTIMATE2015,POPESTIMATE2016,POPESTIMATE2017,POPESTIMATE2018,POPESTIMATE2019
040,25,000,00000,00000,00000,0,A,Massachusetts,Massachusetts,6547629,6547785,6566307,6613583,6663005,6713315,6762596,6794228,6823608,6859789,6882635,6892503
162,25,000,00840,00000,00000,0,A,Agawam Town city,Massachusetts,28438,28438,28451,28608,28653,28726,28733,28762,28696,28683,28733,28613
162,25,000,01260,00000,00000,0,A,Amesbury Town city,Massachusetts,16283,16286,16323,16429,16535,16738,17224,17287,17327,17459,17510,17532
162,25,000,02690,00000,00000,0,A,Attleboro city,Massachusetts,43593,43568,43586,43666,43811,43932,44130,44304,44418,44779,45162,45237
162,25,000,03690,00000,00000,0,A,Barnstable Town city,Massachusetts,45193,45188,45149,44860,44747,44593,44488,44308,44215,44361,44662,44477
162,25,000,05595,00000,00000,0,A,Beverly city,Massachusetts,39502,39504,39729,40091,40390,40846,41220,41506,41625,41936,42195,42174
162,25,000,07000,00000,00000,0,A,Boston city,Massachusetts,617594,617792,621048,630505,642955,653002,662855,670491,679848,687788,691147,692600
162,25,000,07740,00000,00000,0,A,Braintree Town city,Massachusetts,35744,35726,35804,36017,36345,36782,37174,37176,37194,37256,37225,37190
162,25,000,08130,00000,00000,0,A,Bridgewater Town city,Massachusetts,A,26569,26708,26825,26888,27308,27498,27436,27382,27279,27441,27619
162,25,000,09000,00000,00000,0,A,Brockton city,Massachusetts,93810,93767,93809,94117,94050,94361,94858,95425,95441,95682,95723,95708
162,25,000,11000,00000,00000,0,A,Cambridge city,Massachusetts,105162,105148,105008,105884,107886,112036,112993,113471,115685,116869,118151,118927
162,25,000,13205,00000,00000,0,A,Chelsea city,Massachusetts,35177,35181,35341,36207,36911,37644,38685,39735,40261,40287,39937,39690
162,25,000,13660,00000,00000,0,A,Chicopee city,Massachusetts,55298,55307,55306,55630,55840,55923,56274,55820,55342,55336,55424,55126
162,25,000,19370,00000,00000,0,A,Easthampton Town city,Massachusetts,16053,16049,16052,16073,16109,16080,16051,15996,16038,16008,15934,15829
162,25,000,21990,00000,00000,0,A,Everett city,Massachusetts,41667,41553,41658,42148,42642,43126,44365,45527,45908,46101,46633,46451
162,25,000,23000,00000,00000,0,A,Fall River city,Massachusetts,88857,88865,88882,88827,88852,88992,89148,89258,89287,89298,89630,89541
162,25,000,23875,00000,00000,0,A,Fitchburg city,Massachusetts,40318,40325,40442,40428,40512,40570,40666,40684,40676,40762,40745,40638
162,25,000,24960,00000,00000,0,A,Framingham city,Massachusetts,A,68323,68665,69656,70061,70411,70786,70938,71459,71784,72909,74416
162,25,000,25172,00000,00000,0,A,Franklin Town city,Massachusetts,31635,31633,31847,32166,32333,32611,32814,32886,32977,33166,33201,34087
162,25,000,25485,00000,00000,0,A,Gardner city,Massachusetts,20228,20233,20174,20223,20368,20409,20344,20519,20539,20636,20672,20683
162,25,000,26150,00000,00000,0,A,Gloucester city,Massachusetts,28789,28789,28872,29056,29273,29521,29734,29897,29982,30162,30327,30430
162,25,000,27100,00000,00000,0,A,Greenfield Town city,Massachusetts,17456,17450,17430,17605,17632,17486,17602,17431,17421,17384,17379,17258
162,25,000,29405,00000,00000,0,A,Haverhill city,Massachusetts,60879,60878,60999,61505,61860,62272,62605,62861,63200,63664,63926,64014
162,25,000,30840,00000,00000,0,A,Holyoke city,Massachusetts,39880,39881,39917,40157,40221,40132,40697,40357,40262,40223,40314,40117
162,25,000,34550,00000,00000,0,A,Lawrence city,Massachusetts,76377,76343,76551,77260,77910,78382,79182,79699,79818,80003,80112,80028
162,25,000,35075,00000,00000,0,A,Leominster city,Massachusetts,40759,40760,40782,40907,40946,41121,41500,41562,41406,41603,41727,41716
162,25,000,37000,00000,00000,0,A,Lowell city,Massachusetts,106519,106525,106782,107774,108803,109757,110537,111142,111226,111738,111362,110997
162,25,000,37490,00000,00000,0,A,Lynn city,Massachusetts,90329,90324,90532,90709,91437,92025,92565,93057,93185,93915,94336,94299
162,25,000,37875,00000,00000,0,A,Malden city,Massachusetts,59450,59536,59691,60131,60591,60938,61217,61383,61276,61079,60735,60470
162,25,000,38715,00000,00000,0,A,Marlborough city,Massachusetts,38499,38501,38583,38940,39307,39468,39691,39797,39782,39791,39716,39597
162,25,000,39835,00000,00000,0,A,Medford city,Massachusetts,56173,56280,56400,56824,57255,57399,57551,57792,57820,57772,57554,57341
162,25,000,40115,00000,00000,0,A,Melrose city,Massachusetts,26983,26967,27037,27294,27516,27807,28039,28052,28114,28205,28103,28016
162,25,000,40710,00000,00000,0,A,Methuen Town city,Massachusetts,47255,47328,47445,47798,48129,48706,49384,49797,49953,50308,50565,50706
162,25,000,45000,00000,00000,0,A,New Bedford city,Massachusetts,95072,95071,95059,94896,94998,95065,95121,95128,95135,95083,95371,95363
162,25,000,45245,00000,00000,0,A,Newburyport city,Massachusetts,17416,17410,17440,17520,17577,17714,17847,17873,17929,18065,18193,18289
162,25,000,45560,00000,00000,0,A,Newton city,Massachusetts,85146,85089,85373,85827,87029,87479,88269,88588,88569,88836,88641,88414
162,25,000,46225,00000,00000,0,A,North Adams city,Massachusetts,13708,13693,13764,13632,13623,13469,13391,13185,13082,12969,12842,12730
162,25,000,46330,00000,00000,0,A,Northampton city,Massachusetts,28549,28560,28663,28731,28737,28609,28576,28399,28550,28583,28603,28451
162,25,000,52144,00000,00000,0,A,Palmer Town city,Massachusetts,12140,12138,12141,12179,12193,12209,12224,12211,12232,12237,12286,12232
162,25,000,52490,00000,00000,0,A,Peabody city,Massachusetts,51251,51266,51399,51632,51904,52224,52463,52629,52759,52948,53092,53070
162,25,000,53960,00000,00000,0,A,Pittsfield city,Massachusetts,44737,44743,44716,44411,44411,44127,43824,43366,43036,42765,42541,42142
162,25,000,55745,00000,00000,0,A,Quincy city,Massachusetts,92271,92262,92457,92544,92973,93470,93685,93766,94130,94322,94403,94470
162,25,000,56000,00000,00000,0,A,Randolph Town city,Massachusetts,A,32100,32439,32758,33264,33493,33639,33633,33648,34342,34367,34362
162,25,000,56585,00000,00000,0,A,Revere city,Massachusetts,51755,51713,51845,52628,53241,53694,53802,53960,53942,54071,53483,53073
162,25,000,59105,00000,00000,0,A,Salem city,Massachusetts,41340,41312,41823,41995,42316,42668,42988,43239,43233,43299,43272,43226
162,25,000,62535,00000,00000,0,A,Somerville city,Massachusetts,75754,75701,75877,76710,77620,78573,78991,79715,80936,81204,81357,81360
162,25,000,63345,00000,00000,0,A,Southbridge Town city,Massachusetts,16719,16709,16723,16749,16791,16798,16835,16859,16866,16897,16907,16878
162,25,000,67000,00000,00000,0,A,Springfield city,Massachusetts,153060,153132,153569,153773,153933,154056,154376,154582,154028,154207,154329,153606
162,25,000,69170,00000,00000,0,A,Taunton city,Massachusetts,55874,55826,55851,55876,55990,56109,56659,56838,56939,56982,57365,57464
162,25,000,72600,00000,00000,0,A,Waltham city,Massachusetts,60632,60638,60889,61382,62047,62327,63114,63003,62939,62822,62563,62495
162,25,000,73440,00000,00000,0,A,Watertown Town city,Massachusetts,31915,31986,32080,32357,33050,33238,34308,34385,35141,35741,35846,35939
162,25,000,76030,00000,00000,0,A,Westfield city,Massachusetts,41094,41090,41118,41436,41295,41589,41664,41716,41561,41405,41324,41204
162,25,000,77890,00000,00000,0,A,West Springfield Town city,Massachusetts,28391,28391,28357,28542,28630,28616,28653,28661,28602,28577,28639,28517
162,25,000,78972,00000,00000,0,A,Weymouth Town city,Massachusetts,53743,53762,53828,54177,55058,55452,55725,55798,55924,56695,57511,57746
162,25,000,81005,00000,00000,0,A,Winthrop Town city,Massachusetts,17497,17497,17538,17801,17996,18148,18288,18405,18525,18660,18580,18544
162,25,000,81035,00000,00000,0,A,Woburn city,Massachusetts,38120,38882,39063,39439,39679,39905,40101,40280,40341,40382,40284,40228
162,25,000,82000,00000,00000,0,A,Worcester city,Massachusetts,181045,180891,181759,182387,182575,183327,184559,184627,184859,185325,185555,185428
050,25,001,00000,00000,00000,0,A,Barnstable County,Massachusetts,215888,215880,215899,215356,214788,214518,214289,213877,213559,213581,213471,212990
157,25,001,03690,00000,00000,0,A,Barnstable Town city,Massachusetts,45193,45188,45149,44860,44747,44593,44488,44308,44215,44361,44662,44477
157,25,001,99990,00000,00000,0,F,Balance of Barnstable County,Massachusetts,170695,170692,170750,170496,170041,169925,169801,169569,169344,169220,168809,168513
061,25,001,00000,03690,00000,0,F,Barnstable Town city,Massachusetts,45193,45188,45149,44860,44747,44593,44488,44308,44215,44361,44662,44477
071,25,001,03690,03690,00000,1,A,Barnstable Town city,Massachusetts,45193,45188,45149,44860,44747,44593,44488,44308,44215,44361,44662,44477
061,25,001,00000,07175,00000,1,A,Bourne town,Massachusetts,19754,19748,19764,19800,19754,19729,19726,19838,19866,19840,19822,19762
061,25,001,00000,07980,00000,1,A,Brewster town,Massachusetts,9820,9825,9859,9840,9820,9799,9940,9888,9851,9849,9811,9775
061,25,001,00000,12995,00000,1,A,Chatham town,Massachusetts,6125,6124,6118,6100,6094,6087,6067,6038,6029,6024,5996,5982
061,25,001,00000,16775,00000,1,A,Dennis town,Massachusetts,14207,14221,14219,14169,14113,14075,14047,14015,13988,13937,13899,13871
061,25,001,00000,19295,00000,1,A,Eastham town,Massachusetts,4956,4956,4956,4942,4927,4924,4921,4908,4897,4886,4873,4906
061,25,001,00000,23105,00000,1,A,Falmouth town,Massachusetts,31531,31532,31539,31563,31496,31464,31360,31287,31173,31126,31008,30993
061,25,001,00000,29020,00000,1,A,Harwich town,Massachusetts,12243,12223,12232,12213,12176,12169,12171,12150,12136,12150,12161,12142
061,25,001,00000,39100,00000,1,A,Mashpee town,Massachusetts,14006,14004,14000,13966,13924,13942,13986,14058,14121,14199,14203,14229
061,25,001,00000,51440,00000,1,A,Orleans town,Massachusetts,5890,5889,5894,5877,5862,5851,5850,5829,5826,5825,5799,5788
061,25,001,00000,55500,00000,1,A,Provincetown town,Massachusetts,2942,2942,2947,2939,2942,2945,2947,2960,2966,2979,2968,2961
061,25,001,00000,59735,00000,1,A,Sandwich town,Massachusetts,20675,20676,20669,20618,20569,20550,20488,20400,20344,20313,20239,20169
061,25,001,00000,70605,00000,1,A,Truro town,Massachusetts,2003,2005,2006,2005,2003,2013,2009,2004,2009,2009,2005,2008
061,25,001,00000,74385,00000,1,A,Wellfleet town,Massachusetts,2750,2750,2750,2741,2739,2736,2739,2736,2738,2738,2730,2724
061,25,001,00000,82525,00000,1,A,Yarmouth town,Massachusetts,23793,23797,23797,23723,23622,23641,23550,23458,23400,23345,23295,23203
050,25,003,00000,00000,00000,0,N,Berkshire County,Massachusetts,131219,131274,131317,130547,130284,129488,128856,127858,127067,126353,125901,124944
157,25,003,46225,00000,00000,0,A,North Adams city,Massachusetts,13708,13693,13764,13632,13623,13469,13391,13185,13082,12969,12842,12730
157,25,003,53960,00000,00000,0,A,Pittsfield city,Massachusetts,44737,44743,44716,44411,44411,44127,43824,43366,43036,42765,42541,42142
157,25,003,99990,00000,00000,0,F,Balance of Berkshire County,Massachusetts,72774,72838,72837,72504,72250,71892,71641,71307,70949,70619,70518,70072
061,25,003,00000,00555,00000,1,A,Adams town,Massachusetts,8485,8486,8481,8426,8422,8381,8318,8238,8174,8120,8086,8010
061,25,003,00000,00975,00000,1,A,Alford town,Massachusetts,494,498,498,499,499,497,498,496,494,492,491,488
061,25,003,00000,04545,00000,1,A,Becket town,Massachusetts,1779,1782,1777,1776,1778,1772,1765,1752,1739,1730,1730,1716
061,25,003,00000,13345,00000,1,A,Cheshire town,Massachusetts,3235,3235,3234,3225,3227,3214,3199,3176,3162,3156,3151,3129
061,25,003,00000,14010,00000,1,A,Clarksburg town,Massachusetts,1702,1707,1706,1695,1699,1692,1684,1670,1662,1654,1649,1638
061,25,003,00000,16180,00000,1,A,Dalton town,Massachusetts,6756,6751,6753,6741,6757,6740,6716,6677,6646,6607,6585,6525
061,25,003,00000,21360,00000,1,A,Egremont town,Massachusetts,1225,1223,1223,1224,1227,1223,1215,1208,1206,1207,1210,1205
061,25,003,00000,24120,00000,1,A,Florida town,Massachusetts,752,760,759,757,758,752,747,737,732,727,722,715
061,25,003,00000,26815,00000,1,A,Great Barrington town,Massachusetts,7104,7104,7097,7033,7053,7009,6942,6905,6908,6864,6904,6945
061,25,003,00000,28180,00000,1,A,Hancock town,Massachusetts,717,719,721,721,719,715,714,707,705,702,702,696
061,25,003,00000,30315,00000,1,A,Hinsdale town,Massachusetts,2032,2025,2023,2011,2010,1997,1981,1961,1945,1932,1924,1911
061,25,003,00000,34340,00000,1,A,Lanesborough town,Massachusetts,3091,3090,3087,3069,3067,3048,3027,3002,2983,2972,2964,2940
061,25,003,00000,34655,00000,1,A,Lee town,Massachusetts,5943,5948,5951,5920,5927,5891,5845,5808,5776,5739,5720,5664
061,25,003,00000,34970,00000,1,A,Lenox town,Massachusetts,5025,5072,5069,5053,5055,5046,5008,4984,4974,4964,4965,4944
061,25,003,00000,42460,00000,1,A,Monterey town,Massachusetts,961,956,955,952,953,951,951,943,937,934,932,924
061,25,003,00000,43300,00000,1,A,Mount Washington town,Massachusetts,167,167,167,166,166,165,164,162,161,160,158,157
061,25,003,00000,44385,00000,1,A,New Ashford town,Massachusetts,228,228,228,226,226,225,223,223,223,224,225,223
061,25,003,00000,45420,00000,1,A,New Marlborough town,Massachusetts,1509,1513,1512,1507,1507,1505,1498,1483,1476,1471,1469,1458
061,25,003,00000,46225,00000,0,F,North Adams city,Massachusetts,13708,13693,13764,13632,13623,13469,13391,13185,13082,12969,12842,12730
071,25,003,46225,46225,00000,1,A,North Adams city,Massachusetts,13708,13693,13764,13632,13623,13469,13391,13185,13082,12969,12842,12730
061,25,003,00000,51580,00000,1,A,Otis town,Massachusetts,1612,1612,1611,1604,1604,1596,1587,1575,1565,1556,1551,1539
061,25,003,00000,53050,00000,1,A,Peru town,Massachusetts,847,847,848,853,853,848,848,848,843,840,838,834
061,25,003,00000,53960,00000,0,F,Pittsfield city,Massachusetts,44737,44743,44716,44411,44411,44127,43824,43366,43036,42765,42541,42142
071,25,003,53960,53960,00000,1,A,Pittsfield city,Massachusetts,44737,44743,44716,44411,44411,44127,43824,43366,43036,42765,42541,42142
061,25,003,00000,56795,00000,1,A,Richmond town,Massachusetts,1475,1482,1481,1472,1469,1461,1452,1440,1432,1424,1425,1416
061,25,003,00000,59665,00000,1,A,Sandisfield town,Massachusetts,915,917,922,921,927,924,918,909,902,897,896,891
061,25,003,00000,60225,00000,1,A,Savoy town,Massachusetts,692,690,689,689,691,689,684,681,677,677,678,675
061,25,003,00000,61065,00000,1,A,Sheffield town,Massachusetts,3257,3257,3256,3242,3242,3226,3213,3189,3172,3159,3155,3129
061,25,003,00000,67595,00000,1,A,Stockbridge town,Massachusetts,1947,1943,1943,1938,1965,1961,1949,1931,1916,1908,1905,1890
061,25,003,00000,71095,00000,1,A,Tyringham town,Massachusetts,327,324,324,322,323,323,323,320,319,316,315,312
061,25,003,00000,73335,00000,1,A,Washington town,Massachusetts,538,542,542,538,542,543,543,542,540,540,542,541
061,25,003,00000,77990,00000,1,A,West Stockbridge town,Massachusetts,1306,1298,1297,1291,1290,1284,1278,1268,1267,1264,1265,1257
061,25,003,00000,79985,00000,1,A,Williamstown town,Massachusetts,7754,7763,7785,7738,7400,7321,7463,7594,7540,7509,7487,7434
061,25,003,00000,80685,00000,1,A,Windsor town,Massachusetts,899,899,898,895,894,893,888,878,873,874,874,866
050,25,005,00000,00000,00000,0,A,Bristol County,Massachusetts,548285,548242,549166,549308,551120,552379,555090,556863,558070,560941,564092,565217
157,25,005,02690,00000,00000,0,A,Attleboro city,Massachusetts,43593,43568,43586,43666,43811,43932,44130,44304,44418,44779,45162,45237
157,25,005,23000,00000,00000,0,A,Fall River city,Massachusetts,88857,88865,88882,88827,88852,88992,89148,89258,89287,89298,89630,89541
157,25,005,45000,00000,00000,0,A,New Bedford city,Massachusetts,95072,95071,95059,94896,94998,95065,95121,95128,95135,95083,95371,95363
157,25,005,69170,00000,00000,0,A,Taunton city,Massachusetts,55874,55826,55851,55876,55990,56109,56659,56838,56939,56982,57365,57464
157,25,005,99990,00000,00000,0,F,Balance of Bristol County,Massachusetts,264889,264912,265788,266043,267469,268281,270032,271335,272291,274799,276564,277612
061,25,005,00000,00520,00000,1,A,Acushnet town,Massachusetts,10303,10304,10308,10304,10322,10346,10399,10453,10483,10520,10586,10625
061,25,005,00000,02690,00000,0,F,Attleboro city,Massachusetts,43593,43568,43586,43666,43811,43932,44130,44304,44418,44779,45162,45237
071,25,005,02690,02690,00000,1,A,Attleboro city,Massachusetts,43593,43568,43586,43666,43811,43932,44130,44304,44418,44779,45162,45237
061,25,005,00000,05280,00000,1,A,Berkley town,Massachusetts,6411,6408,6417,6451,6486,6503,6572,6640,6676,6700,6799,6851
061,25,005,00000,16425,00000,1,A,Dartmouth town,Massachusetts,34032,34033,34366,34282,34424,34246,34439,34428,34185,34097,34136,34188
061,25,005,00000,16950,00000,1,A,Dighton town,Massachusetts,7086,7104,7106,7109,7169,7237,7341,7424,7556,7726,7908,7967
061,25,005,00000,20100,00000,1,A,Easton town,Massachusetts,23112,23116,23345,23260,23638,23445,23617,23948,24014,24976,25095,25105
061,25,005,00000,22130,00000,1,A,Fairhaven town,Massachusetts,15873,15873,15881,15880,15917,15965,15988,16024,16027,16043,16101,16078
061,25,005,00000,23000,00000,0,F,Fall River city,Massachusetts,88857,88865,88882,88827,88852,88992,89148,89258,89287,89298,89630,89541
071,25,005,23000,23000,00000,1,A,Fall River city,Massachusetts,88857,88865,88882,88827,88852,88992,89148,89258,89287,89298,89630,89541
061,25,005,00000,25240,00000,1,A,Freetown town,Massachusetts,8870,8872,8884,8898,8943,9033,9102,9177,9265,9326,9390,9394
061,25,005,00000,38225,00000,1,A,Mansfield town,Massachusetts,23184,23183,23194,23200,23368,23486,23556,23618,23668,23931,24073,24470
061,25,005,00000,45000,00000,0,F,New Bedford city,Massachusetts,95072,95071,95059,94896,94998,95065,95121,95128,95135,95083,95371,95363
071,25,005,45000,45000,00000,1,A,New Bedford city,Massachusetts,95072,95071,95059,94896,94998,95065,95121,95128,95135,95083,95371,95363
061,25,005,00000,46575,00000,1,A,North Attleborough town,Massachusetts,28712,28699,28712,28702,28757,28821,28975,29037,29065,29099,29322,29364
061,25,005,00000,49970,00000,1,A,Norton town,Massachusetts,19031,19025,19151,19216,19291,19334,19332,19329,19614,19869,19934,19948
061,25,005,00000,56060,00000,1,A,Raynham town,Massachusetts,13383,13425,13433,13477,13531,13605,13749,13876,14044,14238,14372,14470
061,25,005,00000,56375,00000,1,A,Rehoboth town,Massachusetts,11608,11606,11624,11662,11723,11818,11924,11988,12048,12179,12275,12385
061,25,005,00000,60645,00000,1,A,Seekonk town,Massachusetts,13722,13722,13747,13856,13975,14358,14691,14954,15228,15539,15713,15770
061,25,005,00000,62430,00000,1,A,Somerset town,Massachusetts,18165,18153,18202,18239,18281,18305,18300,18253,18169,18130,18158,18129
061,25,005,00000,68750,00000,1,A,Swansea town,Massachusetts,15865,15858,15872,15927,16003,16078,16288,16371,16386,16523,16703,16834
061,25,005,00000,69170,00000,0,F,Taunton city,Massachusetts,55874,55826,55851,55876,55990,56109,56659,56838,56939,56982,57365,57464
071,25,005,69170,69170,00000,1,A,Taunton city,Massachusetts,55874,55826,55851,55876,55990,56109,56659,56838,56939,56982,57365,57464
061,25,005,00000,77570,00000,1,A,Westport town,Massachusetts,15532,15531,15546,15580,15641,15701,15759,15815,15863,15903,15999,16034
050,25,007,00000,00000,00000,0,A,Dukes County,Massachusetts,16535,16535,16572,16697,16829,17159,17297,17274,17315,17311,17329,17332
061,25,007,00000,01585,00000,1,A,Aquinnah town,Massachusetts,311,305,306,310,312,321,322,323,322,321,321,320
061,25,007,00000,13800,00000,1,A,Chilmark town,Massachusetts,866,870,873,881,890,912,919,921,922,922,922,922
061,25,007,00000,21150,00000,1,A,Edgartown town,Massachusetts,4067,4067,4078,4121,4164,4244,4288,4274,4314,4317,4337,4348
061,25,007,00000,26325,00000,1,A,Gosnold town,Massachusetts,75,75,75,75,76,77,77,77,76,76,76,75
061,25,007,00000,50390,00000,1,A,Oak Bluffs town,Massachusetts,4527,4524,4531,4553,4581,4657,4687,4676,4682,4676,4671,4667
061,25,007,00000,69940,00000,1,A,Tisbury town,Massachusetts,3949,3949,3958,3987,4012,4087,4114,4106,4101,4101,4101,4096
061,25,007,00000,78235,00000,1,A,West Tisbury town,Massachusetts,2740,2745,2751,2770,2794,2861,2890,2897,2898,2898,2901,2904
050,25,009,00000,00000,00000,0,N,Essex County,Massachusetts,743159,743082,745461,751507,757338,764563,771653,776865,779847,784453,788183,789034
157,25,009,01260,00000,00000,0,A,Amesbury Town city,Massachusetts,16283,16286,16323,16429,16535,16738,17224,17287,17327,17459,17510,17532
157,25,009,05595,00000,00000,0,A,Beverly city,Massachusetts,39502,39504,39729,40091,40390,40846,41220,41506,41625,41936,42195,42174
157,25,009,26150,00000,00000,0,A,Gloucester city,Massachusetts,28789,28789,28872,29056,29273,29521,29734,29897,29982,30162,30327,30430
157,25,009,29405,00000,00000,0,A,Haverhill city,Massachusetts,60879,60878,60999,61505,61860,62272,62605,62861,63200,63664,63926,64014
157,25,009,34550,00000,00000,0,A,Lawrence city,Massachusetts,76377,76343,76551,77260,77910,78382,79182,79699,79818,80003,80112,80028
157,25,009,37490,00000,00000,0,A,Lynn city,Massachusetts,90329,90324,90532,90709,91437,92025,92565,93057,93185,93915,94336,94299
157,25,009,40710,00000,00000,0,A,Methuen Town city,Massachusetts,47255,47328,47445,47798,48129,48706,49384,49797,49953,50308,50565,50706
157,25,009,45245,00000,00000,0,A,Newburyport city,Massachusetts,17416,17410,17440,17520,17577,17714,17847,17873,17929,18065,18193,18289
157,25,009,52490,00000,00000,0,A,Peabody city,Massachusetts,51251,51266,51399,51632,51904,52224,52463,52629,52759,52948,53092,53070
157,25,009,59105,00000,00000,0,A,Salem city,Massachusetts,41340,41312,41823,41995,42316,42668,42988,43239,43233,43299,43272,43226
157,25,009,99990,00000,00000,0,F,Balance of Essex County,Massachusetts,273738,273642,274348,277512,280007,283467,286441,289020,290836,292694,294655,295266
061,25,009,00000,01260,00000,0,F,Amesbury Town city,Massachusetts,16283,16286,16323,16429,16535,16738,17224,17287,17327,17459,17510,17532
071,25,009,01260,01260,00000,1,A,Amesbury Town city,Massachusetts,16283,16286,16323,16429,16535,16738,17224,17287,17327,17459,17510,17532
061,25,009,00000,01465,00000,1,A,Andover town,Massachusetts,33201,33071,33157,33751,34072,34660,35014,35292,35451,35775,36285,36356
061,25,009,00000,05595,00000,0,F,Beverly city,Massachusetts,39502,39504,39729,40091,40390,40846,41220,41506,41625,41936,42195,42174
071,25,009,05595,05595,00000,1,A,Beverly city,Massachusetts,39502,39504,39729,40091,40390,40846,41220,41506,41625,41936,42195,42174
061,25,009,00000,07420,00000,1,A,Boxford town,Massachusetts,7965,7959,7976,8028,8074,8134,8182,8220,8237,8294,8336,8332
061,25,009,00000,16250,00000,1,A,Danvers town,Massachusetts,26493,26500,26544,26929,27154,27278,27754,27818,27493,27517,27545,27549
061,25,009,00000,21850,00000,1,A,Essex town,Massachusetts,3504,3504,3516,3564,3591,3619,3647,3674,3714,3744,3776,3799
061,25,009,00000,25625,00000,1,A,Georgetown town,Massachusetts,8183,8203,8231,8323,8405,8493,8541,8601,8646,8705,8759,8768
061,25,009,00000,26150,00000,0,F,Gloucester city,Massachusetts,28789,28789,28872,29056,29273,29521,29734,29897,29982,30162,30327,30430
071,25,009,26150,26150,00000,1,A,Gloucester city,Massachusetts,28789,28789,28872,29056,29273,29521,29734,29897,29982,30162,30327,30430
061,25,009,00000,27620,00000,1,A,Groveland town,Massachusetts,6459,6450,6466,6509,6558,6605,6647,6696,6725,6777,6827,6849
061,25,009,00000,27900,00000,1,A,Hamilton town,Massachusetts,7764,7764,7783,7837,7872,7935,7972,7994,8016,8041,8061,8051
061,25,009,00000,29405,00000,0,F,Haverhill city,Massachusetts,60879,60878,60999,61505,61860,62272,62605,62861,63200,63664,63926,64014
071,25,009,29405,29405,00000,1,A,Haverhill city,Massachusetts,60879,60878,60999,61505,61860,62272,62605,62861,63200,63664,63926,64014
061,25,009,00000,32310,00000,1,A,Ipswich town,Massachusetts,13175,13176,13219,13454,13549,13642,13710,13809,13861,13990,14052,14074
061,25,009,00000,34550,00000,0,F,Lawrence city,Massachusetts,76377,76343,76551,77260,77910,78382,79182,79699,79818,80003,80112,80028
071,25,009,34550,34550,00000,1,A,Lawrence city,Massachusetts,76377,76343,76551,77260,77910,78382,79182,79699,79818,80003,80112,80028
061,25,009,00000,37490,00000,0,F,Lynn city,Massachusetts,90329,90324,90532,90709,91437,92025,92565,93057,93185,93915,94336,94299
071,25,009,37490,37490,00000,1,A,Lynn city,Massachusetts,90329,90324,90532,90709,91437,92025,92565,93057,93185,93915,94336,94299
061,25,009,00000,37560,00000,1,A,Lynnfield town,Massachusetts,11596,11593,11620,11726,11820,12406,12667,12761,12832,12934,13001,12999
061,25,009,00000,37995,00000,1,A,Manchester-by-the-Sea town,Massachusetts,5136,5136,5147,5196,5230,5273,5311,5335,5354,5391,5412,5434
061,25,009,00000,38400,00000,1,A,Marblehead town,Massachusetts,19808,19808,19853,19980,20117,20253,20358,20422,20455,20542,20573,20555
061,25,009,00000,40430,00000,1,A,Merrimac town,Massachusetts,6338,6338,6369,6418,6480,6589,6686,6766,6837,6915,6960,6960
061,25,009,00000,40710,00000,0,F,Methuen Town city,Massachusetts,47255,47328,47445,47798,48129,48706,49384,49797,49953,50308,50565,50706
071,25,009,40710,40710,00000,1,A,Methuen Town city,Massachusetts,47255,47328,47445,47798,48129,48706,49384,49797,49953,50308,50565,50706
061,25,009,00000,41095,00000,1,A,Middleton town,Massachusetts,8987,8987,8986,9124,9264,9442,9631,9590,9742,9849,10062,10110
061,25,009,00000,43580,00000,1,A,Nahant town,Massachusetts,3410,3410,3419,3432,3446,3473,3482,3495,3491,3504,3517,3513
061,25,009,00000,45175,00000,1,A,Newbury town,Massachusetts,6666,6671,6689,6742,6788,6861,6923,6972,7018,7081,7126,7148
061,25,009,00000,45245,00000,0,F,Newburyport city,Massachusetts,17416,17410,17440,17520,17577,17714,17847,17873,17929,18065,18193,18289
071,25,009,45245,45245,00000,1,A,Newburyport city,Massachusetts,17416,17410,17440,17520,17577,17714,17847,17873,17929,18065,18193,18289
061,25,009,00000,46365,00000,1,A,North Andover town,Massachusetts,28352,28358,28445,28791,29056,29301,29695,30017,30824,30998,31207,31188
061,25,009,00000,52490,00000,0,F,Peabody city,Massachusetts,51251,51266,51399,51632,51904,52224,52463,52629,52759,52948,53092,53070
071,25,009,52490,52490,00000,1,A,Peabody city,Massachusetts,51251,51266,51399,51632,51904,52224,52463,52629,52759,52948,53092,53070
061,25,009,00000,57880,00000,1,A,Rockport town,Massachusetts,6952,6952,6970,7011,7059,7104,7147,7168,7206,7241,7262,7282
061,25,009,00000,58405,00000,1,A,Rowley town,Massachusetts,5856,5853,5870,5911,5970,6033,6196,6291,6296,6359,6432,6473
061,25,009,00000,59105,00000,0,F,Salem city,Massachusetts,41340,41312,41823,41995,42316,42668,42988,43239,43233,43299,43272,43226
071,25,009,59105,59105,00000,1,A,Salem city,Massachusetts,41340,41312,41823,41995,42316,42668,42988,43239,43233,43299,43272,43226
061,25,009,00000,59245,00000,1,A,Salisbury town,Massachusetts,8283,8290,8309,8389,8461,8542,8666,9206,9276,9390,9469,9534
061,25,009,00000,60015,00000,1,A,Saugus town,Massachusetts,26628,26634,26727,27047,27384,27823,27973,28078,28120,28222,28240,28361
061,25,009,00000,68645,00000,1,A,Swampscott town,Massachusetts,13787,13790,13817,13885,13958,14033,14094,14572,14903,14980,15199,15298
061,25,009,00000,70150,00000,1,A,Topsfield town,Massachusetts,6085,6086,6100,6186,6290,6395,6503,6529,6537,6564,6604,6641
061,25,009,00000,74595,00000,1,A,Wenham town,Massachusetts,4875,4875,4884,4973,5043,5140,5152,5177,5200,5247,5272,5278
061,25,009,00000,77150,00000,1,A,West Newbury town,Massachusetts,4235,4234,4251,4306,4366,4433,4490,4537,4602,4634,4678,4714
050,25,011,00000,00000,00000,0,N,Franklin County,Massachusetts,71372,71381,71369,71692,71687,71361,71298,70866,70622,70605,70611,70180
157,25,011,27100,00000,00000,0,A,Greenfield Town city,Massachusetts,17456,17450,17430,17605,17632,17486,17602,17431,17421,17384,17379,17258
157,25,011,99990,00000,00000,0,F,Balance of Franklin County,Massachusetts,53916,53931,53939,54087,54055,53875,53696,53435,53201,53221,53232,52922
061,25,011,00000,02095,00000,1,A,Ashfield town,Massachusetts,1737,1739,1736,1740,1739,1736,1735,1731,1726,1730,1728,1717
061,25,011,00000,05560,00000,1,A,Bernardston town,Massachusetts,2129,2126,2127,2139,2137,2131,2125,2117,2105,2104,2107,2090
061,25,011,00000,09595,00000,1,A,Buckland town,Massachusetts,1902,1897,1896,1904,1903,1895,1889,1880,1868,1868,1864,1850
061,25,011,00000,12505,00000,1,A,Charlemont town,Massachusetts,1266,1266,1265,1268,1266,1261,1251,1243,1239,1239,1238,1233
061,25,011,00000,14885,00000,1,A,Colrain town,Massachusetts,1671,1669,1670,1678,1671,1664,1660,1655,1648,1657,1663,1661
061,25,011,00000,15200,00000,1,A,Conway town,Massachusetts,1897,1900,1902,1912,1909,1903,1895,1888,1880,1879,1883,1873
061,25,011,00000,16670,00000,1,A,Deerfield town,Massachusetts,5125,5122,5126,5122,5120,5096,5076,5044,5023,5021,5020,4991
061,25,011,00000,21780,00000,1,A,Erving town,Massachusetts,1800,1800,1799,1803,1802,1797,1788,1776,1769,1765,1765,1750
061,25,011,00000,25730,00000,1,A,Gill town,Massachusetts,1500,1469,1474,1470,1472,1464,1465,1464,1466,1464,1471,1465
061,25,011,00000,27100,00000,0,F,Greenfield Town city,Massachusetts,17456,17450,17430,17605,17632,17486,17602,17431,17421,17384,17379,17258
071,25,011,27100,27100,00000,1,A,Greenfield Town city,Massachusetts,17456,17450,17430,17605,17632,17486,17602,17431,17421,17384,17379,17258
061,25,011,00000,29475,00000,1,A,Hawley town,Massachusetts,337,337,338,337,339,338,336,337,337,335,333,334
061,25,011,00000,29650,00000,1,A,Heath town,Massachusetts,706,706,707,709,712,709,705,700,697,700,700,695
061,25,011,00000,35180,00000,1,A,Leverett town,Massachusetts,1851,1842,1844,1854,1856,1852,1850,1847,1839,1840,1848,1837
061,25,011,00000,35285,00000,1,A,Leyden town,Massachusetts,711,718,720,726,727,726,727,724,718,720,718,715
061,25,011,00000,42040,00000,1,A,Monroe town,Massachusetts,121,120,120,120,120,119,119,118,116,116,116,115
061,25,011,00000,42285,00000,1,A,Montague town,Massachusetts,8437,8463,8459,8477,8469,8433,8389,8342,8287,8274,8272,8212
061,25,011,00000,45490,00000,1,A,New Salem town,Massachusetts,990,994,996,1000,1007,1007,1008,1008,1011,1018,1017,1021
061,25,011,00000,47835,00000,1,A,Northfield town,Massachusetts,3032,3031,3030,3038,3038,3029,3019,3003,2987,2983,2980,2958
061,25,011,00000,51265,00000,1,A,Orange town,Massachusetts,7839,7839,7837,7847,7829,7788,7747,7700,7656,7647,7629,7582
061,25,011,00000,58335,00000,1,A,Rowe town,Massachusetts,393,398,398,400,402,400,398,394,393,393,392,389
061,25,011,00000,61135,00000,1,A,Shelburne town,Massachusetts,1893,1900,1900,1902,1884,1877,1868,1862,1854,1853,1852,1837
061,25,011,00000,61905,00000,1,A,Shutesbury town,Massachusetts,1771,1776,1775,1787,1784,1781,1776,1764,1757,1757,1767,1754
061,25,011,00000,68400,00000,1,A,Sunderland town,Massachusetts,3684,3690,3690,3702,3708,3702,3693,3663,3643,3647,3649,3629
061,25,011,00000,73265,00000,1,A,Warwick town,Massachusetts,780,780,780,785,784,784,780,773,773,774,774,769
061,25,011,00000,74525,00000,1,A,Wendell town,Massachusetts,848,844,846,857,861,866,869,869,872,879,879,878
061,25,011,00000,79110,00000,1,A,Whately town,Massachusetts,1496,1505,1504,1510,1516,1517,1528,1533,1537,1558,1567,1567
050,25,013,00000,00000,00000,0,N,Hampden County,Massachusetts,463490,463615,464237,466171,466955,467747,469455,469113,467778,467705,468388,466372
157,25,013,00840,00000,00000,0,A,Agawam Town city,Massachusetts,28438,28438,28451,28608,28653,28726,28733,28762,28696,28683,28733,28613
157,25,013,13660,00000,00000,0,A,Chicopee city,Massachusetts,55298,55307,55306,55630,55840,55923,56274,55820,55342,55336,55424,55126
157,25,013,30840,00000,00000,0,A,Holyoke city,Massachusetts,39880,39881,39917,40157,40221,40132,40697,40357,40262,40223,40314,40117
157,25,013,52144,00000,00000,0,A,Palmer Town city,Massachusetts,12140,12138,12141,12179,12193,12209,12224,12211,12232,12237,12286,12232
157,25,013,67000,00000,00000,0,A,Springfield city,Massachusetts,153060,153132,153569,153773,153933,154056,154376,154582,154028,154207,154329,153606
157,25,013,76030,00000,00000,0,A,Westfield city,Massachusetts,41094,41090,41118,41436,41295,41589,41664,41716,41561,41405,41324,41204
157,25,013,77890,00000,00000,0,A,West Springfield Town city,Massachusetts,28391,28391,28357,28542,28630,28616,28653,28661,28602,28577,28639,28517
157,25,013,99990,00000,00000,0,F,Balance of Hampden County,Massachusetts,105189,105238,105378,105846,106190,106496,106834,107004,107055,107037,107339,106957
061,25,013,00000,00840,00000,0,F,Agawam Town city,Massachusetts,28438,28438,28451,28608,28653,28726,28733,28762,28696,28683,28733,28613
071,25,013,00840,00840,00000,1,A,Agawam Town city,Massachusetts,28438,28438,28451,28608,28653,28726,28733,28762,28696,28683,28733,28613
061,25,013,00000,06085,00000,1,A,Blandford town,Massachusetts,1233,1227,1227,1236,1238,1244,1249,1248,1247,1250,1257,1252
061,25,013,00000,08470,00000,1,A,Brimfield town,Massachusetts,3609,3611,3619,3539,3577,3623,3632,3637,3643,3651,3679,3680
061,25,013,00000,13485,00000,1,A,Chester town,Massachusetts,1337,1337,1339,1350,1357,1363,1370,1375,1377,1376,1377,1369
061,25,013,00000,13660,00000,0,F,Chicopee city,Massachusetts,55298,55307,55306,55630,55840,55923,56274,55820,55342,55336,55424,55126
071,25,013,13660,13660,00000,1,A,Chicopee city,Massachusetts,55298,55307,55306,55630,55840,55923,56274,55820,55342,55336,55424,55126
061,25,013,00000,19645,00000,1,A,East Longmeadow town,Massachusetts,15720,15767,15792,15904,15983,16059,16165,16201,16226,16261,16285,16192
061,25,013,00000,26675,00000,1,A,Granville town,Massachusetts,1566,1566,1571,1593,1608,1613,1619,1615,1615,1618,1622,1611
061,25,013,00000,28075,00000,1,A,Hampden town,Massachusetts,5139,5137,5141,5160,5164,5170,5191,5200,5183,5175,5199,5177
061,25,013,00000,30665,00000,1,A,Holland town,Massachusetts,2481,2478,2480,2486,2487,2493,2496,2493,2489,2484,2491,2482
061,25,013,00000,30840,00000,0,F,Holyoke city,Massachusetts,39880,39881,39917,40157,40221,40132,40697,40357,40262,40223,40314,40117
071,25,013,30840,30840,00000,1,A,Holyoke city,Massachusetts,39880,39881,39917,40157,40221,40132,40697,40357,40262,40223,40314,40117
061,25,013,00000,36300,00000,1,A,Longmeadow town,Massachusetts,15784,15783,15807,15870,15879,15885,15888,15879,15823,15751,15796,15705
061,25,013,00000,37175,00000,1,A,Ludlow town,Massachusetts,21103,21099,21136,21245,21242,21221,21265,21256,21354,21322,21290,21233
061,25,013,00000,42145,00000,1,A,Monson town,Massachusetts,8560,8563,8570,8580,8673,8721,8749,8763,8768,8770,8809,8787
061,25,013,00000,42530,00000,1,A,Montgomery town,Massachusetts,838,843,846,858,863,867,868,867,864,866,870,866
061,25,013,00000,52144,00000,0,F,Palmer Town city,Massachusetts,12140,12138,12141,12179,12193,12209,12224,12211,12232,12237,12286,12232
071,25,013,52144,52144,00000,1,A,Palmer Town city,Massachusetts,12140,12138,12141,12179,12193,12209,12224,12211,12232,12237,12286,12232
061,25,013,00000,58650,00000,1,A,Russell town,Massachusetts,1775,1781,1784,1797,1798,1800,1799,1797,1795,1793,1799,1792
061,25,013,00000,65825,00000,1,A,Southwick town,Massachusetts,9502,9498,9506,9557,9585,9625,9684,9703,9702,9719,9766,9740
061,25,013,00000,67000,00000,0,F,Springfield city,Massachusetts,153060,153132,153569,153773,153933,154056,154376,154582,154028,154207,154329,153606
071,25,013,67000,67000,00000,1,A,Springfield city,Massachusetts,153060,153132,153569,153773,153933,154056,154376,154582,154028,154207,154329,153606
061,25,013,00000,70045,00000,1,A,Tolland town,Massachusetts,485,490,490,493,494,494,496,497,498,503,508,508
061,25,013,00000,72390,00000,1,A,Wales town,Massachusetts,1838,1839,1844,1856,1865,1876,1877,1890,1884,1882,1884,1874
061,25,013,00000,76030,00000,0,F,Westfield city,Massachusetts,41094,41090,41118,41436,41295,41589,41664,41716,41561,41405,41324,41204
071,25,013,76030,76030,00000,1,A,Westfield city,Massachusetts,41094,41090,41118,41436,41295,41589,41664,41716,41561,41405,41324,41204
061,25,013,00000,77890,00000,0,F,West Springfield Town city,Massachusetts,28391,28391,28357,28542,28630,28616,28653,28661,28602,28577,28639,28517
071,25,013,77890,77890,00000,1,A,West Springfield Town city,Massachusetts,28391,28391,28357,28542,28630,28616,28653,28661,28602,28577,28639,28517
061,25,013,00000,79740,00000,1,A,Wilbraham town,Massachusetts,14219,14219,14226,14322,14377,14442,14486,14583,14587,14616,14707,14689
050,25,015,00000,00000,00000,0,N,Hampshire County,Massachusetts,158080,158063,159329,160154,160419,160856,160918,160709,161404,161077,161139,160830
157,25,015,19370,00000,00000,0,A,Easthampton Town city,Massachusetts,16053,16049,16052,16073,16109,16080,16051,15996,16038,16008,15934,15829
157,25,015,46330,00000,00000,0,A,Northampton city,Massachusetts,28549,28560,28663,28731,28737,28609,28576,28399,28550,28583,28603,28451
157,25,015,99990,00000,00000,0,F,Balance of Hampshire County,Massachusetts,113478,113454,114614,115350,115573,116167,116291,116314,116816,116486,116602,116550
061,25,015,00000,01325,00000,1,A,Amherst town,Massachusetts,37819,37819,38720,39052,39016,39670,39781,39887,40011,39492,39757,39924
061,25,015,00000,04825,00000,1,A,Belchertown town,Massachusetts,14649,14649,14658,14744,14789,14801,14811,14847,14949,15056,15076,15098
061,25,015,00000,13590,00000,1,A,Chesterfield town,Massachusetts,1222,1222,1226,1237,1243,1249,1247,1244,1255,1255,1254,1249
061,25,015,00000,16040,00000,1,A,Cummington town,Massachusetts,872,868,868,868,872,873,869,865,870,873,874,874
061,25,015,00000,19370,00000,0,F,Easthampton Town city,Massachusetts,16053,16049,16052,16073,16109,16080,16051,15996,16038,16008,15934,15829
071,25,015,19370,19370,00000,1,A,Easthampton Town city,Massachusetts,16053,16049,16052,16073,16109,16080,16051,15996,16038,16008,15934,15829
061,25,015,00000,26290,00000,1,A,Goshen town,Massachusetts,1054,1056,1058,1062,1065,1067,1068,1066,1068,1065,1061,1059
061,25,015,00000,26535,00000,1,A,Granby town,Massachusetts,6240,6240,6242,6274,6316,6324,6326,6322,6332,6329,6326,6291
061,25,015,00000,27690,00000,1,A,Hadley town,Massachusetts,5250,5249,5252,5275,5311,5305,5301,5293,5289,5314,5330,5342
061,25,015,00000,29265,00000,1,A,Hatfield town,Massachusetts,3279,3259,3259,3265,3274,3284,3273,3276,3295,3271,3263,3251
061,25,015,00000,31785,00000,1,A,Huntington town,Massachusetts,2180,2182,2184,2185,2187,2184,2181,2175,2185,2185,2181,2169
061,25,015,00000,40990,00000,1,A,Middlefield town,Massachusetts,521,519,519,525,530,532,529,526,531,529,528,534
061,25,015,00000,46330,00000,0,F,Northampton city,Massachusetts,28549,28560,28663,28731,28737,28609,28576,28399,28550,28583,28603,28451
071,25,015,46330,46330,00000,1,A,Northampton city,Massachusetts,28549,28560,28663,28731,28737,28609,28576,28399,28550,28583,28603,28451
061,25,015,00000,52560,00000,1,A,Pelham town,Massachusetts,1321,1323,1323,1328,1333,1330,1326,1325,1325,1323,1321,1313
061,25,015,00000,54030,00000,1,A,Plainfield town,Massachusetts,648,648,648,650,649,652,650,649,656,660,662,661
061,25,015,00000,62745,00000,1,A,Southampton town,Massachusetts,5792,5792,5807,5896,5958,6005,6057,6103,6143,6178,6176,6171
061,25,015,00000,64145,00000,1,A,South Hadley town,Massachusetts,17514,17522,17734,17828,17843,17723,17718,17626,17762,17828,17721,17625
061,25,015,00000,72880,00000,1,A,Ware town,Massachusetts,9872,9862,9868,9901,9914,9896,9868,9833,9838,9816,9772,9711
061,25,015,00000,76380,00000,1,A,Westhampton town,Massachusetts,1607,1603,1603,1606,1606,1605,1625,1622,1631,1633,1635,1637
061,25,015,00000,79915,00000,1,A,Williamsburg town,Massachusetts,2482,2484,2486,2489,2495,2490,2482,2473,2487,2488,2481,2466
061,25,015,00000,82175,00000,1,A,Worthington town,Massachusetts,1156,1157,1159,1165,1172,1177,1179,1182,1189,1191,1184,1175
050,25,017,00000,00000,00000,0,N,Middlesex County,Massachusetts,1503085,1503133,1507681,1524848,1542867,1560204,1574993,1585432,1594664,1603943,1608470,1611699
157,25,017,11000,00000,00000,0,A,Cambridge city,Massachusetts,105162,105148,105008,105884,107886,112036,112993,113471,115685,116869,118151,118927
157,25,017,21990,00000,00000,0,A,Everett city,Massachusetts,41667,41553,41658,42148,42642,43126,44365,45527,45908,46101,46633,46451
157,25,017,24960,00000,00000,0,A,Framingham city,Massachusetts,A,68323,68665,69656,70061,70411,70786,70938,71459,71784,72909,74416
157,25,017,37000,00000,00000,0,A,Lowell city,Massachusetts,106519,106525,106782,107774,108803,109757,110537,111142,111226,111738,111362,110997
157,25,017,37875,00000,00000,0,A,Malden city,Massachusetts,59450,59536,59691,60131,60591,60938,61217,61383,61276,61079,60735,60470
157,25,017,38715,00000,00000,0,A,Marlborough city,Massachusetts,38499,38501,38583,38940,39307,39468,39691,39797,39782,39791,39716,39597
157,25,017,39835,00000,00000,0,A,Medford city,Massachusetts,56173,56280,56400,56824,57255,57399,57551,57792,57820,57772,57554,57341
157,25,017,40115,00000,00000,0,A,Melrose city,Massachusetts,26983,26967,27037,27294,27516,27807,28039,28052,28114,28205,28103,28016
157,25,017,45560,00000,00000,0,A,Newton city,Massachusetts,85146,85089,85373,85827,87029,87479,88269,88588,88569,88836,88641,88414
157,25,017,62535,00000,00000,0,A,Somerville city,Massachusetts,75754,75701,75877,76710,77620,78573,78991,79715,80936,81204,81357,81360
157,25,017,72600,00000,00000,0,A,Waltham city,Massachusetts,60632,60638,60889,61382,62047,62327,63114,63003,62939,62822,62563,62495
157,25,017,73440,00000,00000,0,A,Watertown Town city,Massachusetts,31915,31986,32080,32357,33050,33238,34308,34385,35141,35741,35846,35939
157,25,017,81035,00000,00000,0,A,Woburn city,Massachusetts,38120,38882,39063,39439,39679,39905,40101,40280,40341,40382,40284,40228
157,25,017,99990,00000,00000,0,F,Balance of Middlesex County,Massachusetts,777065,708004,710575,720482,729381,737740,745031,751359,755468,761619,764616,767048
061,25,017,00000,00380,00000,1,A,Acton town,Massachusetts,21924,21912,21983,22274,22676,22928,23256,23488,23607,23716,23675,23662
061,25,017,00000,01605,00000,1,A,Arlington town,Massachusetts,42844,42823,42939,43393,43846,44250,44614,44910,45224,45389,45489,45531
061,25,017,00000,01955,00000,1,A,Ashby town,Massachusetts,3074,3077,3085,3116,3152,3174,3194,3202,3204,3219,3224,3219
061,25,017,00000,02130,00000,1,A,Ashland town,Massachusetts,16593,16615,16663,16847,17042,17190,17339,17565,17587,17784,17811,17807
061,25,017,00000,03005,00000,1,A,Ayer town,Massachusetts,7427,7425,7464,7596,7720,7862,7920,7999,8084,8128,8140,8196
061,25,017,00000,04615,00000,1,A,Bedford town,Massachusetts,13320,13316,13351,13531,13753,13982,14003,14082,14126,14168,14162,14123
061,25,017,00000,05070,00000,1,A,Belmont town,Massachusetts,24729,24650,24710,24937,25230,25405,25553,25608,26299,26315,26223,26116
061,25,017,00000,05805,00000,1,A,Billerica town,Massachusetts,40243,40235,40416,41096,41502,41994,42380,42656,42770,43733,43487,43367
061,25,017,00000,07350,00000,1,A,Boxborough town,Massachusetts,4996,5012,5027,5076,5124,5147,5183,5200,5216,5808,5795,5793
061,25,017,00000,09840,00000,1,A,Burlington town,Massachusetts,24498,24492,24583,24947,25249,25418,25638,26234,26776,27876,28643,28627
061,25,017,00000,11000,00000,0,F,Cambridge city,Massachusetts,105162,105148,105008,105884,107886,112036,112993,113471,115685,116869,118151,118927
071,25,017,11000,11000,00000,1,A,Cambridge city,Massachusetts,105162,105148,105008,105884,107886,112036,112993,113471,115685,116869,118151,118927
061,25,017,00000,11525,00000,1,A,Carlisle town,Massachusetts,4852,4852,4869,4924,4985,5033,5079,5197,5216,5224,5231,5252
061,25,017,00000,13135,00000,1,A,Chelmsford town,Massachusetts,33802,33792,33900,34259,34570,34763,35004,35075,35011,35005,35202,35391
061,25,017,00000,15060,00000,1,A,Concord town,Massachusetts,17668,17680,17765,18754,18929,19193,19345,19567,19080,19077,18928,18918
061,25,017,00000,17475,00000,1,A,Dracut town,Massachusetts,29457,29407,29510,29899,30233,30501,30855,31023,31113,31481,31626,31634
061,25,017,00000,17825,00000,1,A,Dunstable town,Massachusetts,3179,3179,3187,3214,3249,3272,3297,3323,3341,3372,3393,3403
061,25,017,00000,21990,00000,0,F,Everett city,Massachusetts,41667,41553,41658,42148,42642,43126,44365,45527,45908,46101,46633,46451
071,25,017,21990,21990,00000,1,A,Everett city,Massachusetts,41667,41553,41658,42148,42642,43126,44365,45527,45908,46101,46633,46451
061,25,017,00000,24960,00000,0,F,Framingham city,Massachusetts,A,68323,68665,69656,70061,70411,70786,70938,71459,71784,72909,74416
071,25,017,24960,24960,00000,1,A,Framingham city,Massachusetts,A,68323,68665,69656,70061,70411,70786,70938,71459,71784,72909,74416
061,25,017,00000,27480,00000,1,A,Groton town,Massachusetts,10646,10643,10685,10916,11032,11117,11217,11267,11307,11335,11349,11325
061,25,017,00000,30700,00000,1,A,Holliston town,Massachusetts,13547,13546,13592,13858,14037,14177,14388,14488,14577,14727,14872,14912
061,25,017,00000,31085,00000,1,A,Hopkinton town,Massachusetts,14925,14909,14974,15237,15451,15834,16208,16512,16863,17969,18203,18470
061,25,017,00000,31540,00000,1,A,Hudson town,Massachusetts,19063,19075,19130,19327,19506,19654,19779,19857,19890,19918,19900,19864
061,25,017,00000,35215,00000,1,A,Lexington town,Massachusetts,31394,31406,31511,31966,32352,32810,33102,33338,33493,33463,33302,33132
061,25,017,00000,35425,00000,1,A,Lincoln town,Massachusetts,6362,6371,6389,6448,6509,6555,6588,6761,6764,6779,6785,7052
061,25,017,00000,35950,00000,1,A,Littleton town,Massachusetts,8924,8910,8938,9038,9137,9250,9395,9877,10003,10078,10188,10227
061,25,017,00000,37000,00000,0,F,Lowell city,Massachusetts,106519,106525,106782,107774,108803,109757,110537,111142,111226,111738,111362,110997
071,25,017,37000,37000,00000,1,A,Lowell city,Massachusetts,106519,106525,106782,107774,108803,109757,110537,111142,111226,111738,111362,110997
061,25,017,00000,37875,00000,0,F,Malden city,Massachusetts,59450,59536,59691,60131,60591,60938,61217,61383,61276,61079,60735,60470
071,25,017,37875,37875,00000,1,A,Malden city,Massachusetts,59450,59536,59691,60131,60591,60938,61217,61383,61276,61079,60735,60470
061,25,017,00000,38715,00000,0,F,Marlborough city,Massachusetts,38499,38501,38583,38940,39307,39468,39691,39797,39782,39791,39716,39597
071,25,017,38715,38715,00000,1,A,Marlborough city,Massachusetts,38499,38501,38583,38940,39307,39468,39691,39797,39782,39791,39716,39597
061,25,017,00000,39625,00000,1,A,Maynard town,Massachusetts,10106,10112,10116,10212,10328,10409,10488,10582,10604,10643,10634,11336
061,25,017,00000,39835,00000,0,F,Medford city,Massachusetts,56173,56280,56400,56824,57255,57399,57551,57792,57820,57772,57554,57341
071,25,017,39835,39835,00000,1,A,Medford city,Massachusetts,56173,56280,56400,56824,57255,57399,57551,57792,57820,57772,57554,57341
061,25,017,00000,40115,00000,0,F,Melrose city,Massachusetts,26983,26967,27037,27294,27516,27807,28039,28052,28114,28205,28103,28016
071,25,017,40115,40115,00000,1,A,Melrose city,Massachusetts,26983,26967,27037,27294,27516,27807,28039,28052,28114,28205,28103,28016
061,25,017,00000,43895,00000,1,A,Natick town,Massachusetts,33006,33012,33103,33442,33877,35317,35726,36222,36088,36175,36126,36050
061,25,017,00000,45560,00000,0,F,Newton city,Massachusetts,85146,85089,85373,85827,87029,87479,88269,88588,88569,88836,88641,88414
071,25,017,45560,45560,00000,1,A,Newton city,Massachusetts,85146,85089,85373,85827,87029,87479,88269,88588,88569,88836,88641,88414
061,25,017,00000,48955,00000,1,A,North Reading town,Massachusetts,14892,14891,14939,15094,15250,15336,15432,15516,15528,15517,15471,15865
061,25,017,00000,52805,00000,1,A,Pepperell town,Massachusetts,11497,11498,11537,11687,11820,11915,12006,12059,12088,12122,12129,12114
061,25,017,00000,56130,00000,1,A,Reading town,Massachusetts,24747,23987,24048,24269,24466,24615,24727,24886,25140,25152,25075,25400
061,25,017,00000,61380,00000,1,A,Sherborn town,Massachusetts,4119,4119,4129,4172,4204,4240,4279,4291,4294,4314,4325,4335
061,25,017,00000,61590,00000,1,A,Shirley town,Massachusetts,7211,7211,7310,7415,7486,7395,7513,7609,7629,7626,7641,7636
061,25,017,00000,62535,00000,0,F,Somerville city,Massachusetts,75754,75701,75877,76710,77620,78573,78991,79715,80936,81204,81357,81360
071,25,017,62535,62535,00000,1,A,Somerville city,Massachusetts,75754,75701,75877,76710,77620,78573,78991,79715,80936,81204,81357,81360
061,25,017,00000,67665,00000,1,A,Stoneham town,Massachusetts,21437,21286,21337,21511,21701,21901,22030,22100,22792,22889,24187,24126
061,25,017,00000,68050,00000,1,A,Stow town,Massachusetts,6590,6584,6629,6756,6863,6927,7043,7059,7067,7083,7189,7234
061,25,017,00000,68260,00000,1,A,Sudbury town,Massachusetts,17659,17675,17712,17947,18116,18322,18661,18765,18816,18827,19555,19655
061,25,017,00000,69415,00000,1,A,Tewksbury town,Massachusetts,28961,29069,29201,29502,29992,30128,30360,30825,30986,31274,31264,31178
061,25,017,00000,70360,00000,1,A,Townsend town,Massachusetts,8926,8926,8974,9057,9155,9223,9355,9434,9475,9502,9521,9506
061,25,017,00000,71025,00000,1,A,Tyngsborough town,Massachusetts,11292,11314,11414,11808,11976,12073,12154,12238,12322,12347,12400,12527
061,25,017,00000,72215,00000,1,A,Wakefield town,Massachusetts,24932,25101,25183,25461,25667,26173,26810,26894,26900,27095,27053,27045
061,25,017,00000,72600,00000,0,F,Waltham city,Massachusetts,60632,60638,60889,61382,62047,62327,63114,63003,62939,62822,62563,62495
071,25,017,72600,72600,00000,1,A,Waltham city,Massachusetts,60632,60638,60889,61382,62047,62327,63114,63003,62939,62822,62563,62495
061,25,017,00000,73440,00000,0,F,Watertown Town city,Massachusetts,31915,31986,32080,32357,33050,33238,34308,34385,35141,35741,35846,35939
071,25,017,73440,73440,00000,1,A,Watertown Town city,Massachusetts,31915,31986,32080,32357,33050,33238,34308,34385,35141,35741,35846,35939
061,25,017,00000,73790,00000,1,A,Wayland town,Massachusetts,12994,12940,12977,13111,13259,13413,13497,13615,13804,13867,13850,13835
061,25,017,00000,76135,00000,1,A,Westford town,Massachusetts,21951,21962,22049,22473,23248,23646,24030,24125,24223,24269,24219,24817
061,25,017,00000,77255,00000,1,A,Weston town,Massachusetts,11261,11260,11365,11511,11693,11839,11916,12061,12094,12144,12124,12124
061,25,017,00000,80230,00000,1,A,Wilmington town,Massachusetts,22325,22341,22406,22675,22962,23079,23216,23278,23388,23407,23425,23445
061,25,017,00000,80510,00000,1,A,Winchester town,Massachusetts,21374,21389,21475,21726,22034,22280,22451,22571,22679,22802,22800,22799
061,25,017,00000,81035,00000,0,F,Woburn city,Massachusetts,38120,38882,39063,39439,39679,39905,40101,40280,40341,40382,40284,40228
071,25,017,81035,81035,00000,1,A,Woburn city,Massachusetts,38120,38882,39063,39439,39679,39905,40101,40280,40341,40382,40284,40228
050,25,019,00000,00000,00000,0,N,Nantucket County,Massachusetts,10172,10172,10168,10133,10313,10569,10839,10940,11100,11205,11198,11399
061,25,019,00000,43790,00000,1,A,Nantucket town,Massachusetts,10172,10172,10168,10133,10313,10569,10839,10940,11100,11205,11198,11399
050,25,021,00000,00000,00000,0,A,Norfolk County,Massachusetts,670850,670910,673019,677782,682865,688345,692239,694502,697079,700599,703230,706775
157,25,021,07740,00000,00000,0,A,Braintree Town city,Massachusetts,35744,35726,35804,36017,36345,36782,37174,37176,37194,37256,37225,37190
157,25,021,25172,00000,00000,0,A,Franklin Town city,Massachusetts,31635,31633,31847,32166,32333,32611,32814,32886,32977,33166,33201,34087
157,25,021,55745,00000,00000,0,A,Quincy city,Massachusetts,92271,92262,92457,92544,92973,93470,93685,93766,94130,94322,94403,94470
157,25,021,56000,00000,00000,0,A,Randolph Town city,Massachusetts,A,32100,32439,32758,33264,33493,33639,33633,33648,34342,34367,34362
157,25,021,78972,00000,00000,0,A,Weymouth Town city,Massachusetts,53743,53762,53828,54177,55058,55452,55725,55798,55924,56695,57511,57746
157,25,021,99990,00000,00000,0,S,Balance of Norfolk County,Massachusetts,457457,425427,426644,430120,432892,436537,439202,441243,443206,444818,446523,448920
061,25,021,00000,02935,00000,1,A,Avon town,Massachusetts,4356,4354,4363,4376,4401,4444,4461,4459,4482,4493,4505,4549
061,25,021,00000,04930,00000,1,A,Bellingham town,Massachusetts,16332,16411,16443,16498,16623,16765,16854,16932,17022,17127,17156,17270
061,25,021,00000,07740,00000,0,F,Braintree Town city,Massachusetts,35744,35726,35804,36017,36345,36782,37174,37176,37194,37256,37225,37190
071,25,021,07740,07740,00000,1,A,Braintree Town city,Massachusetts,35744,35726,35804,36017,36345,36782,37174,37176,37194,37256,37225,37190
061,25,021,00000,09175,00000,1,A,Brookline town,Massachusetts,58732,58613,58701,58771,58948,59305,59302,59119,59162,59286,59188,59121
061,25,021,00000,11315,00000,1,A,Canton town,Massachusetts,21561,21581,21634,21774,21974,22237,22535,22768,23242,23343,23600,23805
061,25,021,00000,14640,00000,1,A,Cohasset town,Massachusetts,7542,7540,7549,8140,8210,8289,8348,8389,8461,8514,8529,8548
061,25,021,00000,16495,00000,1,A,Dedham town,Massachusetts,24729,24723,24816,24891,25094,25349,25459,25383,25398,25255,25231,25219
061,25,021,00000,17405,00000,1,A,Dover town,Massachusetts,5589,5591,5603,5667,5733,5795,5874,5942,5980,6051,6093,6127
061,25,021,00000,24820,00000,1,A,Foxborough town,Massachusetts,16865,16872,16911,16980,17121,17292,17400,17440,17538,17601,17637,18399
061,25,021,00000,25172,00000,0,F,Franklin Town city,Massachusetts,31635,31633,31847,32166,32333,32611,32814,32886,32977,33166,33201,34087
071,25,021,25172,25172,00000,1,A,Franklin Town city,Massachusetts,31635,31633,31847,32166,32333,32611,32814,32886,32977,33166,33201,34087
061,25,021,00000,30455,00000,1,A,Holbrook town,Massachusetts,10791,10806,10826,10865,10933,10990,11042,11040,11042,11051,11035,11033
061,25,021,00000,39765,00000,1,A,Medfield town,Massachusetts,12024,12027,12058,12120,12230,12303,12386,12672,12864,12870,12884,12955
061,25,021,00000,39975,00000,1,A,Medway town,Massachusetts,12752,12754,12782,12803,12917,12990,13105,13156,13232,13347,13412,13479
061,25,021,00000,41515,00000,1,A,Millis town,Massachusetts,7891,7900,7913,7969,8015,8066,8110,8161,8186,8233,8259,8310
061,25,021,00000,41690,00000,1,A,Milton town,Massachusetts,27003,27007,27065,27130,27272,27413,27535,27537,27578,27579,27592,27593
061,25,021,00000,44105,00000,1,A,Needham town,Massachusetts,28886,28973,29170,29286,29506,29841,30264,30493,30686,31026,31221,31388
061,25,021,00000,46050,00000,1,A,Norfolk town,Massachusetts,11227,11215,11241,11396,11512,11584,11752,11546,11669,11810,11905,12003
061,25,021,00000,50250,00000,1,A,Norwood town,Massachusetts,28602,28609,28652,28709,28859,29029,29141,29087,29172,29256,29306,29725
061,25,021,00000,54100,00000,1,A,Plainville town,Massachusetts,8264,8273,8304,8389,8452,8799,8929,9021,9123,9192,9244,9293
061,25,021,00000,55745,00000,0,F,Quincy city,Massachusetts,92271,92262,92457,92544,92973,93470,93685,93766,94130,94322,94403,94470
071,25,021,55745,55745,00000,1,A,Quincy city,Massachusetts,92271,92262,92457,92544,92973,93470,93685,93766,94130,94322,94403,94470
061,25,021,00000,56000,00000,0,F,Randolph Town city,Massachusetts,A,32100,32439,32758,33264,33493,33639,33633,33648,34342,34367,34362
071,25,021,56000,56000,00000,1,A,Randolph Town city,Massachusetts,A,32100,32439,32758,33264,33493,33639,33633,33648,34342,34367,34362
061,25,021,00000,60785,00000,1,A,Sharon town,Massachusetts,17612,17554,17588,17860,17992,18160,18259,18263,18274,18314,18913,18895
061,25,021,00000,67945,00000,1,A,Stoughton town,Massachusetts,26962,26995,27123,27753,27897,28176,28334,28364,28397,28595,28903,28915
061,25,021,00000,72495,00000,1,A,Walpole town,Massachusetts,24070,24069,24140,24375,24632,24754,24936,25094,25051,25150,25138,25200
061,25,021,00000,74175,00000,1,A,Wellesley town,Massachusetts,27982,27898,28046,28543,28547,28692,28643,28735,28876,28765,28710,28670
061,25,021,00000,78690,00000,1,A,Westwood town,Massachusetts,14618,14625,14655,14713,14805,14905,15028,16036,16043,16099,16113,16400
061,25,021,00000,78972,00000,0,F,Weymouth Town city,Massachusetts,53743,53762,53828,54177,55058,55452,55725,55798,55924,56695,57511,57746
071,25,021,78972,78972,00000,1,A,Weymouth Town city,Massachusetts,53743,53762,53828,54177,55058,55452,55725,55798,55924,56695,57511,57746
061,25,021,00000,82315,00000,1,A,Wrentham town,Massachusetts,10955,11037,11061,11112,11219,11359,11505,11606,11728,11861,11949,12023
050,25,023,00000,00000,00000,0,A,Plymouth County,Massachusetts,494919,494932,495926,498184,499495,502792,506513,509221,512207,515461,518422,521202
157,25,023,08130,00000,00000,0,A,Bridgewater Town city,Massachusetts,A,26569,26708,26825,26888,27308,27498,27436,27382,27279,27441,27619
157,25,023,09000,00000,00000,0,A,Brockton city,Massachusetts,93810,93767,93809,94117,94050,94361,94858,95425,95441,95682,95723,95708
157,25,023,99990,00000,00000,0,S,Balance of Plymouth County,Massachusetts,401109,374596,375409,377242,378557,381123,384157,386360,389384,392500,395258,397875
061,25,023,00000,00170,00000,1,A,Abington town,Massachusetts,15985,16026,16043,16076,16095,16164,16230,16266,16335,16417,16532,16668
061,25,023,00000,08130,00000,0,F,Bridgewater Town city,Massachusetts,A,26569,26708,26825,26888,27308,27498,27436,27382,27279,27441,27619
071,25,023,08130,08130,00000,1,A,Bridgewater Town city,Massachusetts,A,26569,26708,26825,26888,27308,27498,27436,27382,27279,27441,27619
061,25,023,00000,09000,00000,0,F,Brockton city,Massachusetts,93810,93767,93809,94117,94050,94361,94858,95425,95441,95682,95723,95708
071,25,023,09000,09000,00000,1,A,Brockton city,Massachusetts,93810,93767,93809,94117,94050,94361,94858,95425,95441,95682,95723,95708
061,25,023,00000,11665,00000,1,A,Carver town,Massachusetts,11509,11490,11504,11510,11497,11536,11574,11622,11664,11730,11786,11767
061,25,023,00000,17895,00000,1,A,Duxbury town,Massachusetts,15059,15060,15081,15104,15147,15263,15348,15439,15859,15947,15917,15921
061,25,023,00000,18455,00000,1,A,East Bridgewater town,Massachusetts,13794,13796,13811,13898,13958,14069,14244,14316,14426,14481,14510,14526
061,25,023,00000,27795,00000,1,A,Halifax town,Massachusetts,7518,7515,7526,7549,7567,7624,7705,7760,7817,7860,7884,7896
061,25,023,00000,28285,00000,1,A,Hanover town,Massachusetts,13879,13873,13896,13922,14132,14220,14301,14342,14400,14470,14529,14570
061,25,023,00000,28495,00000,1,A,Hanson town,Massachusetts,10209,10203,10220,10257,10280,10312,10406,10590,10732,10795,10897,10914
061,25,023,00000,30210,00000,1,A,Hingham town,Massachusetts,22157,22155,22212,22310,22506,22743,22942,23077,23124,23436,23949,24679
061,25,023,00000,31645,00000,1,A,Hull town,Massachusetts,10293,10293,10305,10311,10316,10356,10383,10401,10433,10464,10475,10475
061,25,023,00000,33220,00000,1,A,Kingston town,Massachusetts,12629,12628,12639,12696,12731,12865,13038,13210,13401,13574,13724,13863
061,25,023,00000,33920,00000,1,A,Lakeville town,Massachusetts,10602,10610,10724,10774,10860,11127,11155,11203,11279,11433,11427,11561
061,25,023,00000,38540,00000,1,A,Marion town,Massachusetts,4907,4907,4919,4927,4913,4935,5064,5078,5096,5115,5153,5188
061,25,023,00000,38855,00000,1,A,Marshfield town,Massachusetts,25132,25125,25206,25336,25387,25453,25575,25638,25761,25874,25934,25967
061,25,023,00000,39450,00000,1,A,Mattapoisett town,Massachusetts,6045,6045,6055,6082,6110,6165,6209,6254,6295,6337,6385,6401
061,25,023,00000,40850,00000,1,A,Middleborough town,Massachusetts,23116,23114,23148,23233,23333,23603,23829,24154,24568,24903,25163,25463
061,25,023,00000,50145,00000,1,A,Norwell town,Massachusetts,10506,10514,10529,10563,10603,10662,10834,10925,10972,11089,11134,11153
061,25,023,00000,52630,00000,1,A,Pembroke town,Massachusetts,17837,17844,17875,17924,17951,18073,18163,18232,18318,18406,18472,18509
061,25,023,00000,54310,00000,1,A,Plymouth town,Massachusetts,56468,56468,56652,57135,57266,57562,58260,58595,59209,59985,60771,61528
061,25,023,00000,54415,00000,1,A,Plympton town,Massachusetts,2820,2839,2847,2855,2857,2874,2893,2911,2928,2975,2991,2987
061,25,023,00000,57600,00000,1,A,Rochester town,Massachusetts,5232,5230,5242,5296,5317,5368,5427,5475,5517,5581,5636,5687
061,25,023,00000,57775,00000,1,A,Rockland town,Massachusetts,17489,17478,17500,17560,17614,17691,17810,17889,17945,17985,18003,17986
061,25,023,00000,60330,00000,1,A,Scituate town,Massachusetts,18133,18135,18157,18176,18191,18298,18403,18473,18606,18718,18846,18924
061,25,023,00000,72985,00000,1,A,Wareham town,Massachusetts,21822,21836,21870,22228,22356,22430,22504,22539,22593,22640,22691,22745
061,25,023,00000,75260,00000,1,A,West Bridgewater town,Massachusetts,6916,6927,6937,6948,6953,7014,7067,7110,7158,7245,7265,7281
061,25,023,00000,79530,00000,1,A,Whitman town,Massachusetts,14489,14485,14511,14572,14617,14716,14793,14861,14948,15040,15184,15216
050,25,025,00000,00000,00000,0,N,Suffolk County,Massachusetts,722023,722183,725772,737141,751103,762488,773630,782591,792576,800806,803147,803907
157,25,025,07000,00000,00000,0,A,Boston city,Massachusetts,617594,617792,621048,630505,642955,653002,662855,670491,679848,687788,691147,692600
157,25,025,13205,00000,00000,0,A,Chelsea city,Massachusetts,35177,35181,35341,36207,36911,37644,38685,39735,40261,40287,39937,39690
157,25,025,56585,00000,00000,0,A,Revere city,Massachusetts,51755,51713,51845,52628,53241,53694,53802,53960,53942,54071,53483,53073
157,25,025,81005,00000,00000,0,A,Winthrop Town city,Massachusetts,17497,17497,17538,17801,17996,18148,18288,18405,18525,18660,18580,18544
061,25,025,00000,07000,00000,0,F,Boston city,Massachusetts,617594,617792,621048,630505,642955,653002,662855,670491,679848,687788,691147,692600
071,25,025,07000,07000,00000,1,A,Boston city,Massachusetts,617594,617792,621048,630505,642955,653002,662855,670491,679848,687788,691147,692600
061,25,025,00000,13205,00000,0,F,Chelsea city,Massachusetts,35177,35181,35341,36207,36911,37644,38685,39735,40261,40287,39937,39690
071,25,025,13205,13205,00000,1,A,Chelsea city,Massachusetts,35177,35181,35341,36207,36911,37644,38685,39735,40261,40287,39937,39690
061,25,025,00000,56585,00000,0,F,Revere city,Massachusetts,51755,51713,51845,52628,53241,53694,53802,53960,53942,54071,53483,53073
071,25,025,56585,56585,00000,1,A,Revere city,Massachusetts,51755,51713,51845,52628,53241,53694,53802,53960,53942,54071,53483,53073
061,25,025,00000,81005,00000,0,F,Winthrop Town city,Massachusetts,17497,17497,17538,17801,17996,18148,18288,18405,18525,18660,18580,18544
071,25,025,81005,81005,00000,1,A,Winthrop Town city,Massachusetts,17497,17497,17538,17801,17996,18148,18288,18405,18525,18660,18580,18544
050,25,027,00000,00000,00000,0,N,Worcester County,Massachusetts,798552,798383,800391,804063,806942,810846,815526,818117,820320,825749,829054,830622
157,25,027,23875,00000,00000,0,A,Fitchburg city,Massachusetts,40318,40325,40442,40428,40512,40570,40666,40684,40676,40762,40745,40638
157,25,027,25485,00000,00000,0,A,Gardner city,Massachusetts,20228,20233,20174,20223,20368,20409,20344,20519,20539,20636,20672,20683
157,25,027,35075,00000,00000,0,A,Leominster city,Massachusetts,40759,40760,40782,40907,40946,41121,41500,41562,41406,41603,41727,41716
157,25,027,63345,00000,00000,0,A,Southbridge Town city,Massachusetts,16719,16709,16723,16749,16791,16798,16835,16859,16866,16897,16907,16878
157,25,027,82000,00000,00000,0,A,Worcester city,Massachusetts,181045,180891,181759,182387,182575,183327,184559,184627,184859,185325,185555,185428
157,25,027,99990,00000,00000,0,F,Balance of Worcester County,Massachusetts,499483,499465,500511,503369,505750,508621,511622,513866,515974,520526,523448,525279
061,25,027,00000,01885,00000,1,A,Ashburnham town,Massachusetts,6081,6076,6086,6109,6138,6157,6179,6198,6226,6308,6340,6348
061,25,027,00000,02480,00000,1,A,Athol town,Massachusetts,11584,11579,11616,11628,11661,11677,11678,11673,11669,11716,11739,11732
061,25,027,00000,02760,00000,1,A,Auburn town,Massachusetts,16188,16219,16234,16299,16369,16434,16529,16574,16617,16694,16768,16766
061,25,027,00000,03740,00000,1,A,Barre town,Massachusetts,5398,5398,5403,5409,5427,5446,5473,5489,5506,5556,5570,5578
061,25,027,00000,05490,00000,1,A,Berlin town,Massachusetts,2866,2868,2872,2890,2997,3038,3074,3108,3135,3178,3214,3240
061,25,027,00000,06015,00000,1,A,Blackstone town,Massachusetts,9026,9011,9016,9048,9089,9135,9177,9200,9231,9306,9309,9288
061,25,027,00000,06365,00000,1,A,Bolton town,Massachusetts,4897,4899,4930,4982,5017,5077,5134,5173,5219,5283,5366,5426
061,25,027,00000,07525,00000,1,A,Boylston town,Massachusetts,4355,4355,4357,4355,4393,4433,4475,4527,4571,4631,4677,4712
061,25,027,00000,09105,00000,1,A,Brookfield town,Massachusetts,3390,3379,3383,3386,3397,3399,3406,3415,3422,3441,3452,3452
061,25,027,00000,12715,00000,1,A,Charlton town,Massachusetts,12981,12986,13005,13061,13130,13181,13305,13379,13442,13567,13660,13713
061,25,027,00000,14395,00000,1,A,Clinton town,Massachusetts,13606,13600,13624,13641,13693,13744,13786,13832,13869,13953,13993,14000
061,25,027,00000,17300,00000,1,A,Douglas town,Massachusetts,8471,8468,8475,8526,8569,8623,8677,8708,8743,8864,8934,9038
061,25,027,00000,17685,00000,1,A,Dudley town,Massachusetts,11390,11375,11462,11461,11384,11499,11536,11643,11687,11752,11781,11773
061,25,027,00000,18560,00000,1,A,East Brookfield town,Massachusetts,2183,2188,2191,2190,2194,2196,2197,2197,2194,2200,2218,2210
061,25,027,00000,23875,00000,0,F,Fitchburg city,Massachusetts,40318,40325,40442,40428,40512,40570,40666,40684,40676,40762,40745,40638
071,25,027,23875,23875,00000,1,A,Fitchburg city,Massachusetts,40318,40325,40442,40428,40512,40570,40666,40684,40676,40762,40745,40638
061,25,027,00000,25485,00000,0,F,Gardner city,Massachusetts,20228,20233,20174,20223,20368,20409,20344,20519,20539,20636,20672,20683
071,25,027,25485,25485,00000,1,A,Gardner city,Massachusetts,20228,20233,20174,20223,20368,20409,20344,20519,20539,20636,20672,20683
061,25,027,00000,26430,00000,1,A,Grafton town,Massachusetts,17765,17763,17789,17891,18054,18175,18383,18524,18636,18764,18854,18883
061,25,027,00000,28740,00000,1,A,Hardwick town,Massachusetts,2990,3002,3003,3005,3012,3016,3026,3026,3029,3036,3052,3057
061,25,027,00000,28950,00000,1,A,Harvard town,Massachusetts,6520,6521,6533,6530,6538,6550,6549,6538,6549,6568,6603,6620
061,25,027,00000,30560,00000,1,A,Holden town,Massachusetts,17346,17464,17490,17627,17766,18109,18594,18734,18917,19055,19229,19303
061,25,027,00000,30945,00000,1,A,Hopedale town,Massachusetts,5911,5905,5908,5920,5934,5947,5948,5948,5948,5970,5968,5951
061,25,027,00000,31435,00000,1,A,Hubbardston town,Massachusetts,4382,4382,4397,4404,4426,4455,4511,4577,4633,4712,4775,4829
061,25,027,00000,34165,00000,1,A,Lancaster town,Massachusetts,8055,8069,8076,8007,8083,7990,7910,7953,8025,8132,8070,8082
061,25,027,00000,34795,00000,1,A,Leicester town,Massachusetts,10970,10892,10910,10988,11106,11167,11195,11249,11280,11337,11366,11341
061,25,027,00000,35075,00000,0,F,Leominster city,Massachusetts,40759,40760,40782,40907,40946,41121,41500,41562,41406,41603,41727,41716
071,25,027,35075,35075,00000,1,A,Leominster city,Massachusetts,40759,40760,40782,40907,40946,41121,41500,41562,41406,41603,41727,41716
061,25,027,00000,37420,00000,1,A,Lunenburg town,Massachusetts,10086,10076,10084,10813,10847,10985,11040,11157,11198,11297,11631,11736
061,25,027,00000,40255,00000,1,A,Mendon town,Massachusetts,5839,5853,5859,5872,5891,5908,5962,6015,6037,6108,6168,6223
061,25,027,00000,41165,00000,1,A,Milford town,Massachusetts,27999,27989,28034,28114,28218,28319,28537,28633,28737,28932,29051,29101
061,25,027,00000,41340,00000,1,A,Millbury town,Massachusetts,13261,13261,13270,13295,13345,13436,13482,13528,13594,13749,13865,13947
061,25,027,00000,41585,00000,1,A,Millville town,Massachusetts,3190,3189,3191,3192,3200,3212,3222,3227,3243,3252,3259,3257
061,25,027,00000,45105,00000,1,A,New Braintree town,Massachusetts,999,999,1002,1010,1017,1022,1022,1022,1022,1025,1024,1024
061,25,027,00000,46820,00000,1,A,Northborough town,Massachusetts,14155,14199,14438,14707,14687,14789,14945,14984,14998,15071,15101,15109
061,25,027,00000,46925,00000,1,A,Northbridge town,Massachusetts,15707,15701,15722,15860,16114,16241,16326,16420,16491,16635,16693,16679
061,25,027,00000,47135,00000,1,A,North Brookfield town,Massachusetts,4680,4676,4683,4691,4707,4727,4734,4752,4762,4787,4795,4792
061,25,027,00000,50670,00000,1,A,Oakham town,Massachusetts,1902,1905,1906,1909,1913,1919,1920,1925,1933,1949,1957,1957
061,25,027,00000,51825,00000,1,A,Oxford town,Massachusetts,13709,13711,13719,13743,13785,13822,13864,13895,13912,13981,14017,14009
061,25,027,00000,52420,00000,1,A,Paxton town,Massachusetts,4806,4797,4816,4845,4818,4824,4818,4809,4839,4936,4955,4963
061,25,027,00000,53120,00000,1,A,Petersham town,Massachusetts,1234,1238,1239,1246,1249,1251,1250,1250,1251,1255,1255,1250
061,25,027,00000,53225,00000,1,A,Phillipston town,Massachusetts,1682,1687,1690,1695,1708,1720,1725,1732,1735,1744,1748,1746
061,25,027,00000,55395,00000,1,A,Princeton town,Massachusetts,3413,3415,3419,3433,3437,3444,3446,3445,3441,3456,3474,3488
061,25,027,00000,58580,00000,1,A,Royalston town,Massachusetts,1258,1258,1259,1259,1264,1268,1269,1271,1268,1272,1274,1277
061,25,027,00000,58825,00000,1,A,Rutland town,Massachusetts,7973,7979,8004,8118,8200,8280,8362,8465,8539,8706,8831,8938
061,25,027,00000,61800,00000,1,A,Shrewsbury town,Massachusetts,35608,35561,35625,35854,36035,36273,36505,36647,36646,37335,37902,38526
061,25,027,00000,63165,00000,1,A,Southborough town,Massachusetts,9767,9767,9775,9817,9851,9894,9935,10016,10085,10136,10151,10208
061,25,027,00000,63345,00000,0,F,Southbridge Town city,Massachusetts,16719,16709,16723,16749,16791,16798,16835,16859,16866,16897,16907,16878
071,25,027,63345,63345,00000,1,A,Southbridge Town city,Massachusetts,16719,16709,16723,16749,16791,16798,16835,16859,16866,16897,16907,16878
061,25,027,00000,66105,00000,1,A,Spencer town,Massachusetts,11688,11708,11715,11747,11781,11814,11843,11835,11918,11972,11947,11935
061,25,027,00000,67385,00000,1,A,Sterling town,Massachusetts,7808,7796,7802,7817,7847,7865,7920,7965,8025,8128,8168,8174
061,25,027,00000,68155,00000,1,A,Sturbridge town,Massachusetts,9268,9240,9254,9294,9328,9378,9433,9458,9503,9556,9598,9597
061,25,027,00000,68610,00000,1,A,Sutton town,Massachusetts,8963,8974,8984,9034,9097,9161,9228,9288,9371,9465,9537,9582
061,25,027,00000,69275,00000,1,A,Templeton town,Massachusetts,8013,7982,8001,8004,8032,8083,8110,8098,8108,8137,8138,8138
061,25,027,00000,71480,00000,1,A,Upton town,Massachusetts,7542,7540,7554,7605,7643,7674,7702,7718,7784,7927,8000,8065
061,25,027,00000,71620,00000,1,A,Uxbridge town,Massachusetts,13457,13455,13469,13505,13552,13646,13729,13817,13873,13993,14062,14195
061,25,027,00000,73090,00000,1,A,Warren town,Massachusetts,5135,5135,5140,5146,5158,5177,5185,5194,5194,5214,5231,5222
061,25,027,00000,73895,00000,1,A,Webster town,Massachusetts,16767,16772,16785,16803,16836,16876,16892,16923,16949,17025,16997,16949
061,25,027,00000,75015,00000,1,A,Westborough town,Massachusetts,18272,18278,18290,18414,18389,18609,18779,18873,18949,19103,19142,19144
061,25,027,00000,75155,00000,1,A,West Boylston town,Massachusetts,7669,7673,7727,7759,7866,7839,7857,7829,7868,8011,8052,8077
061,25,027,00000,75400,00000,1,A,West Brookfield town,Massachusetts,3701,3649,3655,3668,3696,3710,3725,3726,3714,3731,3732,3727
061,25,027,00000,77010,00000,1,A,Westminster town,Massachusetts,7277,7271,7280,7301,7343,7408,7454,7550,7636,7757,7869,7997
061,25,027,00000,80405,00000,1,A,Winchendon town,Massachusetts,10300,10332,10360,10442,10519,10599,10659,10734,10803,10858,10886,10905
061,25,027,00000,82000,00000,0,F,Worcester city,Massachusetts,181045,180891,181759,182387,182575,183327,184559,184627,184859,185325,185555,185428
071,25,027,82000,82000,00000,1,A,Worcester city,Massachusetts,181045,180891,181759,182387,182575,183327,184559,184627,184859,185325,185555,185428
