,,,"Population of Massachusetts Cities, Towns & Counties: Census Counts, 1930-2014",,,,,,,,,,,,,,,,,,,,,,,,,
,,,,,,,,,,,,,,,,,,,,,,,,,,,,
FIPS Codes,,,,Land Area,Decennial Census Count (as of April 1),,,,,,,,,,,,,Census Estimate (as of July 1),,,,,,,,,,
Cnty,CouSub,,Area Name,(Mi2),1930,1940,1950,1960,1970,1980,1990,2000,2010,2010 (Pop/Mi2),Share in 2010,2010 Revisions through CQR,Change from Original Count,2010,2011,2012,2013,2014,,,,,,
,,25,Massachusetts,"7,840.0"," 4,248,326 "," 4,316,721 "," 4,690,514 "," 5,148,578 "," 5,689,377 "," 5,737,037 "," 6,016,425 "," 6,349,113 "," 6,547,629 ",835.2,,,,"6,564,073","6,612,270","6,655,829","6,708,874","6,745,408",,,,,,
,,,,,,,,,,,,,,,,,,,,,,,,,,,,
001,,25001,Barnstable County,395.5," 32,305 "," 37,295 "," 46,805 "," 70,286 "," 96,656 "," 147,925 "," 186,605 "," 222,232 "," 215,888 ",545.8,3.3%,,,"215,903","215,335","214,845","214,836","214,914",,,,,,
001,03690,2500103690,Barnstable Town city,60.0," 7,271 "," 8,333 "," 10,480 "," 13,465 "," 19,842 "," 30,898 "," 40,949 ","47,821"," 45,193 ",752.8,0.7%,,,"45,146","44,831","44,720","44,604","44,529",,,,,,
001,07175,2500107175,Bourne town,40.9," 2,895 "," 3,315 "," 4,720 "," 14,011 "," 12,636 "," 13,874 "," 16,064 ","18,721"," 19,754 ",482.8,0.3%,,,"19,767","19,789","19,748","19,738","19,711",,,,,,
001,07980,2500107980,Brewster town,23.0, 769 , 827 , 987 ," 1,236 "," 1,790 "," 5,226 "," 8,440 ","10,098"," 9,820 ",427.2,0.1%,,,"9,854","9,831","9,816","9,804","9,954",,,,,,
001,12995,2500112995,Chatham town,16.2," 1,931 "," 2,136 "," 2,457 "," 3,273 "," 4,554 "," 6,071 "," 6,579 ","6,627"," 6,125 ",377.6,0.1%,,,"6,126","6,115","6,120","6,135","6,151",,,,,,
001,16775,2500116775,Dennis town,20.6," 1,829 "," 2,015 "," 2,499 "," 3,727 "," 6,454 "," 12,360 "," 13,864 ","15,973"," 14,207 ",689.8,0.2%,,,"14,203","14,144","14,088","14,060","14,037",,,,,,
001,19295,2500119295,Eastham town,14.0, 543 , 582 , 860 ," 1,200 "," 2,043 "," 3,472 "," 4,462 ","5,453"," 4,956 ",354.2,0.1%,,,"4,956","4,940","4,926","4,927","4,928",,,,,,
001,23105,2500123105,Falmouth town,44.2," 4,821 "," 6,878 "," 8,662 "," 13,037 "," 15,942 "," 23,640 "," 27,960 ","32,660"," 31,531 ",712.7,0.5%,,,"31,540","31,584","31,549","31,573","31,631",,,,,,
001,29020,2500129020,Harwich town,21.0," 2,329 "," 2,535 "," 2,649 "," 3,747 "," 5,892 "," 8,971 "," 10,275 ","12,384"," 12,243 ",581.8,0.2%,,,"12,251","12,225","12,190","12,193","12,188",,,,,,
001,39100,2500139100,Mashpee town,23.5, 361 , 434 , 438 , 867 ," 1,288 "," 3,700 "," 7,884 ","12,946"," 14,006 ",596.5,0.2%,,,"14,003","13,977","13,950","13,994","14,049",,,,,,
001,51440,2500151440,Orleans town,14.2," 1,181 "," 1,451 "," 1,759 "," 2,342 "," 3,055 "," 5,306 "," 5,838 ","6,341"," 5,890 ",415.5,0.1%,,,"5,893","5,873","5,858","5,859","5,863",,,,,,
001,55500,2500155500,Provincetown town,9.7," 3,808 "," 3,668 "," 3,795 "," 3,389 "," 2,911 "," 3,536 "," 3,561 ","3,431"," 2,942 ",304.5,0.0%,,,"2,947","2,956","2,955","2,965","2,980",,,,,,
001,59735,2500159735,Sandwich town,43.0," 1,437 "," 1,360 "," 2,418 "," 2,082 "," 5,239 "," 8,727 "," 15,489 ","20,136"," 20,675 ",480.4,0.3%,,,"20,669","20,615","20,573","20,577","20,536",,,,,,
001,70605,2500170605,Truro town,21.1, 513 , 585 , 661 ," 1,002 "," 1,234 "," 1,486 "," 1,573 ","2,085"," 2,003 ",95.1,0.0%,,,"2,003","2,002","2,000","2,011","2,011",,,,,,
001,74385,2500174385,Wellfleet town,19.8, 823 , 890 ," 1,123 "," 1,404 "," 1,743 "," 2,209 "," 2,493 ","2,749"," 2,750 ",138.7,0.0%,,,"2,751","2,743","2,743","2,746","2,754",,,,,,
001,82525,2500182525,Yarmouth town,24.2," 1,794 "," 2,286 "," 3,297 "," 5,504 "," 12,033 "," 18,449 "," 21,174 ","24,807"," 23,793 ",981.2,0.4%,,,"23,794","23,710","23,609","23,650","23,592",,,,,,
,,,,,,,,,,,,,,,,,,,,,,,,,,,,
003,,25003,Berkshire County,931.3," 120,700 "," 122,273 "," 132,966 "," 142,135 "," 149,407 "," 145,110 "," 139,352 "," 134,953 "," 131,219 ",140.9,2.0%,,,"131,310","130,575","130,230","129,489","128,715",,,,,,
003,00555,2500300555,Adams town,22.9," 12,697 "," 12,608 "," 12,034 "," 12,391 "," 11,772 "," 10,381 "," 9,445 ","8,809"," 8,485 ",369.9,0.1%,,,"8,476","8,420","8,397","8,344","8,271",,,,,,
003,00975,2500300975,Alford town,11.6, 200 , 201 , 212 , 256 , 302 , 394 , 418 ,399, 494 ,42.7,0.0%,,,494,495,493,491,490,,,,,,
003,04545,2500304545,Becket town,46.3, 672 , 689 , 755 , 770 , 929 ," 1,339 "," 1,481 ","1,755"," 1,779 ",38.5,0.0%,,,"1,779","1,779","1,782","1,780","1,777",,,,,,
003,13345,2500313345,Cheshire town,26.9," 1,697 "," 1,708 "," 2,022 "," 2,472 "," 3,006 "," 3,124 "," 3,479 ","3,401"," 3,235 ",120.1,0.0%,,,"3,233","3,225","3,223","3,202","3,181",,,,,,
003,14010,2500314010,Clarksburg town,12.8," 1,296 "," 1,317 "," 1,630 "," 1,741 "," 1,987 "," 1,871 "," 1,745 ","1,686"," 1,702 ",133.4,0.0%,,,"1,701","1,692","1,691","1,683","1,672",,,,,,
003,16180,2500316180,Dalton town,21.8," 4,220 "," 4,206 "," 4,772 "," 6,436 "," 7,505 "," 6,797 "," 7,155 ","6,892"," 6,756 ",309.8,0.1%,,,"6,758","6,748","6,751","6,727","6,693",,,,,,
003,21360,2500321360,Egremont town,18.8, 513 , 463 , 731 , 895 ," 1,138 "," 1,311 "," 1,229 ","1,345"," 1,225 ",65.0,0.0%,,,"1,226","1,227","1,228","1,225","1,217",,,,,,
003,24120,2500324120,Florida town,24.4, 307 , 421 , 479 , 569 , 672 , 730 , 742 ,676, 752 ,30.9,0.0%,,,752,751,750,745,738,,,,,,
003,26815,2500326815,Great Barrington town,45.2," 5,934 "," 5,824 "," 6,712 "," 6,624 "," 7,537 "," 7,405 "," 7,725 ","7,525"," 7,104 ",157.2,0.1%,,,"7,095","7,030","7,038","7,000","6,945",,,,,,
003,28180,2500328180,Hancock town,35.7, 361 , 332 , 445 , 455 , 675 , 643 , 628 ,719, 717 ,20.1,0.0%,,,717,716,717,716,713,,,,,,
003,30315,2500330315,Hinsdale town,20.8," 1,144 "," 1,235 "," 1,560 "," 1,414 "," 1,588 "," 1,707 "," 1,959 ","1,872"," 2,032 ",97.5,0.0%,,,"2,031","2,019","2,013","1,998","1,980",,,,,,
003,34340,2500334340,Lanesborough town,29.0," 1,170 "," 1,321 "," 2,069 "," 2,933 "," 2,972 "," 3,131 "," 3,032 ","2,996"," 3,091 ",106.4,0.0%,,,"3,087","3,069","3,061","3,039","3,015",,,,,,
003,34655,2500334655,Lee town,26.4," 4,061 "," 4,222 "," 4,820 "," 5,271 "," 6,426 "," 6,247 "," 5,849 ","5,989"," 5,943 ",225.1,0.1%,,,"5,947","5,928","5,937","5,906","5,861",,,,,,
003,34970,2500334970,Lenox town,21.2," 2,742 "," 2,884 "," 3,627 "," 4,253 "," 5,804 "," 6,523 "," 5,069 ","5,077"," 5,025 ",236.8,0.1%,,,"5,075","5,059","5,055","5,043","5,004",,,,,,
003,42460,2500342460,Monterey town,26.5, 321 , 320 , 367 , 480 , 600 , 818 , 805 ,936, 961 ,36.3,0.0%,,,960,957,957,955,954,,,,,,
003,43300,2500343300,Mount Washington town,22.2, 60 , 57 , 34 , 34 , 52 , 93 , 135 ,130, 167 ,7.5,0.0%,,,167,166,166,165,164,,,,,,
003,44385,2500344385,New Ashford town,13.5, 75 , 87 , 118 , 165 , 183 , 159 , 192 ,247, 228 ,16.8,0.0%,,,228,227,227,226,224,,,,,,
003,45420,2500345420,New Marlborough town,47.2, 864 , 956 , 989 ," 1,083 "," 1,031 "," 1,160 "," 1,240 ","1,494"," 1,509 ",32.0,0.0%,,,"1,508","1,504","1,503","1,499","1,492",,,,,,
003,46225,2500346225,North Adams city,20.4," 21,621 "," 22,213 "," 21,567 "," 19,905 "," 19,195 "," 18,063 "," 16,797 ","14,681"," 13,708 ",670.7,0.2%,,,"13,784","13,648","13,609","13,470","13,354",,,,,,
003,51580,2500351580,Otis town,35.8, 367 , 364 , 359 , 473 , 820 , 963 ," 1,073 ","1,365"," 1,612 ",45.0,0.0%,,,"1,610","1,605","1,603","1,596","1,585",,,,,,
003,53050,2500353050,Peru town,25.9, 108 , 142 , 143 , 197 , 256 , 633 , 779 ,821, 847 ,32.7,0.0%,,,849,853,853,847,846,,,,,,
003,53960,2500353960,Pittsfield city,40.7," 49,677 "," 49,684 "," 53,348 "," 57,879 "," 57,020 "," 51,974 "," 48,622 ","45,789"," 44,737 ","1,098.4",0.7%,,,"44,701","44,395","44,307","44,068","43,697",,,,,,
003,56795,2500356795,Richmond town,19.0, 583 , 624 , 737 , 890 ," 1,461 "," 1,659 "," 1,677 ","1,604"," 1,475 ",77.8,0.0%,,,"1,474","1,465","1,461","1,451","1,440",,,,,,
003,59665,2500359665,Sandisfield town,52.3, 412 , 421 , 437 , 536 , 547 , 720 , 667 ,824, 915 ,17.5,0.0%,,,921,921,926,924,919,,,,,,
003,60225,2500360225,Savoy town,35.9, 307 , 300 , 291 , 277 , 322 , 644 , 634 ,705, 692 ,19.3,0.0%,,,692,691,688,685,681,,,,,,
003,61065,2500361065,Sheffield town,48.1," 1,650 "," 1,709 "," 2,150 "," 2,138 "," 2,374 "," 2,743 "," 2,910 ","3,335"," 3,257 ",67.6,0.0%,,,"3,255","3,242","3,237","3,224","3,208",,,,,,
003,67595,2500367595,Stockbridge town,22.9," 1,762 "," 1,815 "," 2,311 "," 2,161 "," 2,312 "," 2,328 "," 2,408 ","2,276"," 1,947 ",84.9,0.0%,,,"1,946","1,942","1,966","1,963","1,950",,,,,,
003,71095,2500371095,Tyringham town,18.7, 246 , 213 , 235 , 197 , 234 , 344 , 369 ,346, 327 ,17.5,0.0%,,,327,325,324,325,324,,,,,,
003,73335,2500373335,Washington town,37.8, 222 , 267 , 281 , 290 , 411 , 587 , 615 ,544, 538 ,14.2,0.0%,,,538,534,535,537,536,,,,,,
003,77990,2500377990,West Stockbridge town,18.5," 1,124 "," 1,062 "," 1,165 "," 1,244 "," 1,354 "," 1,280 "," 1,483 ","1,416"," 1,306 ",70.7,0.0%,,,"1,305","1,299","1,296","1,291","1,282",,,,,,
003,79985,2500379985,Williamstown town,46.9," 3,900 "," 4,294 "," 6,194 "," 7,322 "," 8,454 "," 8,741 "," 8,220 ","8,424"," 7,754 ",165.4,0.1%,,,"7,774","7,741","7,532","7,463","7,605",,,,,,
003,80685,2500380685,Windsor town,35.0, 387 , 314 , 372 , 384 , 468 , 598 , 770 ,875, 899 ,25.7,0.0%,,,900,902,904,901,897,,,,,,
,,,,,,,,,,,,,,,,,,,,,,,,,,,,
005,,25005,Bristol County,556.0," 364,590 "," 364,637 "," 381,569 "," 398,488 "," 444,301 "," 474,641 "," 506,325 "," 534,678 "," 548,285 ",986.1,8.4%,,,"549,076","549,125","550,765","552,167","554,194",,,,,,
005,00520,2500500520,Acushnet town,18.5," 4,092 "," 4,145 "," 4,401 "," 5,755 "," 7,767 "," 8,704 "," 9,554 ","10,161"," 10,303 ",558.3,0.2%,,,"10,303","10,296","10,311","10,345","10,410",,,,,,
005,02690,2500502690,Attleboro city,27.5," 21,769 "," 22,071 "," 23,809 "," 27,118 "," 32,907 "," 34,196 "," 38,383 ","42,068"," 43,593 ","1,584.5",0.7%,,,"43,600","43,663","43,793","43,885","43,970",,,,,,
005,05280,2500505280,Berkley town,16.5," 1,120 "," 1,130 "," 1,284 "," 1,609 "," 2,027 "," 2,731 "," 4,237 ","5,749"," 6,411 ",387.6,0.1%,,,"6,418","6,455","6,493","6,511","6,580",,,,,,
005,16425,2500516425,Dartmouth town,61.6," 8,778 "," 9,011 "," 11,115 "," 14,607 "," 18,800 "," 23,966 "," 27,244 ","30,666"," 34,032 ",552.7,0.5%,,,"34,374","34,292","34,466","34,281","34,415",,,,,,
005,16950,2500516950,Dighton town,22.4," 3,147 "," 2,983 "," 2,950 "," 3,769 "," 4,667 "," 5,352 "," 5,631 ","6,175"," 7,086 ",316.6,0.1%,,,"7,086","7,089","7,144","7,211","7,315",,,,,,
005,20100,2500520100,Easton town,28.4," 5,298 "," 5,135 "," 6,244 "," 9,078 "," 12,157 "," 16,623 "," 19,807 ","22,299"," 23,112 ",812.7,0.4%,,,"23,335","23,254","23,635","23,670","23,907",,,,,,
005,22130,2500522130,Fairhaven town,12.4," 10,951 "," 10,938 "," 12,764 "," 14,339 "," 16,332 "," 15,759 "," 16,132 ","16,159"," 15,873 ","1,280.3",0.2%,,,"15,883","15,903","15,965","16,028","16,034",,,,,,
005,23000,2500523000,Fall River city,31.0," 115,274 "," 115,428 "," 111,963 "," 99,942 "," 96,898 "," 92,574 "," 92,703 ","91,938"," 88,857 ","2,864.3",1.4%,,,"88,842","88,738","88,674","88,718","88,712",,,,,,
005,25240,2500525240,Freetown town,36.6," 1,656 "," 1,584 "," 2,104 "," 3,039 "," 4,270 "," 7,058 "," 8,522 ","8,472"," 8,870 ",242.3,0.1%,,,"8,878","8,893","8,938","9,026","9,093",,,,,,
005,38225,2500538225,Mansfield town,20.5," 6,364 "," 6,530 "," 7,184 "," 7,773 "," 9,939 "," 13,453 "," 16,568 ","22,414"," 23,184 ","1,133.0",0.4%,,,"23,193","23,209","23,385","23,527","23,595",,,,,,
005,45000,2500545000,New Bedford city,20.1," 112,597 "," 110,341 "," 109,189 "," 102,477 "," 101,777 "," 98,478 "," 99,922 ","93,768"," 95,072 ","4,724.8",1.5%,,,"95,024","94,798","94,811","94,973","94,845",,,,,,
005,46575,2500546575,North Attleborough town,18.6," 10,197 "," 10,359 "," 12,146 "," 14,777 "," 18,665 "," 21,095 "," 25,038 ","27,143"," 28,712 ","1,540.1",0.4%,,,"28,719","28,709","28,759","28,809","28,908",,,,,,
005,49970,2500549970,Norton town,28.7," 2,737 "," 3,107 "," 4,401 "," 6,818 "," 9,487 "," 12,690 "," 14,265 ","18,036"," 19,031 ",663.0,0.3%,,,"19,154","19,228","19,308","19,353","19,396",,,,,,
005,56060,2500556060,Raynham town,20.5," 2,136 "," 2,141 "," 2,426 "," 4,150 "," 6,705 "," 9,085 "," 9,867 ","11,739"," 13,383 ",652.9,0.2%,,,"13,390","13,429","13,484","13,552","13,691",,,,,,
005,56375,2500556375,Rehoboth town,46.5," 2,610 "," 2,736 "," 3,700 "," 4,953 "," 6,512 "," 7,570 "," 8,656 ","10,172"," 11,608 ",249.7,0.2%,,,"11,625","11,666","11,729","11,822","11,926",,,,,,
005,60645,2500560645,Seekonk town,18.3," 4,762 "," 4,912 "," 6,104 "," 8,399 "," 11,116 "," 12,269 "," 13,046 ","13,425"," 13,722 ",749.2,0.2%,,,"13,744","13,854","13,974","14,354","14,683",,,,,,
005,62430,2500562430,Somerset town,8.1," 5,398 "," 5,873 "," 8,566 "," 12,196 "," 18,088 "," 18,813 "," 17,655 ","18,234"," 18,165 ","2,240.1",0.3%,,,"18,209","18,242","18,280","18,295","18,278",,,,,,
005,68750,2500568750,Swansea town,23.1," 3,941 "," 4,684 "," 6,121 "," 9,916 "," 12,640 "," 15,461 "," 15,411 ","15,901"," 15,865 ",687.9,0.2%,,,"15,876","15,928","16,002","16,067","16,150",,,,,,
005,69170,2500569170,Taunton city,46.6," 37,355 "," 37,395 "," 40,109 "," 41,132 "," 43,756 "," 45,001 "," 49,832 ","55,976"," 55,874 ","1,198.9",0.9%,,,"55,881","55,902","55,978","56,051","56,544",,,,,,
005,77570,2500577570,Westport town,50.0," 4,408 "," 4,134 "," 4,989 "," 6,641 "," 9,791 "," 13,763 "," 13,852 ","14,183"," 15,532 ",310.3,0.2%,,,"15,542","15,577","15,636","15,689","15,742",,,,,,
,,,,,,,,,,,,,,,,,,,,,,,,,,,,
007,,25007,Dukes County,103.8," 4,953 "," 5,669 "," 5,633 "," 5,829 "," 6,117 "," 8,942 "," 11,639 "," 14,987 "," 16,535 ",159.3,0.3%,,,"16,553","16,679","16,796","17,190","17,356",,,,,,
007,01585,2500701585,Aquinnah town,5.4, 161 , 127 , 88 , 103 , 118 , 220 , 201 ,344, 311 ,58.0,0.0%,,,312,313,314,321,323,,,,,,
007,13800,2500713800,Chilmark town,19.1, 252 , 226 , 183 , 238 , 340 , 489 , 650 ,843, 866 ,45.2,0.0%,,,868,878,886,910,921,,,,,,
007,21150,2500721150,Edgartown town,27.0," 1,276 "," 1,370 "," 1,508 "," 1,474 "," 1,481 "," 2,204 "," 3,062 ","3,779"," 4,067 ",150.7,0.1%,,,"4,073","4,117","4,156","4,258","4,308",,,,,,
007,26325,2500726325,Gosnold town,13.3, 120 , 136 , 56 , 66 , 83 , 63 , 98 ,86, 75 ,5.6,0.0%,,,75,75,76,77,77,,,,,,
007,50390,2500750390,Oak Bluffs town,7.4," 1,333 "," 1,584 "," 1,521 "," 1,419 "," 1,385 "," 1,984 "," 2,804 ","3,713"," 4,527 ",614.6,0.1%,,,"4,529","4,551","4,572","4,665","4,698",,,,,,
007,69940,2500769940,Tisbury town,6.6," 1,541 "," 1,966 "," 1,930 "," 2,169 "," 2,257 "," 2,972 "," 3,120 ","3,755"," 3,949 ",602.0,0.1%,,,"3,953","3,981","4,007","4,096","4,128",,,,,,
007,78235,2500778235,West Tisbury town,25.0, 270 , 260 , 347 , 360 , 453 ," 1,010 "," 1,704 ","2,467"," 2,740 ",109.5,0.0%,,,"2,743","2,764","2,785","2,863","2,901",,,,,,
,,,,,,,,,,,,,,,,,,,,,,,,,,,,
009,,25009,Essex County,500.7," 498,040 "," 496,313 "," 522,384 "," 568,831 "," 637,905 "," 633,632 "," 670,080 "," 723,421 "," 743,159 ","1,484.3",11.4%,,,"745,478","751,550","756,763","764,093","769,091",,,,,,
009,01260,2500901260,Amesbury Town city,12.4," 11,899 "," 10,862 "," 10,851 "," 10,787 "," 11,388 "," 13,971 "," 14,997 ","16,452"," 16,283 ","1,312.8",0.2%,,,"16,314","16,441","16,538","16,679","16,794",,,,,,
009,01465,2500901465,Andover town,31.0," 9,969 "," 11,122 "," 12,437 "," 15,878 "," 23,695 "," 26,370 "," 29,151 ","31,974"," 33,201 ","1,070.8",0.5%,,,"33,287","33,880","34,192","34,781","35,085",,,,,,
009,05595,2500905595,Beverly city,16.6," 25,086 "," 25,537 "," 28,884 "," 36,108 "," 38,348 "," 37,655 "," 38,195 ","39,862"," 39,502 ","2,379.7",0.6%,,,"39,718","40,070","40,343","40,784","40,952",,,,,,
009,07420,2500907420,Boxford town,24.0, 652 , 778 , 926 ," 2,010 "," 4,032 "," 5,374 "," 6,266 ","7,921"," 7,965 ",332.2,0.1%,,,"7,982","8,042","8,092","8,163","8,213",,,,,,
009,16250,2500916250,Danvers town,13.3," 12,957 "," 14,179 "," 15,720 "," 21,926 "," 26,151 "," 24,100 "," 24,174 ","24,996"," 26,493 ","1,994.9",0.4%,,,"26,526","26,928","27,172","27,317","27,460",,,,,,
009,21850,2500921850,Essex town,14.2," 1,465 "," 1,384 "," 1,794 "," 2,238 "," 2,670 "," 2,998 "," 3,260 ","3,267"," 3,504 ",247.5,0.1%,,,"3,514","3,563","3,586","3,612","3,637",,,,,,
009,25625,2500925625,Georgetown town,12.9," 1,853 "," 1,803 "," 2,411 "," 3,755 "," 5,290 "," 5,687 "," 6,384 ","7,377"," 8,183 ",632.6,0.1%,,,"8,208","8,302","8,381","8,473","8,530",,,,,,
009,26150,2500926150,Gloucester city,26.0," 24,204 "," 24,046 "," 25,167 "," 25,789 "," 27,941 "," 27,768 "," 28,716 ","30,273"," 28,789 ","1,108.8",0.4%,,,"28,859","29,030","29,222","29,444","29,626",,,,,,
009,27620,2500927620,Groveland town,8.9," 2,336 "," 2,122 "," 2,340 "," 3,297 "," 5,400 "," 5,040 "," 5,214 ","6,038"," 6,459 ",722.3,0.1%,,,"6,491","6,634","6,798","7,022","7,059",,,,,,
009,27900,2500927900,Hamilton town,14.6," 2,044 "," 2,037 "," 2,764 "," 5,488 "," 6,373 "," 6,960 "," 7,280 ","8,315"," 7,764 ",531.9,0.1%,,,"7,989","8,036","8,090","8,132","8,188",,,,,,
009,29405,2500929405,Haverhill city,33.3," 48,710 "," 46,752 "," 47,280 "," 46,346 "," 46,120 "," 46,865 "," 51,418 ","58,969"," 60,879 ","1,826.7",0.9%,,,"60,969","61,463","61,768","62,159","62,488",,,,,,
009,32310,2500932310,Ipswich town,32.6," 5,599 "," 6,348 "," 6,895 "," 8,544 "," 10,750 "," 11,158 "," 11,873 ","12,987"," 13,175 ",404.3,0.2%,,,"13,211","13,439","13,515","13,599","13,661",,,,,,
009,34550,2500934550,Lawrence city,7.0," 85,068 "," 84,323 "," 80,536 "," 70,933 "," 66,915 "," 63,175 "," 70,207 ","72,043"," 76,377 ","10,974.1",1.2%,,,"76,521","76,986","77,353","77,765","78,197",,,,,,
009,37490,2500937490,Lynn city,10.8," 102,320 "," 98,123 "," 99,738 "," 94,478 "," 90,294 "," 78,471 "," 81,245 ","89,050"," 90,329 ","8,351.9",1.4%,,,"90,492","90,778","91,275","91,785","92,137",,,,,,
009,37560,2500937560,Lynnfield town,10.1," 1,594 "," 2,287 "," 3,927 "," 8,398 "," 10,826 "," 11,267 "," 11,274 ","11,542"," 11,596 ","1,143.0",0.2%,,,"11,621","11,728","11,820","12,410","12,668",,,,,,
009,37995,2500937995,Manchester-by-the-Sea town,9.3," 2,636 "," 2,472 "," 2,868 "," 3,932 "," 5,151 "," 5,424 "," 5,286 ","5,228"," 5,136 ",552.8,0.1%,,,"5,145","5,203","5,243","5,293","5,336",,,,,,
009,38400,2500938400,Marblehead town,4.5," 8,668 "," 10,856 "," 13,765 "," 18,521 "," 21,295 "," 20,126 "," 19,971 ","20,377"," 19,808 ","4,373.3",0.3%,,,"19,844","20,007","20,168","20,331","20,454",,,,,,
009,40430,2500940430,Merrimac town,8.5," 2,392 "," 2,320 "," 2,804 "," 3,261 "," 4,245 "," 4,451 "," 5,166 ","6,138"," 6,338 ",743.1,0.1%,,,"6,369","6,429","6,499","6,619","6,724",,,,,,
009,40710,2500940710,Methuen Town city,22.4," 21,069 "," 21,880 "," 24,477 "," 28,114 "," 35,456 "," 36,701 "," 39,990 ","43,789"," 47,255 ","2,109.4",0.7%,,,"47,354","47,712","48,027","48,609","49,112",,,,,,
009,41095,2500941095,Middleton town,14.0," 1,712 "," 2,348 "," 2,916 "," 3,718 "," 4,044 "," 4,135 "," 4,921 ","7,744"," 8,987 ",643.4,0.1%,,,"8,984","9,124","9,265","9,451","9,578",,,,,,
009,43580,2500943580,Nahant town,1.2," 1,654 "," 1,835 "," 2,679 "," 3,960 "," 4,119 "," 3,947 "," 3,828 ","3,632"," 3,410 ","2,740.3",0.1%,,,"3,417","3,430","3,441","3,467","3,479",,,,,,
009,45175,2500945175,Newbury town,24.2," 1,530 "," 1,599 "," 1,994 "," 2,519 "," 3,804 "," 4,529 "," 5,623 ","6,717"," 6,666 ",274.9,0.1%,,,"6,682","6,735","6,781","6,866","6,926",,,,,,
009,45245,2500945245,Newburyport city,8.4," 15,084 "," 13,916 "," 14,111 "," 14,004 "," 15,807 "," 15,900 "," 16,317 ","17,189"," 17,416 ","2,077.4",0.3%,,,"17,446","17,556","17,635","17,796","17,926",,,,,,
009,46365,2500946365,North Andover town,26.7," 6,961 "," 7,524 "," 8,485 "," 10,908 "," 16,284 "," 20,129 "," 22,792 ","26,475"," 28,352 ","1,063.8",0.4%,,,"28,431","28,690","28,943","29,228","29,478",,,,,,
009,52490,2500952490,Peabody city,16.4," 21,345 "," 21,711 "," 22,645 "," 32,202 "," 48,080 "," 45,976 "," 47,039 ","48,129"," 51,251 ","3,125.9",0.8%,,,"51,365","51,608","51,856","52,162","52,376",,,,,,
009,57880,2500957880,Rockport town,7.1," 3,630 "," 3,556 "," 4,231 "," 4,616 "," 5,636 "," 6,345 "," 7,482 ","7,767"," 6,952 ",983.6,0.1%,,,"6,970","7,022","7,079","7,134","7,175",,,,,,
009,58405,2500958405,Rowley town,18.7," 1,356 "," 1,533 "," 1,768 "," 2,783 "," 3,040 "," 3,867 "," 4,452 ","5,500"," 5,856 ",312.8,0.1%,,,"5,871","5,914","5,972","6,035","6,202",,,,,,
009,59105,2500959105,Salem city,8.1," 43,353 "," 41,213 "," 41,880 "," 39,211 "," 40,556 "," 38,220 "," 38,091 ","40,407"," 41,340 ","5,101.1",0.6%,,,"41,836","42,035","42,269","42,676","42,824",,,,,,
009,59245,2500959245,Salisbury town,15.4," 2,194 "," 2,376 "," 2,695 "," 3,154 "," 4,179 "," 5,973 "," 6,882 ","7,827"," 8,283 ",536.7,0.1%,,,"8,303","8,397","8,481","8,573","8,706",,,,,,
009,60015,2500960015,Saugus town,11.0," 14,700 "," 14,825 "," 17,162 "," 20,666 "," 25,110 "," 24,746 "," 25,549 ","26,078"," 26,628 ","2,423.8",0.4%,,,"26,721","27,038","27,359","27,790","27,921",,,,,,
009,68645,2500968645,Swampscott town,3.0," 10,346 "," 10,761 "," 11,580 "," 13,294 "," 13,578 "," 13,837 "," 13,650 ","14,412"," 13,787 ","4,520.9",0.2%,,,"13,808","13,868","13,908","13,970","14,014",,,,,,
009,70150,2500970150,Topsfield town,12.7, 986 ," 1,150 "," 1,412 "," 3,351 "," 5,225 "," 5,709 "," 5,754 ","6,141"," 6,085 ",477.7,0.1%,,,"6,097","6,181","6,288","6,393","6,505",,,,,,
009,74595,2500974595,Wenham town,7.7," 1,119 "," 1,220 "," 1,644 "," 2,798 "," 3,849 "," 3,897 "," 4,212 ","4,656"," 4,875 ",631.6,0.1%,,,"4,884","4,974","5,038","5,136","5,165",,,,,,
009,77150,2500977150,West Newbury town,13.5," 1,549 "," 1,515 "," 1,598 "," 1,844 "," 2,254 "," 2,861 "," 3,421 ","4,149"," 4,235 ",313.3,0.1%,,,"4,249","4,307","4,366","4,439","4,495",,,,,,
,,,,,,,,,,,,,,,,,,,,,,,,,,,,
011,,25011,Franklin County,702.0," 49,612 "," 49,453 "," 52,747 "," 54,864 "," 59,233 "," 64,317 "," 70,092 "," 71,535 "," 71,372 ",101.7,1.1%,,,"71,317","71,624","71,544","71,155","70,862",,,,,,
011,02095,2501102095,Ashfield town,40.3, 860 , 872 , 977 ," 1,131 "," 1,274 "," 1,458 "," 1,715 ","1,800"," 1,737 ",43.1,0.0%,,,"1,739","1,742","1,740","1,734","1,731",,,,,,
011,05560,2501105560,Bernardston town,23.4, 893 , 954 ," 1,117 "," 1,370 "," 1,659 "," 1,750 "," 2,048 ","2,155"," 2,129 ",90.9,0.0%,,,"2,127","2,136","2,134","2,124","2,113",,,,,,
011,09595,2501109595,Buckland town,19.6," 1,497 "," 1,527 "," 1,605 "," 1,664 "," 1,892 "," 1,864 "," 1,928 ","1,991"," 1,902 ",97.2,0.0%,,,"1,898","1,903","1,897","1,886","1,874",,,,,,
011,12505,2501112505,Charlemont town,26.1, 816 , 789 , 855 , 897 , 897 ," 1,149 "," 1,249 ","1,358"," 1,266 ",48.5,0.0%,,,"1,265","1,266","1,264","1,255","1,246",,,,,,
011,14885,2501114885,Colrain town,43.4," 1,391 "," 1,497 "," 1,546 "," 1,426 "," 1,420 "," 1,552 "," 1,757 ","1,813"," 1,671 ",38.5,0.0%,,,"1,670","1,676","1,671","1,661","1,656",,,,,,
011,15200,2501115200,Conway town,37.7, 900 , 944 , 873 , 875 , 998 ," 1,213 "," 1,529 ","1,809"," 1,897 ",50.3,0.0%,,,"1,898","1,908","1,902","1,899","1,887",,,,,,
011,16670,2501116670,Deerfield town,32.3," 2,882 "," 2,684 "," 3,086 "," 3,338 "," 3,873 "," 4,517 "," 5,018 ","4,750"," 5,125 ",158.7,0.1%,,,"5,123","5,118","5,109","5,082","5,054",,,,,,
011,21780,2501121780,Erving town,13.9," 1,263 "," 1,328 "," 1,322 "," 1,272 "," 1,260 "," 1,326 "," 1,372 ","1,467"," 1,800 ",129.7,0.0%,,,"1,799","1,806","1,802","1,798","1,788",,,,,,
011,25730,2501125730,Gill town,14.0, 983 , 931 ," 1,070 "," 1,203 "," 1,100 "," 1,259 "," 1,583 ","1,363"," 1,500 ",107.3,0.0%,,,"1,502","1,500","1,503","1,495","1,496",,,,,,
011,27100,2501127100,Greenfield Town city,21.7," 15,500 "," 15,672 "," 17,349 "," 17,690 "," 18,116 "," 18,436 "," 18,666 ","18,168"," 17,456 ",803.4,0.3%,,,"17,424","17,584","17,580","17,416","17,368",,,,,,
011,29475,2501129475,Hawley town,30.9, 313 , 257 , 244 , 251 , 224 , 280 , 317 ,336, 337 ,10.9,0.0%,,,338,336,335,334,331,,,,,,
011,29650,2501129650,Heath town,24.9, 331 , 359 , 305 , 304 , 383 , 482 , 716 ,805, 706 ,28.4,0.0%,,,705,707,708,704,700,,,,,,
011,35180,2501135180,Leverett town,22.8, 677 , 688 , 791 , 914 ," 1,005 "," 1,471 "," 1,785 ","1,698"," 1,851 ",81.0,0.0%,,,"1,855","1,867","1,865","1,861","1,856",,,,,,
011,35285,2501135285,Leyden town,18.0, 261 , 260 , 306 , 343 , 376 , 498 , 662 ,772, 711 ,39.5,0.0%,,,713,720,722,719,718,,,,,,
011,42040,2501142040,Monroe town,10.7, 218 , 207 , 174 , 210 , 216 , 179 , 115 ,93, 121 ,11.3,0.0%,,,121,121,121,121,120,,,,,,
011,42285,2501142285,Montague town,30.4," 8,081 "," 7,582 "," 7,812 "," 7,836 "," 8,451 "," 8,011 "," 8,316 ","8,468"," 8,437 ",277.5,0.1%,,,"8,426","8,445","8,420","8,379","8,325",,,,,,
011,45490,2501145490,New Salem town,45.0, 414 , 357 , 392 , 397 , 474 , 688 , 802 ,929, 990 ,22.0,0.0%,,,989,995,"1,001","1,000","1,000",,,,,,
011,47835,2501147835,Northfield town,34.4," 1,888 "," 1,975 "," 2,246 "," 2,320 "," 2,631 "," 2,386 "," 2,838 ","2,951"," 3,032 ",88.1,0.0%,,,"3,030","3,040","3,035","3,024","3,012",,,,,,
011,51265,2501151265,Orange town,35.4," 5,365 "," 5,611 "," 5,894 "," 6,154 "," 6,104 "," 6,844 "," 7,312 ","7,518"," 7,839 ",221.7,0.1%,,,"7,833","7,842","7,814","7,764","7,713",,,,,,
011,58335,2501158335,Rowe town,23.5, 298 , 233 , 199 , 231 , 277 , 336 , 378 ,351, 393 ,16.7,0.0%,,,393,394,394,391,387,,,,,,
011,61135,2501161135,Shelburne town,23.3," 1,544 "," 1,636 "," 1,756 "," 1,739 "," 1,836 "," 2,002 "," 2,012 ","2,058"," 1,893 ",81.4,0.0%,,,"1,893","1,894","1,898","1,893","1,883",,,,,,
011,61905,2501161905,Shutesbury town,26.6, 222 , 191 , 213 , 265 , 489 ," 1,049 "," 1,561 ","1,806"," 1,771 ",66.5,0.0%,,,"1,770","1,783","1,779","1,775","1,770",,,,,,
011,68400,2501168400,Sunderland town,14.4," 1,159 "," 1,085 ", 905 ," 1,279 "," 2,236 "," 2,929 "," 3,399 ","3,777"," 3,684 ",256.1,0.1%,,,"3,683","3,699","3,700","3,692","3,679",,,,,,
011,73265,2501173265,Warwick town,37.3, 367 , 444 , 429 , 426 , 492 , 603 , 740 ,750, 780 ,20.9,0.0%,,,779,781,778,774,769,,,,,,
011,74525,2501174525,Wendell town,32.0, 353 , 391 , 342 , 292 , 405 , 694 , 899 ,986, 848 ,26.5,0.0%,,,849,860,866,868,871,,,,,,
011,79110,2501179110,Whately town,20.2," 1,136 ", 979 , 939 ," 1,037 "," 1,145 "," 1,341 "," 1,375 ","1,563"," 1,496 ",74.1,0.0%,,,"1,495","1,501","1,506","1,506","1,515",,,,,,
,,,,,,,,,,,,,,,,,,,,,,,,,,,,
013,,25013,Hampden County,618.4," 335,496 "," 332,107 "," 367,971 "," 429,353 "," 459,050 "," 443,018 "," 456,310 "," 456,226 "," 463,490 ",749.5,7.1%,,,"464,160","465,963","466,539","467,414","468,161",,,,,,
013,00840,2501300840,Agawam Town city,23.2," 7,095 "," 7,842 "," 10,166 "," 15,718 "," 21,717 "," 26,271 "," 27,323 ","28,143"," 28,438 ","1,223.6",0.4%,,,"28,450","28,585","28,634","28,712","28,772",,,,,,
013,06085,2501306085,Blandford town,51.7, 545 , 479 , 597 , 636 , 863 ," 1,038 "," 1,187 ","1,214"," 1,233 ",23.8,0.0%,,,"1,234","1,240","1,245","1,251","1,255",,,,,,
013,08470,2501308470,Brimfield town,34.7, 884 ," 1,012 "," 1,182 "," 1,414 "," 1,907 "," 2,318 "," 3,001 ","3,339"," 3,609 ",104.0,0.1%,,,"3,617","3,626","3,662","3,707","3,723",,,,,,
013,13485,2501313485,Chester town,36.7," 1,464 "," 1,284 "," 1,292 "," 1,155 "," 1,025 "," 1,123 "," 1,280 ","1,308"," 1,337 ",36.4,0.0%,,,"1,340","1,349","1,353","1,359","1,365",,,,,,
013,13660,2501313660,Chicopee city,22.9," 43,930 "," 41,664 "," 49,211 "," 61,553 "," 66,676 "," 55,112 "," 56,632 ","54,653"," 55,298 ","2,417.9",0.8%,,,"55,275","55,551","55,669","55,714","55,795",,,,,,
013,19645,2501319645,East Longmeadow town,13.0," 3,327 "," 3,403 "," 4,881 "," 10,294 "," 13,029 "," 12,905 "," 13,367 ","14,100"," 15,720 ","1,212.0",0.2%,,,"15,744","15,842","15,927","16,006","16,123",,,,,,
013,26675,2501326675,Granville town,42.2, 674 , 668 , 740 , 874 ," 1,008 "," 1,204 "," 1,403 ","1,523"," 1,566 ",37.1,0.0%,,,"1,572","1,592","1,607","1,614","1,620",,,,,,
013,28075,2501328075,Hampden town,19.6, 684 ," 1,023 "," 1,322 "," 2,345 "," 4,572 "," 4,745 "," 4,709 ","5,171"," 5,139 ",261.7,0.1%,,,"5,141","5,157","5,165","5,173","5,195",,,,,,
013,30665,2501330665,Holland town,12.4, 137 , 247 , 377 , 561 , 931 ," 1,589 "," 2,185 ","2,407"," 2,481 ",200.2,0.0%,,,"2,482","2,488","2,490","2,496","2,502",,,,,,
013,30840,2501330840,Holyoke city,21.3," 56,537 "," 53,750 "," 54,661 "," 52,689 "," 50,112 "," 44,678 "," 43,704 ","39,838"," 39,880 ","1,873.4",0.6%,,,"39,908","40,102","40,138","40,110","40,124",,,,,,
013,36300,2501336300,Longmeadow town,9.0," 4,437 "," 5,790 "," 6,508 "," 10,565 "," 15,630 "," 16,301 "," 15,467 ","15,633"," 15,784 ","1,749.3",0.2%,,,"15,806","15,851","15,860","15,864","15,882",,,,,,
013,37175,2501337175,Ludlow town,27.1," 8,876 "," 8,181 "," 8,660 "," 13,805 "," 17,580 "," 18,150 "," 18,820 ","21,209"," 21,103 ",777.3,0.3%,,,"21,142","21,256","21,278","21,358","21,436",,,,,,
013,42145,2501342145,Monson town,44.3," 4,918 "," 5,597 "," 6,125 "," 6,712 "," 7,355 "," 7,315 "," 7,776 ","8,359"," 8,560 ",193.3,0.1%,,,"8,566","8,592","8,683","8,729","8,754",,,,,,
013,42530,2501342530,Montgomery town,15.1, 141 , 178 , 157 , 333 , 446 , 637 , 759 ,654, 838 ,55.7,0.0%,,,841,851,858,860,860,,,,,,
013,52144,2501352144,Palmer Town city,31.5," 9,577 "," 9,149 "," 9,533 "," 10,358 "," 11,680 "," 11,389 "," 12,054 ","12,497"," 12,140 ",385.0,0.2%,,,"12,139","12,156","12,162","12,169","12,174",,,,,,
013,58650,2501358650,Russell town,17.6," 1,237 "," 1,242 "," 1,298 "," 1,366 "," 1,382 "," 1,570 "," 1,594 ","1,657"," 1,775 ",101.1,0.0%,,,"1,778","1,790","1,788","1,788","1,787",,,,,,
013,65825,2501365825,Southwick town,31.0," 1,461 "," 1,579 "," 2,855 "," 5,139 "," 6,330 "," 7,382 "," 7,667 ","8,835"," 9,502 ",307.0,0.1%,,,"9,510","9,556","9,588","9,633","9,689",,,,,,
013,67000,2501367000,Springfield city,32.1," 149,900 "," 149,554 "," 162,399 "," 174,463 "," 163,905 "," 152,319 "," 156,983 ","152,080"," 153,060 ","4,768.1",2.3%,,,"153,596","153,798","153,863","153,931","153,991",,,,,,
013,70045,2501370045,Tolland town,31.6, 134 , 129 , 107 , 101 , 172 , 235 , 289 ,424, 485 ,15.3,0.0%,,,485,487,489,490,492,,,,,,
013,72390,2501372390,Wales town,15.7, 360 , 367 , 497 , 659 , 852 ," 1,177 "," 1,566 ","1,737"," 1,838 ",116.7,0.0%,,,"1,841","1,852","1,862","1,875","1,878",,,,,,
013,76030,2501376030,Westfield city,46.6," 16,684 "," 18,793 "," 20,962 "," 26,302 "," 31,433 "," 36,465 "," 38,372 ","40,072"," 41,094 ",882.3,0.6%,,,"41,115","41,390","41,244","41,531","41,608",,,,,,
013,77890,2501377890,West Springfield Town city,16.7," 19,775 "," 17,135 "," 20,438 "," 24,924 "," 28,461 "," 27,042 "," 27,537 ","27,900"," 28,391 ","1,695.0",0.4%,,,"28,352","28,540","28,608","28,589","28,627",,,,,,
013,79740,2501379740,Wilbraham town,22.2," 2,719 "," 3,041 "," 4,003 "," 7,387 "," 11,984 "," 12,053 "," 12,635 ","13,473"," 14,219 ",639.9,0.2%,,,"14,226","14,312","14,366","14,455","14,509",,,,,,
,,,,,,,,,,,,,,,,,,,,,,,,,,,,
015,,25015,Hampshire County,529.0," 72,018 "," 72,461 "," 87,594 "," 103,229 "," 123,997 "," 138,813 "," 146,568 "," 152,255 "," 158,080 ",298.8,2.4%,,,"159,266","160,112","160,351","160,970","160,939",,,,,,
015,01325,2501501325,Amherst town,27.7," 5,888 "," 6,410 "," 10,856 "," 13,718 "," 26,331 "," 33,229 "," 35,228 ","34,874"," 37,819 ","1,364.5",0.6%,,,"38,706","39,056","39,025","39,786","39,774",,,,,,
015,04825,2501504825,Belchertown town,52.7," 3,139 "," 3,503 "," 4,487 "," 5,186 "," 5,936 "," 8,339 "," 10,579 ","12,968"," 14,649 ",277.8,0.2%,,,"14,651","14,740","14,787","14,819","14,846",,,,,,
015,13590,2501513590,Chesterfield town,31.1, 420 , 422 , 496 , 556 , 704 ," 1,000 "," 1,048 ","1,201"," 1,222 ",39.3,0.0%,,,"1,226","1,237","1,242","1,250","1,248",,,,,,
015,16040,2501516040,Cummington town,23.1, 531 , 608 , 620 , 550 , 562 , 657 , 785 ,978, 872 ,37.8,0.0%,,,872,872,874,875,872,,,,,,
015,19370,2501519370,Easthampton Town city,13.4," 11,323 "," 10,316 "," 10,694 "," 12,326 "," 13,012 "," 15,580 "," 15,537 ","15,994"," 16,053 ","1,196.5",0.2%,,,"16,047","16,067","16,095","16,062","16,036",,,,,,
015,26290,2501526290,Goshen town,17.4, 248 , 237 , 321 , 385 , 483 , 651 , 830 ,921," 1,054 ",60.7,0.0%,,,"1,054","1,060","1,064","1,067","1,069",,,,,,
015,26535,2501526535,Granby town,27.9, 891 ," 1,085 "," 1,861 "," 4,221 "," 5,473 "," 5,380 "," 5,565 ","6,132"," 6,240 ",224.0,0.1%,,,"6,239","6,272","6,318","6,326","6,333",,,,,,
015,27690,2501527690,Hadley town,23.3," 2,682 "," 2,576 "," 2,639 "," 3,099 "," 3,760 "," 4,125 "," 4,231 ","4,793"," 5,250 ",225.3,0.1%,,,"5,249","5,269","5,306","5,295","5,301",,,,,,
015,29265,2501529265,Hatfield town,16.0," 2,476 "," 2,216 "," 2,179 "," 2,350 "," 2,825 "," 3,045 "," 3,184 ","3,248"," 3,279 ",204.7,0.1%,,,"3,276","3,283","3,290","3,301","3,290",,,,,,
015,31785,2501531785,Huntington town,26.6," 1,242 "," 1,340 "," 1,257 "," 1,392 "," 1,593 "," 1,804 "," 1,987 ","2,174"," 2,180 ",81.8,0.0%,,,"2,180","2,182","2,186","2,182","2,179",,,,,,
015,40990,2501540990,Middlefield town,24.2, 197 , 201 , 295 , 315 , 288 , 385 , 392 ,542, 521 ,21.6,0.0%,,,521,526,529,531,528,,,,,,
015,46330,2501546330,Northampton city,34.5," 24,381 "," 24,794 "," 29,063 "," 30,058 "," 29,664 "," 29,286 "," 29,289 ","28,978"," 28,549 ",828.5,0.4%,,,"28,634","28,697","28,686","28,602","28,554",,,,,,
015,52560,2501552560,Pelham town,25.1, 455 , 568 , 579 , 805 , 937 ," 1,112 "," 1,373 ","1,403"," 1,321 ",52.7,0.0%,,,"1,321","1,326","1,330","1,329","1,327",,,,,,
015,54030,2501554030,Plainfield town,21.1, 306 , 264 , 228 , 237 , 287 , 425 , 571 ,589, 648 ,30.8,0.0%,,,648,649,649,653,650,,,,,,
015,62745,2501562745,Southampton town,28.1," 6,773 ", 950 ," 1,387 "," 2,192 "," 3,069 "," 4,137 "," 4,478 ","5,387"," 5,792 ",205.8,0.1%,,,"5,803","5,898","5,962","6,014","6,078",,,,,,
015,64145,2501564145,South Hadley town,17.7, 931 ," 6,856 "," 10,145 "," 14,956 "," 17,033 "," 16,399 "," 16,685 ","17,200"," 17,514 ",989.0,0.3%,,,"17,720","17,817","17,827","17,704","17,691",,,,,,
015,72880,2501572880,Ware town,34.4," 7,385 "," 7,557 "," 7,517 "," 7,517 "," 8,187 "," 8,953 "," 9,808 ","9,708"," 9,872 ",286.9,0.2%,,,"9,872","9,902","9,910","9,905","9,878",,,,,,
015,76380,2501576380,Westhampton town,27.1, 374 , 403 , 452 , 583 , 793 ," 1,137 "," 1,327 ","1,468"," 1,607 ",59.2,0.0%,,,"1,607","1,610","1,612","1,613","1,634",,,,,,
015,79915,2501579915,Williamsburg town,25.6," 1,891 "," 1,684 "," 2,056 "," 2,186 "," 2,342 "," 2,237 "," 2,515 ","2,427"," 2,482 ",96.9,0.0%,,,"2,482","2,485","2,488","2,481","2,472",,,,,,
015,82175,2501582175,Worthington town,32.1, 485 , 471 , 462 , 597 , 718 , 932 ," 1,156 ","1,270"," 1,156 ",36.1,0.0%,,,"1,158","1,164","1,171","1,175","1,179",,,,,,
,,,,,,,,,,,,,,,,,,,,,,,,,,,,
017,,25017,Middlesex County,823.5," 934,924 "," 971,390 "," 1,064,569 "," 1,238,742 "," 1,397,268 "," 1,367,034 "," 1,398,468 "," 1,466,396 "," 1,503,085 ","1,825.3",23.0%,,,"1,506,852","1,523,671","1,540,192","1,558,131","1,570,315",,,,,,
017,00380,2501700380,Acton town,20.0," 2,482 "," 2,701 "," 3,510 "," 7,238 "," 14,770 "," 17,544 "," 17,872 ","20,331"," 21,924 ","1,097.8",0.3%,,,"21,972","22,262","22,642","22,951","23,237",,,,,,
017,01605,2501701605,Arlington town,5.2," 36,094 "," 40,013 "," 44,353 "," 49,953 "," 53,524 "," 48,219 "," 44,630 ","42,389"," 42,844 ","8,267.4",0.7%,,,"42,907","43,308","43,752","44,212","44,461",,,,,,
017,01955,2501701955,Ashby town,23.8, 982 ," 1,026 "," 1,464 "," 1,883 "," 2,274 "," 2,311 "," 2,717 ","2,845"," 3,074 ",129.2,0.0%,,,"3,079","3,113","3,156","3,189","3,208",,,,,,
017,02130,2501702130,Ashland town,12.4," 2,397 "," 2,479 "," 3,500 "," 7,779 "," 8,882 "," 9,165 "," 12,066 ","14,674"," 16,593 ","1,333.5",0.3%,,,"16,625","16,803","17,004","17,191","17,312",,,,,,
017,03005,2501703005,Ayer town,9.0," 3,060 "," 3,572 "," 5,740 "," 14,927 "," 7,393 "," 6,993 "," 6,871 ","7,287"," 7,427 ",823.7,0.1%,,,"7,458","7,586","7,710","7,866","7,952",,,,,,
017,04615,2501704615,Bedford town,13.7," 2,603 "," 3,807 "," 5,234 "," 10,969 "," 13,513 "," 13,067 "," 12,996 ","12,595"," 13,320 ",969.5,0.2%,,,"13,341","13,535","13,794","14,086","14,205",,,,,,
017,05070,2501705070,Belmont town,4.7," 21,748 "," 26,867 "," 27,381 "," 28,715 "," 28,285 "," 26,100 "," 24,720 ","24,194"," 24,729 ","5,305.0",0.4%,,,"24,757","24,949","25,229","25,431","25,496",,,,,,
017,05805,2501705805,Billerica town,25.9," 5,880 "," 7,933 "," 11,101 "," 17,867 "," 31,648 "," 36,727 "," 37,609 ","38,981"," 40,243 ","1,554.6",0.6%,,,"40,384","41,052","41,484","42,069","42,264",,,,,,
017,07350,2501707350,Boxborough town,10.4, 312 , 376 , 439 , 744 ," 1,451 "," 3,126 "," 3,343 ","4,868"," 4,996 ",482.0,0.1%,,,"5,007","5,057","5,107","5,143","5,171",,,,,,
017,09840,2501709840,Burlington town,11.8," 1,722 "," 2,275 "," 3,250 "," 12,852 "," 21,980 "," 23,486 "," 23,302 ","22,876"," 24,498 ","2,073.7",0.4%,,,"24,564","24,928","25,249","25,507","25,683",,,,,,
017,11000,2501711000,Cambridge city,6.4," 113,643 "," 110,879 "," 120,740 "," 107,716 "," 100,361 "," 95,322 "," 95,802 ","101,355"," 105,162 ","16,358.2",1.6%,,,"104,955","105,809","106,046","107,732","109,694",,,,,,
017,11525,2501711525,Carlisle town,15.4, 569 , 747 , 876 ," 1,488 "," 2,871 "," 3,306 "," 4,333 ","4,717"," 4,852 ",315.8,0.1%,,,"4,866","4,917","4,980","5,037","5,071",,,,,,
017,13135,2501713135,Chelmsford town,22.6," 7,022 "," 8,077 "," 9,407 "," 15,130 "," 31,432 "," 31,174 "," 32,383 ","33,619"," 33,802 ","1,492.6",0.5%,,,"33,874","34,227","34,559","34,831","34,960",,,,,,
017,15060,2501715060,Concord town,24.9," 7,477 "," 7,972 "," 8,623 "," 12,517 "," 16,148 "," 16,293 "," 17,076 ","16,993"," 17,668 ",709.1,0.3%,,,"17,736","18,743","18,907","19,235","19,535",,,,,,
017,17475,2501717475,Dracut town,20.9," 6,912 "," 7,339 "," 8,666 "," 13,674 "," 18,214 "," 21,249 "," 25,594 ","28,562"," 29,457 ","1,409.6",0.4%,,,"29,540","29,957","30,349","30,725","31,079",,,,,,
017,17825,2501717825,Dunstable town,16.5, 384 , 447 , 522 , 824 ," 1,292 "," 1,671 "," 2,236 ","2,829"," 3,179 ",192.1,0.0%,,,"3,190","3,250","3,304","3,350","3,389",,,,,,
017,21990,2501721990,Everett city,3.4," 48,424 "," 46,784 "," 45,982 "," 43,544 "," 42,485 "," 37,195 "," 35,701 ","38,037"," 41,667 ","12,313.9",0.6%,,,"41,718","42,136","42,592","43,110","44,231",,,,,,
017,24925,2501724925,Framingham town,25.1," 22,210 "," 23,214 "," 28,086 "," 44,526 "," 64,048 "," 65,113 "," 64,989 ","66,910"," 68,318 ","2,719.7",1.0%,,,"68,602","69,575","70,011","70,583","70,746",,,,,,
017,27480,2501727480,Groton town,32.8," 2,434 "," 2,550 "," 2,889 "," 3,904 "," 5,109 "," 6,154 "," 7,511 ","9,559"," 10,646 ",324.9,0.2%,,,"10,677","10,905","11,030","11,142","11,222",,,,,,
017,30700,2501730700,Holliston town,18.7," 2,864 "," 3,000 "," 3,753 "," 6,222 "," 12,069 "," 12,622 "," 12,926 ","13,801"," 13,547 ",724.2,0.2%,,,"13,581","13,842","14,029","14,202","14,388",,,,,,
017,31085,2501731085,Hopkinton town,26.6," 2,563 "," 2,697 "," 3,486 "," 4,932 "," 5,981 "," 7,114 "," 9,191 ","13,346"," 14,925 ",562.0,0.2%,,,"14,977","15,251","15,496","15,940","16,311",,,,,,
017,31540,2501731540,Hudson town,11.5," 8,469 "," 8,042 "," 8,211 "," 9,666 "," 16,084 "," 16,408 "," 17,233 ","18,113"," 19,063 ","1,657.0",0.3%,,,"19,098","19,291","19,472","19,662","19,754",,,,,,
017,35215,2501735215,Lexington town,16.4," 9,467 "," 13,187 "," 17,335 "," 27,691 "," 31,886 "," 29,479 "," 28,974 ","30,355"," 31,394 ","1,914.4",0.5%,,,"31,464","31,898","32,295","32,817","33,075",,,,,,
017,35425,2501735425,Lincoln town,14.4," 1,493 "," 1,783 "," 2,427 "," 5,613 "," 7,567 "," 7,098 "," 7,666 ","8,056"," 6,362 ",442.8,0.1%,,,"7,040","7,111","7,183","7,257","7,289",,,,,,
017,35950,2501735950,Littleton town,16.6," 1,447 "," 1,651 "," 2,349 "," 5,109 "," 6,380 "," 6,970 "," 7,051 ","8,184"," 8,924 ",537.0,0.1%,,,"8,943","9,037","9,141","9,273","9,396",,,,,,
017,37000,2501737000,Lowell city,13.8," 100,234 "," 101,389 "," 97,249 "," 92,107 "," 94,239 "," 92,418 "," 103,439 ","105,167"," 106,519 ","7,733.7",1.6%,,,"106,659","107,553","108,564","109,675","109,945",,,,,,
017,37875,2501737875,Malden city,5.1," 58,036 "," 58,010 "," 59,804 "," 57,676 "," 56,127 "," 53,386 "," 53,884 ","56,345"," 59,450 ","11,715.7",0.9%,,,"59,548","59,940","60,360","60,788","60,859",,,,,,
017,38715,2501738715,Marlborough city,21.1," 15,587 "," 15,154 "," 15,756 "," 18,819 "," 27,936 "," 30,617 "," 31,813 ","36,255"," 38,499 ","1,825.9",0.6%,,,"38,543","38,878","39,258","39,493","39,612",,,,,,
017,39625,2501739625,Maynard town,5.2," 7,156 "," 6,812 "," 6,978 "," 7,695 "," 9,710 "," 9,590 "," 10,325 ","10,433"," 10,106 ","1,928.3",0.2%,,,"10,123","10,209","10,317","10,410","10,474",,,,,,
017,39835,2501739835,Medford city*,8.1," 59,714 "," 63,083 "," 66,113 "," 64,971 "," 64,397 "," 58,076 "," 57,407 ","55,638"," 56,173 ","6,901.4",0.9%,"56,253",-80,"56,306","56,676","57,067","57,385","57,437",,,,,,
017,40115,2501740115,Melrose city,4.7," 23,170 "," 25,333 "," 26,988 "," 29,619 "," 33,180 "," 30,055 "," 28,150 ","27,134"," 26,983 ","5,747.7",0.4%,,,"27,018","27,240","27,454","27,810","27,969",,,,,,
017,43895,2501743895,Natick town,15.1," 13,589 "," 13,851 "," 19,838 "," 28,831 "," 31,057 "," 29,461 "," 30,510 ","32,170"," 33,006 ","2,188.3",0.5%,,,"33,057","33,375","33,820","35,339","35,523",,,,,,
017,45560,2501745560,Newton city,18.1," 65,276 "," 69,873 "," 81,994 "," 92,384 "," 91,066 "," 83,622 "," 82,585 ","83,831"," 85,146 ","4,716.5",1.3%,,,"85,403","85,915","87,249","87,927","88,287",,,,,,
017,48955,2501748955,North Reading town,13.3," 1,945 "," 2,886 "," 4,402 "," 8,331 "," 11,264 "," 11,455 "," 12,002 ","13,837"," 14,892 ","1,123.6",0.2%,,,"14,924","15,094","15,274","15,411","15,509",,,,,,
017,52805,2501752805,Pepperell town,22.6," 2,922 "," 3,114 "," 3,460 "," 4,336 "," 5,887 "," 8,061 "," 10,098 ","11,130"," 11,497 ",509.6,0.2%,,,"11,525","11,668","11,803","11,917","11,975",,,,,,
017,56130,2501756130,Reading town,9.9," 9,767 "," 10,866 "," 14,006 "," 19,259 "," 22,539 "," 22,678 "," 22,539 ","23,709"," 24,747 ","2,493.0",0.4%,,,"24,768","24,984","25,211","25,433","25,508",,,,,,
017,61380,2501761380,Sherborn town,16.0, 943 ," 1,022 "," 1,245 "," 1,806 "," 3,309 "," 4,049 "," 3,989 ","4,200"," 4,119 ",258.0,0.1%,,,"4,124","4,165","4,200","4,250","4,279",,,,,,
017,61590,2501761590,Shirley town,15.8," 2,427 "," 2,608 "," 4,271 "," 5,202 "," 4,909 "," 5,124 "," 6,118 ","7,616"," 7,211 ",455.7,0.1%,,,"7,299","7,471","7,581","7,298","7,372",,,,,,
017,62535,2501762535,Somerville city*,4.1," 103,908 "," 102,177 "," 102,351 "," 94,697 "," 88,779 "," 77,372 "," 76,210 ","77,600"," 75,754 ","18,448.3",1.2%,"75,674",80,"75,757","76,666","77,723","78,857","78,901",,,,,,
017,67665,2501767665,Stoneham town*,6.1," 10,060 "," 10,765 "," 13,229 "," 17,821 "," 20,725 "," 21,424 "," 22,203 ","22,219"," 21,437 ","3,486.9",0.3%,"21,275",162,"21,304","21,453","21,633","21,808","21,886",,,,,,
017,68050,2501768050,Stow town,17.6," 1,142 "," 1,243 "," 1,700 "," 2,573 "," 3,984 "," 5,144 "," 5,328 ","5,902"," 6,590 ",373.9,0.1%,,,"6,624","6,744","6,854","6,932","7,033",,,,,,
017,68260,2501768260,Sudbury town,24.4," 1,182 "," 1,754 "," 2,596 "," 7,447 "," 13,506 "," 14,027 "," 14,358 ","16,841"," 17,659 ",724.6,0.3%,,,"17,693","17,924","18,146","18,419","18,766",,,,,,
017,69415,2501769415,Tewksbury town,20.7," 5,585 "," 6,261 "," 7,505 "," 15,902 "," 22,755 "," 24,635 "," 27,266 ","28,851"," 28,961 ","1,397.6",0.4%,,,"29,062","29,364","29,878","30,093","30,260",,,,,,
017,70360,2501770360,Townsend town,32.9," 1,752 "," 2,065 "," 2,817 "," 3,650 "," 4,281 "," 7,201 "," 8,496 ","9,198"," 8,926 ",271.5,0.1%,,,"8,965","9,058","9,173","9,274","9,404",,,,,,
017,71025,2501771025,Tyngsborough town,16.9," 1,358 "," 1,634 "," 2,059 "," 3,302 "," 4,204 "," 5,683 "," 8,642 ","11,081"," 11,292 ",669.9,0.2%,,,"11,382","11,776","11,958","12,086","12,149",,,,,,
017,72215,2501772215,Wakefield town*,7.5," 16,318 "," 16,223 "," 19,633 "," 24,295 "," 25,402 "," 24,895 "," 24,825 ","24,804"," 24,932 ","3,338.8",0.4%,"25,094",-162,"25,147","25,401","25,631","26,182","26,774",,,,,,
017,72600,2501772600,Waltham city,12.7," 39,247 "," 40,020 "," 47,187 "," 55,413 "," 61,582 "," 58,200 "," 57,878 ","59,226"," 60,632 ","4,774.1",0.9%,,,"60,842","61,377","62,008","62,424","63,014",,,,,,
017,73440,2501773440,Watertown Town city,4.1," 34,913 "," 35,427 "," 37,329 "," 39,092 "," 39,307 "," 34,384 "," 33,284 ","32,986"," 31,915 ","7,765.1",0.5%,,,"31,971","32,210","32,899","33,130","34,127",,,,,,
017,73790,2501773790,Wayland town,15.2," 2,937 "," 3,505 "," 4,407 "," 10,444 "," 13,461 "," 12,170 "," 11,874 ","13,100"," 12,994 ",852.9,0.2%,,,"13,017","13,147","13,299","13,479","13,541",,,,,,
017,76135,2501776135,Westford town,30.6," 3,600 "," 3,830 "," 4,262 "," 6,261 "," 10,368 "," 13,434 "," 16,392 ","20,748"," 21,951 ",717.1,0.3%,,,"22,017","22,438","22,864","23,322","23,678",,,,,,
017,77255,2501777255,Weston town,17.0," 3,332 "," 3,590 "," 5,026 "," 8,261 "," 10,870 "," 11,169 "," 10,200 ","11,469"," 11,261 ",661.8,0.2%,,,"11,361","11,516","11,719","11,908","11,992",,,,,,
017,80230,2501780230,Wilmington town,17.1," 4,013 "," 4,645 "," 7,039 "," 12,475 "," 17,102 "," 17,471 "," 17,651 ","21,363"," 22,325 ","1,303.1",0.3%,,,"22,374","22,667","22,962","23,204","23,370",,,,,,
017,80510,2501780510,Winchester town,6.0," 12,719 "," 15,081 "," 15,509 "," 19,376 "," 22,269 "," 20,701 "," 20,267 ","20,810"," 21,374 ","3,539.7",0.3%,,,"21,411","21,598","21,896","22,166","22,270",,,,,,
017,81035,2501781035,Woburn city,12.7," 19,434 "," 19,751 "," 20,492 "," 31,214 "," 37,406 "," 36,626 "," 35,943 ","37,257"," 38,120 ","3,007.7",0.6%,,,"38,273","38,622","38,870","39,170","39,272",,,,,,
,,,,,,,,,,,,,,,,,,,,,,,,,,,,
019,,25019,Nantucket County,47.8," 3,678 "," 3,401 "," 3,484 "," 3,559 "," 3,774 "," 5,087 "," 6,012 "," 9,520 "," 10,172 ",212.8,0.2%,,,"10,154","10,148","10,342","10,568","10,856",,,,,,
019,43790,2501943790,Nantucket town,47.8," 3,678 "," 3,401 "," 3,484 "," 3,559 "," 3,774 "," 5,087 "," 6,012 ","9,520"," 10,172 ",212.8,0.2%,,,"10,154","10,148","10,342","10,568","10,856",,,,,,
,,,,,,,,,,,,,,,,,,,,,,,,,,,,
021,,25021,Norfolk County,399.6," 299,426 "," 325,180 "," 392,308 "," 510,256 "," 605,051 "," 606,587 "," 616,087 "," 650,306 "," 670,850 ","1,678.9",10.2%,,,"672,645","677,943","682,749","688,709","692,254",,,,,,
021,02935,2502102935,Avon town,4.4," 2,414 "," 2,335 "," 2,666 "," 4,301 "," 5,295 "," 5,026 "," 4,558 ","4,443"," 4,356 ",994.9,0.1%,,,"4,363","4,388","4,417","4,457","4,464",,,,,,
021,04930,2502104930,Bellingham town,18.5," 3,189 "," 2,979 "," 4,100 "," 6,774 "," 13,967 "," 14,300 "," 14,877 ","15,314"," 16,332 ",882.8,0.2%,,,"16,364","16,434","16,552","16,700","16,770",,,,,,
021,07740,2502107740,Braintree Town city,13.9," 15,712 "," 16,378 "," 23,161 "," 31,069 "," 35,050 "," 36,337 "," 33,836 ","33,828"," 35,744 ","2,572.3",0.5%,,,"35,816","36,113","36,473","36,968","37,362",,,,,,
021,09175,2502109175,Brookline town,6.8," 47,490 "," 49,786 "," 57,589 "," 54,044 "," 58,886 "," 55,062 "," 54,718 ","57,105"," 58,732 ","8,649.0",0.9%,,,"58,676","58,831","58,932","59,246","59,334",,,,,,
021,11315,2502111315,Canton town,18.9," 5,816 "," 6,381 "," 7,465 "," 12,771 "," 17,100 "," 18,182 "," 18,530 ","20,775"," 21,561 ","1,138.8",0.3%,,,"21,616","21,780","21,974","22,246","22,510",,,,,,
021,14640,2502114640,Cohasset town,9.9," 3,083 "," 3,111 "," 3,731 "," 5,840 "," 6,954 "," 7,174 "," 7,075 ","7,261"," 7,542 ",762.8,0.1%,,,"7,547","8,141","8,205","8,284","8,334",,,,,,
021,16495,2502116495,Dedham town,10.5," 15,136 "," 15,508 "," 18,487 "," 23,869 "," 26,938 "," 25,298 "," 23,782 ","23,464"," 24,729 ","2,365.7",0.4%,,,"24,811","24,892","25,065","25,346","25,473",,,,,,
021,17405,2502117405,Dover town,15.3," 1,195 "," 1,374 "," 1,722 "," 2,846 "," 4,529 "," 4,703 "," 4,915 ","5,558"," 5,589 ",364.6,0.1%,,,"5,604","5,673","5,735","5,805","5,879",,,,,,
021,24820,2502124820,Foxborough town,20.1," 5,347 "," 6,303 "," 7,030 "," 10,136 "," 14,218 "," 14,148 "," 14,637 ","16,246"," 16,865 ",839.9,0.3%,,,"16,899","16,988","17,116","17,293","17,376",,,,,,
021,25172,2502125172,Franklin Town city,26.7," 7,028 "," 7,303 "," 8,037 "," 10,530 "," 17,830 "," 18,217 "," 22,095 ","29,560"," 31,635 ","1,183.0",0.5%,,,"31,861","32,218","32,379","32,663","32,836",,,,,,
021,30455,2502130455,Holbrook town,7.4," 3,353 "," 3,330 "," 4,004 "," 10,104 "," 11,775 "," 11,140 "," 11,041 ","10,785"," 10,791 ","1,467.5",0.2%,,,"10,819","10,868","10,930","10,988","11,026",,,,,,
021,39765,2502139765,Medfield town,14.5," 4,066 "," 4,384 "," 4,549 "," 6,021 "," 9,821 "," 10,220 "," 10,531 ","12,273"," 12,024 ",828.6,0.2%,,,"12,048","12,125","12,234","12,325","12,394",,,,,,
021,39975,2502139975,Medway town,11.5," 3,153 "," 3,297 "," 3,744 "," 5,168 "," 7,938 "," 8,447 "," 9,931 ","12,448"," 12,752 ","1,113.6",0.2%,,,"12,785","12,836","12,964","13,057","13,184",,,,,,
021,41515,2502141515,Millis town,12.2," 1,738 "," 2,278 "," 2,551 "," 4,374 "," 5,686 "," 6,908 "," 7,613 ","7,902"," 7,891 ",649.1,0.1%,,,"7,901","7,966","8,008","8,061","8,099",,,,,,
021,41690,2502141690,Milton town,13.0," 16,434 "," 18,708 "," 22,395 "," 26,375 "," 27,190 "," 25,860 "," 25,725 ","26,062"," 27,003 ","2,071.3",0.4%,,,"27,044","27,114","27,224","27,345","27,360",,,,,,
021,44105,2502144105,Needham town,12.6," 10,845 "," 12,445 "," 16,313 "," 25,793 "," 29,748 "," 27,901 "," 27,557 ","28,478"," 28,886 ","2,290.7",0.4%,,,"29,073","29,209","29,405","29,785","30,205",,,,,,
021,46050,2502146050,Norfolk town,14.8," 1,429 "," 2,294 "," 2,704 "," 3,471 "," 4,656 "," 6,363 "," 9,270 ","10,460"," 11,227 ",756.8,0.2%,,,"11,251","11,416","11,526","11,616","11,800",,,,,,
021,50250,2502150250,Norwood town,10.5," 15,049 "," 15,383 "," 16,636 "," 24,898 "," 30,815 "," 29,711 "," 28,700 ","28,587"," 28,602 ","2,728.4",0.4%,,,"28,634","28,712","28,841","29,007","29,056",,,,,,
021,54100,2502154100,Plainville town,11.1," 1,583 "," 1,302 "," 2,088 "," 3,810 "," 4,953 "," 5,857 "," 6,871 ","7,683"," 8,264 ",747.1,0.1%,,,"8,292","8,394","8,464","8,826","8,910",,,,,,
021,55745,2502155745,Quincy city,16.8," 71,983 "," 75,810 "," 83,835 "," 87,409 "," 87,966 "," 84,743 "," 84,985 ","88,025"," 92,271 ","5,497.3",1.4%,,,"92,422","92,551","92,872","93,327","93,397",,,,,,
021,55955,2502155955,Randolph town,10.1," 6,553 "," 7,634 "," 9,982 "," 18,900 "," 27,035 "," 28,218 "," 30,093 ","30,963"," 32,112 ","3,189.3",0.5%,,,"32,429","32,779","33,272","33,519","33,629",,,,,,
021,60785,2502160785,Sharon town,23.3," 3,351 "," 3,737 "," 4,847 "," 10,070 "," 12,367 "," 13,601 "," 15,517 ","17,408"," 17,612 ",755.7,0.3%,,,"17,637","17,725","17,849","18,044","18,121",,,,,,
021,67945,2502167945,Stoughton town,16.0," 8,204 "," 8,632 "," 11,146 "," 16,328 "," 23,459 "," 26,710 "," 26,777 ","27,149"," 26,962 ","1,680.9",0.4%,,,"27,072","27,731","27,861","28,183","28,396",,,,,,
021,72495,2502172495,Walpole town,20.5," 7,273 "," 7,443 "," 9,109 "," 14,068 "," 18,149 "," 18,859 "," 20,212 ","22,824"," 24,070 ","1,171.9",0.4%,,,"24,134","24,396","24,642","24,776","24,933",,,,,,
021,74175,2502174175,Wellesley town,10.2," 11,439 "," 15,127 "," 20,549 "," 26,071 "," 28,051 "," 27,209 "," 26,615 ","27,046"," 27,982 ","2,748.6",0.4%,,,"28,148","28,744","28,866","29,180","29,362",,,,,,
021,78690,2502178690,Westwood town,11.0," 2,097 "," 3,376 "," 5,837 "," 10,354 "," 12,750 "," 13,212 "," 12,557 ","14,117"," 14,618 ","1,332.4",0.2%,,,"14,640","14,711","14,795","14,896","14,979",,,,,,
021,78972,2502178972,Weymouth Town city,17.0," 20,882 "," 23,868 "," 32,690 "," 48,177 "," 54,610 "," 55,601 "," 54,063 ","53,988"," 53,743 ","3,159.7",0.8%,,,"53,784","54,171","55,008","55,482","55,643",,,,,,
021,82315,2502182315,Wrentham town,22.2," 3,584 "," 4,674 "," 5,341 "," 6,685 "," 7,315 "," 7,580 "," 9,006 ","10,554"," 10,955 ",493.5,0.2%,,,"10,975","11,037","11,140","11,284","11,422",,,,,,
,,,,,,,,,,,,,,,,,,,,,,,,,,,,
023,,25023,Plymouth County,660.9," 162,311 "," 168,824 "," 189,468 "," 248,449 "," 333,314 "," 405,437 "," 435,276 "," 472,822 "," 494,919 ",748.9,7.6%,,,"495,856","498,269","499,076","503,636","507,022",,,,,,
023,00170,2502300170,Abington town,9.9," 5,872 "," 5,708 "," 7,152 "," 10,607 "," 12,334 "," 13,517 "," 13,817 ","14,605"," 15,985 ","1,607.9",0.2%,,,"16,002","16,036","16,053","16,137","16,197",,,,,,
023,08085,2502308085,Bridgewater town,27.5," 9,055 "," 8,902 "," 9,512 "," 10,276 "," 11,829 "," 17,202 "," 21,249 ","25,185"," 26,563 ",966.3,0.4%,,,"26,705","26,834","26,383","27,360","27,472",,,,,,
023,09000,2502309000,Brockton city,21.5," 63,797 "," 62,343 "," 62,860 "," 72,813 "," 89,040 "," 95,172 "," 92,788 ","94,304"," 93,810 ","4,369.8",1.4%,,,"93,838","94,147","94,045","94,451","94,779",,,,,,
023,11665,2502311665,Carver town,37.5," 1,381 "," 1,469 "," 1,530 "," 1,949 "," 2,420 "," 6,988 "," 10,590 ","11,163"," 11,509 ",306.5,0.2%,,,"11,521","11,526","11,506","11,554","11,583",,,,,,
023,17895,2502317895,Duxbury town,23.8," 1,696 "," 2,359 "," 3,167 "," 4,727 "," 7,636 "," 11,807 "," 13,895 ","14,248"," 15,059 ",634.0,0.2%,,,"15,079","15,111","15,160","15,298","15,384",,,,,,
023,18455,2502318455,East Bridgewater town,17.2," 3,591 "," 3,832 "," 4,412 "," 6,139 "," 8,347 "," 9,945 "," 11,104 ","12,974"," 13,794 ",800.1,0.2%,,,"13,806","13,899","13,961","14,092","14,243",,,,,,
023,27795,2502327795,Halifax town,16.1, 728 , 867 , 944 ," 1,599 "," 3,537 "," 5,513 "," 6,526 ","7,500"," 7,518 ",465.6,0.1%,,,"7,531","7,568","7,598","7,675","7,767",,,,,,
023,28285,2502328285,Hanover town,15.6," 2,808 "," 2,875 "," 3,389 "," 5,923 "," 10,107 "," 11,358 "," 11,912 ","13,164"," 13,879 ",889.2,0.2%,,,"13,903","13,937","14,155","14,280","14,360",,,,,,
023,28495,2502328495,Hanson town,15.0," 2,184 "," 2,570 "," 3,264 "," 4,370 "," 7,148 "," 8,617 "," 9,028 ","9,495"," 10,209 ",680.0,0.2%,,,"10,227","10,268","10,290","10,334","10,441",,,,,,
023,30210,2502330210,Hingham town,22.5," 6,657 "," 8,003 "," 10,665 "," 15,378 "," 18,845 "," 20,339 "," 19,821 ","19,882"," 22,157 ",986.0,0.3%,,,"22,209","22,311","22,506","22,765","22,964",,,,,,
023,31645,2502331645,Hull town,3.0," 2,047 "," 2,167 "," 3,379 "," 7,055 "," 9,961 "," 9,714 "," 10,466 ","11,050"," 10,293 ","3,398.9",0.2%,,,"10,300","10,307","10,305","10,346","10,365",,,,,,
023,33220,2502333220,Kingston town,18.5," 2,672 "," 2,783 "," 3,461 "," 4,302 "," 5,999 "," 7,362 "," 9,045 ","11,780"," 12,629 ",681.6,0.2%,,,"12,639","12,715","12,771","12,942","13,154",,,,,,
023,33920,2502333920,Lakeville town,29.9," 1,574 "," 1,780 "," 2,066 "," 3,209 "," 4,376 "," 5,931 "," 7,785 ","9,821"," 10,602 ",354.6,0.2%,,,"10,716","10,776","10,863","11,148","11,208",,,,,,
023,38540,2502338540,Marion town,14.6," 1,638 "," 2,030 "," 2,250 "," 2,881 "," 3,466 "," 3,932 "," 4,496 ","5,123"," 4,907 ",335.4,0.1%,,,"4,915","4,911","4,895","4,925","5,048",,,,,,
023,38855,2502338855,Marshfield town,28.5," 1,625 "," 2,419 "," 3,267 "," 6,748 "," 15,223 "," 20,916 "," 21,531 ","24,324"," 25,132 ",883.2,0.4%,,,"25,213","25,357","25,422","25,525","25,635",,,,,,
023,39450,2502339450,Mattapoisett town,16.5," 1,501 "," 1,608 "," 2,265 "," 3,117 "," 4,500 "," 5,597 "," 5,850 ","6,268"," 6,045 ",366.8,0.1%,,,"6,055","6,083","6,114","6,177","6,221",,,,,,
023,40850,2502340850,Middleborough town,69.6," 8,608 "," 9,032 "," 10,164 "," 11,065 "," 13,607 "," 16,404 "," 17,867 ","19,941"," 23,116 ",332.3,0.4%,,,"23,150","23,254","23,354","23,769","24,103",,,,,,
023,50145,2502350145,Norwell town,20.9," 1,519 "," 1,871 "," 2,515 "," 5,207 "," 7,796 "," 9,182 "," 9,279 ","9,765"," 10,506 ",503.3,0.2%,,,"10,520","10,574","10,615","10,706","10,817",,,,,,
023,52630,2502352630,Pembroke town,21.8," 1,492 "," 1,718 "," 2,579 "," 4,919 "," 11,193 "," 13,487 "," 14,544 ","16,927"," 17,837 ",816.6,0.3%,,,"17,867","17,927","17,959","18,107","18,197",,,,,,
023,54310,2502354310,Plymouth town,96.5," 13,042 "," 13,100 "," 13,608 "," 14,445 "," 18,606 "," 35,913 "," 45,608 ","51,701"," 56,468 ",585.4,0.9%,,,"56,648","57,152","57,296","57,666","58,271",,,,,,
023,54415,2502354415,Plympton town,14.8, 511 , 532 , 697 , 821 ," 1,224 "," 1,974 "," 2,384 ","2,637"," 2,820 ",190.7,0.0%,,,"2,829","2,836","2,838","2,856","2,873",,,,,,
023,57600,2502357600,Rochester town,33.9," 1,141 "," 1,269 "," 1,328 "," 1,559 "," 1,770 "," 3,205 "," 3,921 ","4,581"," 5,232 ",154.2,0.1%,,,"5,243","5,303","5,324","5,384","5,443",,,,,,
023,57775,2502357775,Rockland town,10.0," 7,524 "," 8,087 "," 8,960 "," 13,119 "," 15,674 "," 15,695 "," 16,123 ","17,670"," 17,489 ","1,745.0",0.3%,,,"17,497","17,547","17,589","17,669","17,761",,,,,,
023,60330,2502360330,Scituate town,17.2," 3,118 "," 4,130 "," 5,993 "," 11,214 "," 16,973 "," 17,317 "," 16,786 ","17,863"," 18,133 ","1,055.3",0.3%,,,"18,155","18,177","18,193","18,318","18,413",,,,,,
023,72985,2502372985,Wareham town,35.8," 5,686 "," 6,364 "," 7,569 "," 9,461 "," 11,492 "," 18,457 "," 19,232 ","20,335"," 21,822 ",609.6,0.3%,,,"21,851","22,209","22,331","22,424","22,473",,,,,,
023,75260,2502375260,West Bridgewater town,15.7," 3,206 "," 3,247 "," 4,059 "," 5,061 "," 7,152 "," 6,359 "," 6,389 ","6,634"," 6,916 ",439.4,0.1%,,,"6,925","6,935","6,939","7,005","7,060",,,,,,
023,79530,2502379530,Whitman town,7.0," 7,638 "," 7,759 "," 8,413 "," 10,485 "," 13,059 "," 13,534 "," 13,240 ","13,882"," 14,489 ","2,083.0",0.2%,,,"14,512","14,569","14,611","14,723","14,790",,,,,,
,,,,,,,,,,,,,,,,,,,,,,,,,,,,
025,,25025,Suffolk County,58.5," 879,536 "," 863,248 "," 896,615 "," 791,329 "," 735,190 "," 650,142 "," 663,906 "," 689,809 "," 722,023 ","12,338.9",11.0%,,,"725,319","737,471","749,504","760,093","767,254",,,,,,
025,07000,2502507000,Boston city,48.4," 781,188 "," 770,816 "," 801,444 "," 697,197 "," 641,071 "," 562,994 "," 574,283 ","589,143"," 617,594 ","12,753.3",9.4%,,,"620,598","630,645","640,839","649,917","655,884",,,,,,
025,13205,2502513205,Chelsea city,2.2," 45,816 "," 41,259 "," 38,912 "," 33,749 "," 30,625 "," 25,431 "," 28,710 ","35,080"," 35,177 ","16,081.1",0.5%,,,"35,332","36,256","37,079","37,881","38,861",,,,,,
025,56585,2502556585,Revere city,5.9," 35,680 "," 34,405 "," 36,763 "," 40,080 "," 43,159 "," 42,423 "," 42,786 ","47,283"," 51,755 ","8,750.3",0.8%,,,"51,857","52,755","53,524","54,063","54,157",,,,,,
025,81005,2502581005,Winthrop Town city,2.0," 16,852 "," 16,768 "," 19,496 "," 20,303 "," 20,335 "," 19,294 "," 18,127 ","18,303"," 17,497 ","8,802.8",0.3%,,,"17,532","17,815","18,062","18,232","18,352",,,,,,
,,,,,,,,,,,,,,,,,,,,,,,,,,,,
027,,25027,Worcester County,"1,513.1"," 490,737 "," 504,470 "," 546,401 "," 583,228 "," 638,114 "," 646,352 "," 709,705 "," 749,973 "," 798,552 ",527.8,12.2%,,,"800,184","803,805","806,133","810,423","813,475",,,,,,
027,01885,2502701885,Ashburnham town,38.7," 2,079 "," 2,255 "," 2,603 "," 2,758 "," 3,484 "," 4,075 "," 5,433 ","5,546"," 6,081 ",157.3,0.1%,,,"6,088","6,113","6,138","6,160","6,181",,,,,,
027,02480,2502702480,Athol town,32.6," 10,677 "," 11,180 "," 11,554 "," 11,637 "," 11,185 "," 10,634 "," 11,451 ","11,297"," 11,584 ",355.6,0.2%,,,"11,606","11,613","11,630","11,634","11,621",,,,,,
027,02760,2502702760,Auburn town,15.4," 6,147 "," 6,629 "," 8,840 "," 14,047 "," 15,347 "," 14,845 "," 15,005 ","15,901"," 16,188 ","1,054.0",0.2%,,,"16,195","16,236","16,279","16,333","16,387",,,,,,
027,03740,2502703740,Barre town,44.3," 3,510 "," 3,528 "," 3,406 "," 3,479 "," 3,825 "," 4,102 "," 4,546 ","5,113"," 5,398 ",121.8,0.1%,,,"5,400","5,403","5,411","5,440","5,463",,,,,,
027,05490,2502705490,Berlin town,12.9," 1,075 "," 1,057 "," 1,349 "," 1,742 "," 2,099 "," 2,215 "," 2,293 ","2,380"," 2,866 ",221.7,0.0%,,,"2,867","2,894","2,902","2,944","2,978",,,,,,
027,06015,2502706015,Blackstone town,10.9," 4,674 "," 4,566 "," 4,968 "," 5,130 "," 6,566 "," 6,570 "," 8,023 ","8,886"," 9,026 ",827.8,0.1%,,,"9,026","9,039","9,060","9,084","9,091",,,,,,
027,06365,2502706365,Bolton town,19.9, 764 , 775 , 956 ," 1,264 "," 1,905 "," 2,530 "," 3,134 ","4,148"," 4,897 ",245.7,0.1%,,,"4,924","4,978","5,012","5,076","5,132",,,,,,
027,07525,2502707525,Boylston town,16.0," 1,097 "," 1,388 "," 1,700 "," 2,367 "," 2,774 "," 3,470 "," 3,517 ","4,008"," 4,355 ",271.7,0.1%,,,"4,354","4,356","4,391","4,434","4,475",,,,,,
027,09105,2502709105,Brookfield town,15.5," 1,352 "," 1,393 "," 1,567 "," 1,751 "," 2,063 "," 2,397 "," 2,968 ","3,051"," 3,390 ",218.4,0.1%,,,"3,391","3,393","3,398","3,399","3,399",,,,,,
027,12715,2502712715,Charlton town,42.5," 2,154 "," 2,557 "," 3,136 "," 3,685 "," 4,654 "," 6,719 "," 9,576 ","11,263"," 12,981 ",305.2,0.2%,,,"12,996","13,055","13,123","13,183","13,312",,,,,,
027,14395,2502714395,Clinton town,5.7," 12,817 "," 12,440 "," 12,287 "," 12,848 "," 13,383 "," 12,771 "," 13,222 ","13,435"," 13,606 ","2,385.7",0.2%,,,"13,622","13,633","13,671","13,719","13,749",,,,,,
027,17300,2502717300,Douglas town,36.4," 2,195 "," 2,617 "," 2,624 "," 2,559 "," 2,947 "," 3,730 "," 5,438 ","7,045"," 8,471 ",232.9,0.1%,,,"8,473","8,526","8,567","8,626","8,681",,,,,,
027,17685,2502717685,Dudley town,21.1," 4,265 "," 4,616 "," 5,261 "," 6,510 "," 8,087 "," 8,717 "," 9,540 ","10,036"," 11,390 ",541.0,0.2%,,,"11,476","11,569","11,581","11,704","11,818",,,,,,
027,18560,2502718560,East Brookfield town,9.8, 926 ," 1,016 "," 1,243 "," 1,533 "," 1,801 "," 1,955 "," 2,033 ","2,097"," 2,183 ",221.8,0.0%,,,"2,184","2,183","2,185","2,188","2,186",,,,,,
027,23875,2502723875,Fitchburg city,27.8," 40,692 "," 41,824 "," 42,691 "," 43,021 "," 43,343 "," 39,580 "," 41,194 ","39,102"," 40,318 ","1,452.3",0.6%,,,"40,410","40,365","40,403","40,440","40,445",,,,,,
027,25485,2502725485,Gardner city,22.2," 19,399 "," 20,206 "," 19,581 "," 19,038 "," 19,748 "," 17,900 "," 20,125 ","20,770"," 20,228 ",911.6,0.3%,,,"20,158","20,198","20,316","20,349","20,381",,,,,,
027,26430,2502726430,Grafton town,22.7," 7,030 "," 7,457 "," 8,281 "," 10,627 "," 11,659 "," 11,238 "," 13,035 ","14,894"," 17,765 ",781.2,0.3%,,,"17,782","17,885","18,041","18,166","18,371",,,,,,
027,28740,2502728740,Hardwick town,38.6," 2,460 "," 2,154 "," 2,348 "," 2,340 "," 2,379 "," 2,272 "," 2,385 ","2,622"," 2,990 ",77.5,0.0%,,,"2,991","2,995","2,997","3,002","3,010",,,,,,
027,28950,2502728950,Harvard town,26.4, 987 ," 1,790 "," 3,983 "," 2,563 "," 13,426 "," 12,170 "," 12,329 ","5,981"," 6,520 ",247.4,0.1%,,,"6,532","6,540","6,549","6,568","6,566",,,,,,
027,30560,2502730560,Holden town,35.0," 3,871 "," 3,924 "," 5,975 "," 10,117 "," 12,564 "," 13,336 "," 14,628 ","15,621"," 17,346 ",495.7,0.3%,,,"17,365","17,505","17,638","17,993","18,476",,,,,,
027,30945,2502730945,Hopedale town,5.2," 2,973 "," 3,113 "," 3,479 "," 3,987 "," 4,292 "," 3,905 "," 5,666 ","5,907"," 5,911 ","1,146.5",0.1%,,,"5,911","5,921","5,930","5,953","5,950",,,,,,
027,31435,2502731435,Hubbardston town,41.0," 1,010 "," 1,022 "," 1,134 "," 1,217 "," 1,437 "," 1,797 "," 2,797 ","3,909"," 4,382 ",106.8,0.1%,,,"4,394","4,404","4,428","4,465","4,522",,,,,,
027,34165,2502734165,Lancaster town,27.7," 2,897 "," 2,963 "," 3,601 "," 3,958 "," 6,095 "," 6,334 "," 6,661 ","6,382"," 8,055 ",291.1,0.1%,,,"8,066","7,925","7,956","8,061","8,111",,,,,,
027,34795,2502734795,Leicester town,23.4," 4,445 "," 4,851 "," 6,029 "," 8,177 "," 9,140 "," 9,446 "," 10,191 ","10,471"," 10,970 ",469.6,0.2%,,,"10,984","11,063","11,174","11,246","11,270",,,,,,
027,35075,2502735075,Leominster city,28.9," 21,810 "," 22,226 "," 24,075 "," 27,929 "," 32,939 "," 34,508 "," 38,145 ","41,303"," 40,759 ","1,411.4",0.6%,,,"40,765","40,882","40,896","41,079","41,150",,,,,,
027,37420,2502737420,Lunenburg town,26.4," 1,923 "," 2,195 "," 3,906 "," 6,334 "," 7,419 "," 8,405 "," 9,117 ","9,401"," 10,086 ",381.7,0.2%,,,"10,093","10,838","10,884","11,041","11,107",,,,,,
027,40255,2502740255,Mendon town,18.1," 1,107 "," 1,315 "," 1,619 "," 2,068 "," 2,524 "," 3,108 "," 4,010 ","5,302"," 5,839 ",322.6,0.1%,,,"5,844","5,860","5,877","5,906","5,960",,,,,,
027,41165,2502741165,Milford town,14.6," 14,741 "," 15,388 "," 15,442 "," 15,749 "," 19,352 "," 23,390 "," 25,355 ","26,720"," 27,999 ","1,917.7",0.4%,,,"28,023","28,099","28,183","28,289","28,439",,,,,,
027,41340,2502741340,Millbury town,15.7," 6,957 "," 6,983 "," 8,347 "," 9,623 "," 11,987 "," 11,808 "," 12,228 ","12,784"," 13,261 ",842.9,0.2%,,,"13,262","13,284","13,322","13,416","13,460",,,,,,
027,41585,2502741585,Millville town,4.9," 2,111 "," 1,722 "," 1,692 "," 1,567 "," 1,764 "," 1,693 "," 2,236 ","2,642"," 3,190 ",646.5,0.0%,,,"3,191","3,191","3,201","3,215","3,223",,,,,,
027,45105,2502745105,New Braintree town,20.7, 407 , 439 , 478 , 509 , 631 , 671 , 881 ,927, 999 ,48.3,0.0%,,,"1,002","1,009","1,017","1,023","1,022",,,,,,
027,46820,2502746820,Northborough town,18.5," 3,013 "," 2,382 "," 3,122 "," 6,687 "," 9,218 "," 10,568 "," 11,929 ","14,013"," 14,155 ",763.8,0.2%,,,"14,388","14,664","14,642","14,753","14,834",,,,,,
027,46925,2502746925,Northbridge town,17.2," 1,946 "," 10,242 "," 10,476 "," 10,800 "," 11,887 "," 12,246 "," 13,371 ","13,182"," 15,707 ",914.1,0.2%,,,"15,727","15,884","16,156","16,310","16,407",,,,,,
027,47135,2502747135,North Brookfield town,21.1," 9,713 "," 3,304 "," 3,444 "," 3,616 "," 3,967 "," 4,150 "," 4,708 ","4,683"," 4,680 ",222.2,0.1%,,,"4,684","4,699","4,720","4,743","4,748",,,,,,
027,50670,2502750670,Oakham town,21.1, 502 , 423 , 455 , 524 , 730 , 994 ," 1,503 ","1,673"," 1,902 ",90.1,0.0%,,,"1,903","1,906","1,912","1,918","1,921",,,,,,
027,51825,2502751825,Oxford town,26.6," 3,943 "," 4,623 "," 5,851 "," 9,282 "," 10,345 "," 11,680 "," 12,588 ","13,352"," 13,709 ",514.9,0.2%,,,"13,711","13,735","13,773","13,812","13,853",,,,,,
027,52420,2502752420,Paxton town,14.7, 672 , 791 ," 1,066 "," 2,399 "," 3,731 "," 3,762 "," 4,047 ","4,386"," 4,806 ",326.2,0.1%,,,"4,825","4,860","4,834","4,847","4,854",,,,,,
027,53120,2502753120,Petersham town,54.2, 660 , 923 , 814 , 890 ," 1,015 "," 1,024 "," 1,131 ","1,180"," 1,234 ",22.8,0.0%,,,"1,234","1,239","1,241","1,245","1,247",,,,,,
027,53225,2502753225,Phillipston town,24.3, 357 , 481 , 638 , 695 , 872 , 953 ," 1,485 ","1,623"," 1,682 ",69.3,0.0%,,,"1,690","1,695","1,702","1,710","1,715",,,,,,
027,55395,2502755395,Princeton town,35.4, 717 , 713 ," 1,032 "," 1,360 "," 1,681 "," 2,425 "," 3,189 ","3,353"," 3,413 ",96.3,0.1%,,,"3,417","3,430","3,435","3,442","3,443",,,,,,
027,58580,2502758580,Royalston town,41.9, 744 , 795 , 838 , 800 , 809 , 955 ," 1,147 ","1,254"," 1,258 ",30.0,0.0%,,,"1,258","1,258","1,264","1,269","1,269",,,,,,
027,58825,2502758825,Rutland town,35.3," 2,442 "," 2,181 "," 3,056 "," 3,253 "," 3,198 "," 4,334 "," 4,936 ","6,353"," 7,973 ",226.1,0.1%,,,"7,995","8,107","8,184","8,264","8,349",,,,,,
027,61800,2502761800,Shrewsbury town,20.7," 6,910 "," 7,586 "," 10,594 "," 16,622 "," 19,196 "," 22,674 "," 24,146 ","31,640"," 35,608 ","1,717.7",0.5%,,,"35,658","35,897","36,075","36,333","36,580",,,,,,
027,63165,2502763165,Southborough town,14.1," 2,166 "," 2,231 "," 2,760 "," 3,996 "," 5,798 "," 6,193 "," 6,628 ","8,781"," 9,767 ",690.4,0.1%,,,"9,771","9,816","9,848","9,900","9,943",,,,,,
027,63345,2502763345,Southbridge Town city,20.4," 14,264 "," 16,825 "," 17,519 "," 16,523 "," 17,057 "," 16,665 "," 17,816 ","17,214"," 16,719 ",821.1,0.3%,,,"16,725","16,741","16,768","16,803","16,825",,,,,,
027,66105,2502766105,Spencer town,32.8," 6,272 "," 6,641 "," 7,027 "," 7,838 "," 8,779 "," 10,774 "," 11,645 ","11,691"," 11,688 ",355.8,0.2%,,,"11,689","11,719","11,745","11,780","11,805",,,,,,
027,67385,2502767385,Sterling town,30.5," 1,502 "," 1,713 "," 2,166 "," 3,193 "," 4,247 "," 5,440 "," 6,481 ","7,257"," 7,808 ",255.8,0.1%,,,"7,811","7,826","7,856","7,887","7,938",,,,,,
027,68155,2502768155,Sturbridge town,37.4," 1,772 "," 2,227 "," 2,805 "," 3,604 "," 4,878 "," 5,976 "," 7,775 ","7,837"," 9,268 ",247.7,0.1%,,,"9,279","9,315","9,347","9,413","9,463",,,,,,
027,68610,2502768610,Sutton town,32.4," 2,147 "," 2,749 "," 3,102 "," 3,638 "," 4,590 "," 5,855 "," 6,824 ","8,250"," 8,963 ",276.8,0.1%,,,"8,970","9,017","9,075","9,140","9,202",,,,,,
027,69275,2502769275,Templeton town,32.0," 4,159 "," 4,601 "," 4,757 "," 5,371 "," 5,863 "," 6,070 "," 6,438 ","6,799"," 8,013 ",250.1,0.1%,,,"8,031","8,045","8,078","8,145","8,155",,,,,,
027,71480,2502771480,Upton town,21.5," 2,026 "," 2,249 "," 2,656 "," 3,127 "," 3,488 "," 3,886 "," 4,677 ","5,713"," 7,542 ",350.5,0.1%,,,"7,553","7,603","7,639","7,671","7,699",,,,,,
027,71620,2502771620,Uxbridge town,29.5," 6,285 "," 6,417 "," 7,007 "," 7,789 "," 8,253 "," 8,374 "," 10,415 ","11,156"," 13,457 ",455.5,0.2%,,,"13,465","13,522","13,582","13,702","13,783",,,,,,
027,73090,2502773090,Warren town,27.5," 3,765 "," 3,531 "," 3,406 "," 3,383 "," 3,633 "," 3,777 "," 4,437 ","4,776"," 5,135 ",186.5,0.1%,,,"5,137","5,141","5,147","5,174","5,178",,,,,,
027,73895,2502773895,Webster town,12.5," 12,992 "," 13,186 "," 13,194 "," 13,680 "," 14,917 "," 14,480 "," 16,196 ","16,415"," 16,767 ","1,342.4",0.3%,,,"16,772","16,788","16,798","16,836","16,844",,,,,,
027,75015,2502775015,Westborough town,20.5," 2,114 "," 6,463 "," 7,378 "," 9,599 "," 12,594 "," 13,619 "," 14,133 ","17,997"," 18,272 ",890.2,0.3%,,,"18,278","18,406","18,378","18,609","18,756",,,,,,
027,75155,2502775155,West Boylston town,12.9," 1,255 "," 1,822 "," 2,570 "," 5,526 "," 6,369 "," 6,204 "," 6,611 ","7,481"," 7,669 ",594.6,0.1%,,,"7,718","7,752","7,852","7,837","7,871",,,,,,
027,75400,2502775400,West Brookfield town,20.5," 6,409 "," 1,387 "," 1,674 "," 2,053 "," 2,653 "," 3,026 "," 3,532 ","3,804"," 3,701 ",180.8,0.1%,,,"3,705","3,716","3,741","3,756","3,763",,,,,,
027,77010,2502777010,Westminster town,35.5," 1,925 "," 2,126 "," 2,768 "," 4,022 "," 4,273 "," 5,139 "," 6,191 ","6,907"," 7,277 ",204.9,0.1%,,,"7,282","7,305","7,343","7,412","7,463",,,,,,
027,80405,2502780405,Winchendon town,43.3," 6,202 "," 6,575 "," 6,585 "," 6,237 "," 6,682 "," 7,019 "," 8,805 ","9,611"," 10,300 ",238.0,0.2%,,,"10,322","10,402","10,471","10,555","10,615",,,,,,
027,82000,2502782000,Worcester city,37.6," 195,311 "," 193,694 "," 203,486 "," 186,587 "," 176,572 "," 161,799 "," 169,759 ","172,648"," 181,045 ","4,820.1",2.8%,,,"181,811","182,362","182,367","183,021","183,016",,,,,,
,,,,,,,,,,,,,,,,,,,,,,,,,,,,
,,,"Source: Population Division, U.S. Census Bureau, http://www.census.gov/popest/index.html",,,,,,,,,,,,,,,,,,,,,,,,,
,,,AFF source link:,http://factfinder2.census.gov/bkmk/table/1.0/en/PEP/2014/PEPANNRES/0400000US25|0400000US25.05000|0400000US25.06100,,,,,,,,,,,,,,,,,,,,,,,,
,,,*2010 decennial population has been revised through the CQR process.,,,,,,,,,,,,,,,,,,,,,,,,,
,,,"CQR: Count Question Resolution, http://www.census.gov/2010census/about/cqr.php",,,,,,,,,,,,,,,,,,,,,,,,,
,,,Release Date: May 2015,,,,,,,,,,,,,,,,,,,,,,,,,
,,,"Prepared by Massachusetts State Data Center/Donahue Institute, UMass President's Office",,,,,,,,,,,,,,,,,,,,,,,,,
,,,Contact: Massachusetts State Data Center Staff by email: jgaviglio@donahue.umassp.edu or phone: 413-545-0176,,,,,,,,,,,,,,,,,,,,,,,,,
,,,www.massbenchmarks.org,,,,,,,,,,,,,,,,,,,,,,,,,
,,,,,,,,,,,,,,,,,,,,,,,,,,,,
,,,,,,,,,,,,,,,,,,,,,,,,,,,,
