new_series_id,new_area_code,measure_code,measure_text,region
LASST250000000000003,ST2500000000000,3,unemployment rate,Massachusetts
LASST250000000000004,ST2500000000000,4,unemployment,Massachusetts
LASST250000000000005,ST2500000000000,5,employment,Massachusetts
LASST250000000000006,ST2500000000000,6,labor force,Massachusetts
LAUCS250052000000003,CS2500520000000,3,unemployment rate,Acushnet
LAUCS250052000000004,CS2500520000000,4,unemployment,Acushnet
LAUCS250052000000005,CS2500520000000,5,employment,Acushnet
LAUCS250052000000006,CS2500520000000,6,labor force,Acushnet
LAUCS251642500000003,CS2516425000000,3,unemployment rate,Dartmouth
LAUCS251642500000004,CS2516425000000,4,unemployment,Dartmouth
LAUCS251642500000005,CS2516425000000,5,employment,Dartmouth
LAUCS251642500000006,CS2516425000000,6,labor force,Dartmouth
LAUCS252213000000003,CS2522130000000,3,unemployment rate,Fairhaven
LAUCS252213000000004,CS2522130000000,4,unemployment,Fairhaven
LAUCS252213000000005,CS2522130000000,5,employment,Fairhaven
LAUCS252213000000006,CS2522130000000,6,labor force,Fairhaven
LAUCS253854000000003,CS2538540000000,3,unemployment rate,Marion
LAUCS253854000000004,CS2538540000000,4,unemployment,Marion
LAUCS253854000000005,CS2538540000000,5,employment,Marion
LAUCS253854000000006,CS2538540000000,6,labor force,Marion
LAUCS253945000000003,CS2539450000000,3,unemployment rate,Mattapoisett
LAUCS253945000000004,CS2539450000000,4,unemployment,Mattapoisett
LAUCS253945000000005,CS2539450000000,5,employment,Mattapoisett
LAUCS253945000000006,CS2539450000000,6,labor force,Mattapoisett
LAUCS255760000000003,CS2557600000000,3,unemployment rate,Rochester
LAUCS255760000000004,CS2557600000000,4,unemployment,Rochester
LAUCS255760000000005,CS2557600000000,5,employment,Rochester
LAUCS255760000000006,CS2557600000000,6,labor force,Rochester
LAUCS257298500000003,CS2572985000000,3,unemployment rate,Wareham
LAUCS257298500000004,CS2572985000000,4,unemployment,Wareham
LAUCS257298500000005,CS2572985000000,5,employment,Wareham
LAUCS257298500000006,CS2572985000000,6,labor force,Wareham
LAUCT257603000000003,CT2576030000000,3,unemployment rate,Westfield
LAUCT257603000000004,CT2576030000000,4,unemployment,Westfield
LAUCT257603000000005,CT2576030000000,5,employment,Westfield
LAUCT257603000000006,CT2576030000000,6,labor force,Westfield
LAUCT250084000000003,CT2500840000000,3,unemployment rate,Agawam
LAUCT250084000000004,CT2500840000000,4,unemployment,Agawam
LAUCT250084000000005,CT2500840000000,5,employment,Agawam
LAUCT250084000000006,CT2500840000000,6,labor force,Agawam
LAUCS251964500000003,CS2519645000000,3,unemployment rate,East Longmeadow
LAUCS251964500000004,CS2519645000000,4,unemployment,East Longmeadow
LAUCS251964500000005,CS2519645000000,5,employment,East Longmeadow
LAUCS251964500000006,CS2519645000000,6,labor force,East Longmeadow
LAUCS252807500000003,CS2528075000000,3,unemployment rate,Hampden
LAUCS252807500000004,CS2528075000000,4,unemployment,Hampden
LAUCS252807500000005,CS2528075000000,5,employment,Hampden
LAUCS252807500000006,CS2528075000000,6,labor force,Hampden
LAUCS253066500000003,CS2530665000000,3,unemployment rate,Holland
LAUCS253066500000004,CS2530665000000,4,unemployment,Holland
LAUCS253066500000005,CS2530665000000,5,employment,Holland
LAUCS253066500000006,CS2530665000000,6,labor force,Holland
LAUCS253630000000003,CS2536300000000,3,unemployment rate,Longmeadow
LAUCS253630000000004,CS2536300000000,4,unemployment,Longmeadow
LAUCS253630000000005,CS2536300000000,5,employment,Longmeadow
LAUCS253630000000006,CS2536300000000,6,labor force,Longmeadow
LAUCS253717500000003,CS2537175000000,3,unemployment rate,Ludlow
LAUCS253717500000004,CS2537175000000,4,unemployment,Ludlow
LAUCS253717500000005,CS2537175000000,5,employment,Ludlow
LAUCS253717500000006,CS2537175000000,6,labor force,Ludlow
LAUCS254214500000003,CS2542145000000,3,unemployment rate,Monson
LAUCS254214500000004,CS2542145000000,4,unemployment,Monson
LAUCS254214500000005,CS2542145000000,5,employment,Monson
LAUCS254214500000006,CS2542145000000,6,labor force,Monson
LAUCT255214400000003,CT2552144000000,3,unemployment rate,Palmer
LAUCT255214400000004,CT2552144000000,4,unemployment,Palmer
LAUCT255214400000005,CT2552144000000,5,employment,Palmer
LAUCT255214400000006,CT2552144000000,6,labor force,Palmer
LAUCS256582500000003,CS2565825000000,3,unemployment rate,Southwick
LAUCS256582500000004,CS2565825000000,4,unemployment,Southwick
LAUCS256582500000005,CS2565825000000,5,employment,Southwick
LAUCS256582500000006,CS2565825000000,6,labor force,Southwick
LAUCT257789000000003,CT2577890000000,3,unemployment rate,West Springfield
LAUCT257789000000004,CT2577890000000,4,unemployment,West Springfield
LAUCT257789000000005,CT2577890000000,5,employment,West Springfield
LAUCT257789000000006,CT2577890000000,6,labor force,West Springfield
LAUCS257974000000003,CS2579740000000,3,unemployment rate,Wilbraham
LAUCS257974000000004,CS2579740000000,4,unemployment,Wilbraham
LAUCS257974000000005,CS2579740000000,5,employment,Wilbraham
LAUCS257974000000006,CS2579740000000,6,labor force,Wilbraham
LAUCS250608500000003,CS2506085000000,3,unemployment rate,Blandford
LAUCS250608500000004,CS2506085000000,4,unemployment,Blandford
LAUCS250608500000005,CS2506085000000,5,employment,Blandford
LAUCS250608500000006,CS2506085000000,6,labor force,Blandford
LAUCS250847000000003,CS2508470000000,3,unemployment rate,Brimfield
LAUCS250847000000004,CS2508470000000,4,unemployment,Brimfield
LAUCS250847000000005,CS2508470000000,5,employment,Brimfield
LAUCS250847000000006,CS2508470000000,6,labor force,Brimfield
LAUCS251348500000003,CS2513485000000,3,unemployment rate,Chester
LAUCS251348500000004,CS2513485000000,4,unemployment,Chester
LAUCS251348500000005,CS2513485000000,5,employment,Chester
LAUCS251348500000006,CS2513485000000,6,labor force,Chester
LAUCS252667500000003,CS2526675000000,3,unemployment rate,Granville
LAUCS252667500000004,CS2526675000000,4,unemployment,Granville
LAUCS252667500000005,CS2526675000000,5,employment,Granville
LAUCS252667500000006,CS2526675000000,6,labor force,Granville
LAUCS254253000000003,CS2542530000000,3,unemployment rate,Montgomery
LAUCS254253000000004,CS2542530000000,4,unemployment,Montgomery
LAUCS254253000000005,CS2542530000000,5,employment,Montgomery
LAUCS254253000000006,CS2542530000000,6,labor force,Montgomery
LAUCS255865000000003,CS2558650000000,3,unemployment rate,Russell
LAUCS255865000000004,CS2558650000000,4,unemployment,Russell
LAUCS255865000000005,CS2558650000000,5,employment,Russell
LAUCS255865000000006,CS2558650000000,6,labor force,Russell
LAUCS257004500000003,CS2570045000000,3,unemployment rate,Tolland
LAUCS257004500000004,CS2570045000000,4,unemployment,Tolland
LAUCS257004500000005,CS2570045000000,5,employment,Tolland
LAUCS257004500000006,CS2570045000000,6,labor force,Tolland
LAUCS257239000000003,CS2572390000000,3,unemployment rate,Wales
LAUCS257239000000004,CS2572390000000,4,unemployment,Wales
LAUCS257239000000005,CS2572390000000,5,employment,Wales
LAUCS257239000000006,CS2572390000000,6,labor force,Wales
LAUCS250276000000003,CS2502760000000,3,unemployment rate,Auburn
LAUCS250276000000004,CS2502760000000,4,unemployment,Auburn
LAUCS250276000000005,CS2502760000000,5,employment,Auburn
LAUCS250276000000006,CS2502760000000,6,labor force,Auburn
LAUCS250752500000003,CS2507525000000,3,unemployment rate,Boylston
LAUCS250752500000004,CS2507525000000,4,unemployment,Boylston
LAUCS250752500000005,CS2507525000000,5,employment,Boylston
LAUCS250752500000006,CS2507525000000,6,labor force,Boylston
LAUCS252643000000003,CS2526430000000,3,unemployment rate,Grafton
LAUCS252643000000004,CS2526430000000,4,unemployment,Grafton
LAUCS252643000000005,CS2526430000000,5,employment,Grafton
LAUCS252643000000006,CS2526430000000,6,labor force,Grafton
LAUCS253056000000003,CS2530560000000,3,unemployment rate,Holden
LAUCS253056000000004,CS2530560000000,4,unemployment,Holden
LAUCS253056000000005,CS2530560000000,5,employment,Holden
LAUCS253056000000006,CS2530560000000,6,labor force,Holden
LAUCS253479500000003,CS2534795000000,3,unemployment rate,Leicester
LAUCS253479500000004,CS2534795000000,4,unemployment,Leicester
LAUCS253479500000005,CS2534795000000,5,employment,Leicester
LAUCS253479500000006,CS2534795000000,6,labor force,Leicester
LAUCS254134000000003,CS2541340000000,3,unemployment rate,Millbury
LAUCS254134000000004,CS2541340000000,4,unemployment,Millbury
LAUCS254134000000005,CS2541340000000,5,employment,Millbury
LAUCS254134000000006,CS2541340000000,6,labor force,Millbury
LAUCS254682000000003,CS2546820000000,3,unemployment rate,Northborough
LAUCS254682000000004,CS2546820000000,4,unemployment,Northborough
LAUCS254682000000005,CS2546820000000,5,employment,Northborough
LAUCS254682000000006,CS2546820000000,6,labor force,Northborough
LAUCS255242000000003,CS2552420000000,3,unemployment rate,Paxton
LAUCS255242000000004,CS2552420000000,4,unemployment,Paxton
LAUCS255242000000005,CS2552420000000,5,employment,Paxton
LAUCS255242000000006,CS2552420000000,6,labor force,Paxton
LAUCS255882500000003,CS2558825000000,3,unemployment rate,Rutland
LAUCS255882500000004,CS2558825000000,4,unemployment,Rutland
LAUCS255882500000005,CS2558825000000,5,employment,Rutland
LAUCS255882500000006,CS2558825000000,6,labor force,Rutland
LAUCS256180000000003,CS2561800000000,3,unemployment rate,Shrewsbury
LAUCS256180000000004,CS2561800000000,4,unemployment,Shrewsbury
LAUCS256180000000005,CS2561800000000,5,employment,Shrewsbury
LAUCS256180000000006,CS2561800000000,6,labor force,Shrewsbury
LAUCS256610500000003,CS2566105000000,3,unemployment rate,Spencer
LAUCS256610500000004,CS2566105000000,4,unemployment,Spencer
LAUCS256610500000005,CS2566105000000,5,employment,Spencer
LAUCS256610500000006,CS2566105000000,6,labor force,Spencer
LAUCS257501500000003,CS2575015000000,3,unemployment rate,Westborough
LAUCS257501500000004,CS2575015000000,4,unemployment,Westborough
LAUCS257501500000005,CS2575015000000,5,employment,Westborough
LAUCS257501500000006,CS2575015000000,6,labor force,Westborough
LAUCS257515500000003,CS2575155000000,3,unemployment rate,West Boylston
LAUCS257515500000004,CS2575155000000,4,unemployment,West Boylston
LAUCS257515500000005,CS2575155000000,5,employment,West Boylston
LAUCS257515500000006,CS2575155000000,6,labor force,West Boylston
LAUCT257344000000003,CT2573440000000,3,unemployment rate,Watertown
LAUCT257344000000004,CT2573440000000,4,unemployment,Watertown
LAUCT257344000000005,CT2573440000000,5,employment,Watertown
LAUCT257344000000006,CT2573440000000,6,labor force,Watertown
LAUCS250507000000003,CS2505070000000,3,unemployment rate,Belmont
LAUCS250507000000004,CS2505070000000,4,unemployment,Belmont
LAUCS250507000000005,CS2505070000000,5,employment,Belmont
LAUCS250507000000006,CS2505070000000,6,labor force,Belmont
LAUCS250580500000003,CS2505805000000,3,unemployment rate,Billerica
LAUCS250580500000004,CS2505805000000,4,unemployment,Billerica
LAUCS250580500000005,CS2505805000000,5,employment,Billerica
LAUCS250580500000006,CS2505805000000,6,labor force,Billerica
LAUCS251313500000003,CS2513135000000,3,unemployment rate,Chelmsford
LAUCS251313500000004,CS2513135000000,4,unemployment,Chelmsford
LAUCS251313500000005,CS2513135000000,5,employment,Chelmsford
LAUCS251313500000006,CS2513135000000,6,labor force,Chelmsford
LAUCS251747500000003,CS2517475000000,3,unemployment rate,Dracut 
LAUCS251747500000004,CS2517475000000,4,unemployment,Dracut 
LAUCS251747500000005,CS2517475000000,5,employment,Dracut 
LAUCS251747500000006,CS2517475000000,6,labor force,Dracut 
LAUCS251782500000003,CS2517825000000,3,unemployment rate,Dunstable
LAUCS251782500000004,CS2517825000000,4,unemployment,Dunstable
LAUCS251782500000005,CS2517825000000,5,employment,Dunstable
LAUCS251782500000006,CS2517825000000,6,labor force,Dunstable
LAUCS256941500000003,CS2569415000000,3,unemployment rate,Tewksbury
LAUCS256941500000004,CS2569415000000,4,unemployment,Tewksbury
LAUCS256941500000005,CS2569415000000,5,employment,Tewksbury
LAUCS256941500000006,CS2569415000000,6,labor force,Tewksbury
LAUCS257102500000003,CS2571025000000,3,unemployment rate,Tyngsborough
LAUCS257102500000004,CS2571025000000,4,unemployment,Tyngsborough
LAUCS257102500000005,CS2571025000000,5,employment,Tyngsborough
LAUCS257102500000006,CS2571025000000,6,labor force,Tyngsborough
LAUCS257613500000003,CS2576135000000,3,unemployment rate,Westford
LAUCS257613500000004,CS2576135000000,4,unemployment,Westford
LAUCS257613500000005,CS2576135000000,5,employment,Westford
LAUCS257613500000006,CS2576135000000,6,labor force,Westford
LAUCS250017000000003,CS2500170000000,3,unemployment rate,Abington
LAUCS250017000000004,CS2500170000000,4,unemployment,Abington
LAUCS250017000000005,CS2500170000000,5,employment,Abington
LAUCS250017000000006,CS2500170000000,6,labor force,Abington
LAUCS250293500000003,CS2502935000000,3,unemployment rate,Avon
LAUCS250293500000004,CS2502935000000,4,unemployment,Avon
LAUCS250293500000005,CS2502935000000,5,employment,Avon
LAUCS250293500000006,CS2502935000000,6,labor force,Avon
LAUCS250808500000003,CS2508085000000,3,unemployment rate,Bridgewater
LAUCS250808500000004,CS2508085000000,4,unemployment,Bridgewater
LAUCS250808500000005,CS2508085000000,5,employment,Bridgewater
LAUCS250808500000006,CS2508085000000,6,labor force,Bridgewater
LAUCS251845500000003,CS2518455000000,3,unemployment rate,East Bridgewater
LAUCS251845500000004,CS2518455000000,4,unemployment,East Bridgewater
LAUCS251845500000005,CS2518455000000,5,employment,East Bridgewater
LAUCS251845500000006,CS2518455000000,6,labor force,East Bridgewater
LAUCS257526000000003,CS2575260000000,3,unemployment rate,West Bridgewater
LAUCS257526000000004,CS2575260000000,4,unemployment,West Bridgewater
LAUCS257526000000005,CS2575260000000,5,employment,West Bridgewater
LAUCS257526000000006,CS2575260000000,6,labor force,West Bridgewater
LAUCS252010000000003,CS2520100000000,3,unemployment rate,Easton
LAUCS252010000000004,CS2520100000000,4,unemployment,Easton
LAUCS252010000000005,CS2520100000000,5,employment,Easton
LAUCS252010000000006,CS2520100000000,6,labor force,Easton
LAUCS252849500000003,CS2528495000000,3,unemployment rate,Hanson
LAUCS252849500000004,CS2528495000000,4,unemployment,Hanson
LAUCS252849500000005,CS2528495000000,5,employment,Hanson
LAUCS252849500000006,CS2528495000000,6,labor force,Hanson
LAUCS256794500000003,CS2567945000000,3,unemployment rate,Stoughton
LAUCS256794500000004,CS2567945000000,4,unemployment,Stoughton
LAUCS256794500000005,CS2567945000000,5,employment,Stoughton
LAUCS256794500000006,CS2567945000000,6,labor force,Stoughton
LAUCS257953000000003,CS2579530000000,3,unemployment rate,Whitman
LAUCS257953000000004,CS2579530000000,4,unemployment,Whitman
LAUCS257953000000005,CS2579530000000,5,employment,Whitman
LAUCS257953000000006,CS2579530000000,6,labor force,Whitman
LAUCS256243000000003,CS2562430000000,3,unemployment rate,Somerset
LAUCS256243000000004,CS2562430000000,4,unemployment,Somerset
LAUCS256243000000005,CS2562430000000,5,employment,Somerset
LAUCS256243000000006,CS2562430000000,6,labor force,Somerset
LAUCS256875000000003,CS2568750000000,3,unemployment rate,Swansea
LAUCS256875000000004,CS2568750000000,4,unemployment,Swansea
LAUCS256875000000005,CS2568750000000,5,employment,Swansea
LAUCS256875000000006,CS2568750000000,6,labor force,Swansea
LAUCS257757000000003,CS2577570000000,3,unemployment rate,Westport
LAUCS257757000000004,CS2577570000000,4,unemployment,Westport
LAUCS257757000000005,CS2577570000000,5,employment,Westport
LAUCS257757000000006,CS2577570000000,6,labor force,Westport
LAUCS252524000000003,CS2525240000000,3,unemployment rate,Freetown
LAUCS252524000000004,CS2525240000000,4,unemployment,Freetown
LAUCS252524000000005,CS2525240000000,5,employment,Freetown
LAUCS252524000000006,CS2525240000000,6,labor force,Freetown
LAUCN250010000000003,CN2500100000000,3,unemployment rate,Barnstable County
LAUCN250010000000004,CN2500100000000,4,unemployment,Barnstable County
LAUCN250010000000005,CN2500100000000,5,employment,Barnstable County
LAUCN250010000000006,CN2500100000000,6,labor force,Barnstable County
LAUCN250050000000003,CN2500500000000,3,unemployment rate,Bristol County
LAUCN250050000000004,CN2500500000000,4,unemployment,Bristol County
LAUCN250050000000005,CN2500500000000,5,employment,Bristol County
LAUCN250050000000006,CN2500500000000,6,labor force,Bristol County
LAUCN250070000000003,CN2500700000000,3,unemployment rate,Dukes County
LAUCN250070000000004,CN2500700000000,4,unemployment,Dukes County
LAUCN250070000000005,CN2500700000000,5,employment,Dukes County
LAUCN250070000000006,CN2500700000000,6,labor force,Dukes County
LAUCN250090000000003,CN2500900000000,3,unemployment rate,Essex County
LAUCN250090000000004,CN2500900000000,4,unemployment,Essex County
LAUCN250090000000005,CN2500900000000,5,employment,Essex County
LAUCN250090000000006,CN2500900000000,6,labor force,Essex County
LAUCN250110000000003,CN2501100000000,3,unemployment rate,Franklin County
LAUCN250110000000004,CN2501100000000,4,unemployment,Franklin County
LAUCN250110000000005,CN2501100000000,5,employment,Franklin County
LAUCN250110000000006,CN2501100000000,6,labor force,Franklin County
LAUCN250150000000003,CN2501500000000,3,unemployment rate,Hampshire County
LAUCN250150000000004,CN2501500000000,4,unemployment,Hampshire County
LAUCN250150000000005,CN2501500000000,5,employment,Hampshire County
LAUCN250150000000006,CN2501500000000,6,labor force,Hampshire County
LAUCN250170000000003,CN2501700000000,3,unemployment rate,Middlesex County
LAUCN250170000000004,CN2501700000000,4,unemployment,Middlesex County
LAUCN250170000000005,CN2501700000000,5,employment,Middlesex County
LAUCN250170000000006,CN2501700000000,6,labor force,Middlesex County
LAUCN250190000000003,CN2501900000000,3,unemployment rate,Nantucket County
LAUCS254379000000003,CS2543790000000,3,unemployment rate,Nantucket
LAUCN250190000000004,CN2501900000000,4,unemployment,Nantucket County
LAUCS254379000000004,CS2543790000000,4,unemployment,Nantucket
LAUCN250190000000005,CN2501900000000,5,employment,Nantucket County
LAUCS254379000000005,CS2543790000000,5,employment,Nantucket
LAUCN250190000000006,CN2501900000000,6,labor force,Nantucket County
LAUCS254379000000006,CS2543790000000,6,labor force,Nantucket
LAUCN250210000000003,CN2502100000000,3,unemployment rate,Norfolk County
LAUCN250210000000004,CN2502100000000,4,unemployment,Norfolk County
LAUCN250210000000005,CN2502100000000,5,employment,Norfolk County
LAUCN250210000000006,CN2502100000000,6,labor force,Norfolk County
LAUCN250230000000003,CN2502300000000,3,unemployment rate,Plymouth County
LAUCN250230000000004,CN2502300000000,4,unemployment,Plymouth County
LAUCN250230000000005,CN2502300000000,5,employment,Plymouth County
LAUCN250230000000006,CN2502300000000,6,labor force,Plymouth County
LAUCN250250000000003,CN2502500000000,3,unemployment rate,Suffolk County
LAUCN250250000000004,CN2502500000000,4,unemployment,Suffolk County
LAUCN250250000000005,CN2502500000000,5,employment,Suffolk County
LAUCN250250000000006,CN2502500000000,6,labor force,Suffolk County
LAUCN250270000000003,CN2502700000000,3,unemployment rate,Worcester County
LAUCN250270000000004,CN2502700000000,4,unemployment,Worcester County
LAUCN250270000000005,CN2502700000000,5,employment,Worcester County
LAUCN250270000000006,CN2502700000000,6,labor force,Worcester County
LAUCS250248000000003,CS2502480000000,3,unemployment rate,Athol
LAUCS250248000000004,CS2502480000000,4,unemployment,Athol
LAUCS250248000000005,CS2502480000000,5,employment,Athol
LAUCS250248000000006,CS2502480000000,6,labor force,Athol
LAUCS250374000000003,CS2503740000000,3,unemployment rate,Barre
LAUCS250374000000004,CS2503740000000,4,unemployment,Barre
LAUCS250374000000005,CS2503740000000,5,employment,Barre
LAUCS250374000000006,CS2503740000000,6,labor force,Barre
LAUCS252178000000003,CS2521780000000,3,unemployment rate,Erving
LAUCS252178000000004,CS2521780000000,4,unemployment,Erving
LAUCS252178000000005,CS2521780000000,5,employment,Erving
LAUCS252178000000006,CS2521780000000,6,labor force,Erving
LAUCS254549000000003,CS2545490000000,3,unemployment rate,New Salem
LAUCS254549000000004,CS2545490000000,4,unemployment,New Salem
LAUCS254549000000005,CS2545490000000,5,employment,New Salem
LAUCS254549000000006,CS2545490000000,6,labor force,New Salem
LAUCS255126500000003,CS2551265000000,3,unemployment rate,Orange
LAUCS255126500000004,CS2551265000000,4,unemployment,Orange
LAUCS255126500000005,CS2551265000000,5,employment,Orange
LAUCS255126500000006,CS2551265000000,6,labor force,Orange
LAUCS255312000000003,CS2553120000000,3,unemployment rate,Petersham
LAUCS255312000000004,CS2553120000000,4,unemployment,Petersham
LAUCS255312000000005,CS2553120000000,5,employment,Petersham
LAUCS255312000000006,CS2553120000000,6,labor force,Petersham
LAUCS255322500000003,CS2553225000000,3,unemployment rate,Phillipston
LAUCS255322500000004,CS2553225000000,4,unemployment,Phillipston
LAUCS255322500000005,CS2553225000000,5,employment,Phillipston
LAUCS255322500000006,CS2553225000000,6,labor force,Phillipston
LAUCS255858000000003,CS2558580000000,3,unemployment rate,Royalston
LAUCS255858000000004,CS2558580000000,4,unemployment,Royalston
LAUCS255858000000005,CS2558580000000,5,employment,Royalston
LAUCS255858000000006,CS2558580000000,6,labor force,Royalston
LAUCS257326500000003,CS2573265000000,3,unemployment rate,Warwick
LAUCS257326500000004,CS2573265000000,4,unemployment,Warwick
LAUCS257326500000005,CS2573265000000,5,employment,Warwick
LAUCS257326500000006,CS2573265000000,6,labor force,Warwick
LAUCS257452500000003,CS2574525000000,3,unemployment rate,Wendell
LAUCS257452500000004,CS2574525000000,4,unemployment,Wendell
LAUCS257452500000005,CS2574525000000,5,employment,Wendell
LAUCS257452500000006,CS2574525000000,6,labor force,Wendell
LAUCT250369000000003,CT2503690000000,3,unemployment rate,Barnstable
LAUCT250369000000004,CT2503690000000,4,unemployment,Barnstable
LAUCT250369000000005,CT2503690000000,5,employment,Barnstable
LAUCT250369000000006,CT2503690000000,6,labor force,Barnstable
LAUCS250717500000003,CS2507175000000,3,unemployment rate,Bourne
LAUCS250717500000004,CS2507175000000,4,unemployment,Bourne
LAUCS250717500000005,CS2507175000000,5,employment,Bourne
LAUCS250717500000006,CS2507175000000,6,labor force,Bourne
LAUCS250798000000003,CS2507980000000,3,unemployment rate,Brewster
LAUCS250798000000004,CS2507980000000,4,unemployment,Brewster
LAUCS250798000000005,CS2507980000000,5,employment,Brewster
LAUCS250798000000006,CS2507980000000,6,labor force,Brewster
LAUCS251299500000003,CS2512995000000,3,unemployment rate,Chatham
LAUCS251299500000004,CS2512995000000,4,unemployment,Chatham
LAUCS251299500000005,CS2512995000000,5,employment,Chatham
LAUCS251299500000006,CS2512995000000,6,labor force,Chatham
LAUCS251677500000003,CS2516775000000,3,unemployment rate,Dennis
LAUCS251677500000004,CS2516775000000,4,unemployment,Dennis
LAUCS251677500000005,CS2516775000000,5,employment,Dennis
LAUCS251677500000006,CS2516775000000,6,labor force,Dennis
LAUCS251929500000003,CS2519295000000,3,unemployment rate,Eastham
LAUCS251929500000004,CS2519295000000,4,unemployment,Eastham
LAUCS251929500000005,CS2519295000000,5,employment,Eastham
LAUCS251929500000006,CS2519295000000,6,labor force,Eastham
LAUCS252310500000003,CS2523105000000,3,unemployment rate,Falmouth
LAUCS252310500000004,CS2523105000000,4,unemployment,Falmouth
LAUCS252310500000005,CS2523105000000,5,employment,Falmouth
LAUCS252310500000006,CS2523105000000,6,labor force,Falmouth
LAUCS252902000000003,CS2529020000000,3,unemployment rate,Harwich
LAUCS252902000000004,CS2529020000000,4,unemployment,Harwich
LAUCS252902000000005,CS2529020000000,5,employment,Harwich
LAUCS252902000000006,CS2529020000000,6,labor force,Harwich
LAUCS253910000000003,CS2539100000000,3,unemployment rate,Mashpee
LAUCS253910000000004,CS2539100000000,4,unemployment,Mashpee
LAUCS253910000000005,CS2539100000000,5,employment,Mashpee
LAUCS253910000000006,CS2539100000000,6,labor force,Mashpee
LAUCS255144000000003,CS2551440000000,3,unemployment rate,Orleans
LAUCS255144000000004,CS2551440000000,4,unemployment,Orleans
LAUCS255144000000005,CS2551440000000,5,employment,Orleans
LAUCS255144000000006,CS2551440000000,6,labor force,Orleans
LAUCS255550000000003,CS2555500000000,3,unemployment rate,Provincetown
LAUCS255550000000004,CS2555500000000,4,unemployment,Provincetown
LAUCS255550000000005,CS2555500000000,5,employment,Provincetown
LAUCS255550000000006,CS2555500000000,6,labor force,Provincetown
LAUCS255973500000003,CS2559735000000,3,unemployment rate,Sandwich
LAUCS255973500000004,CS2559735000000,4,unemployment,Sandwich
LAUCS255973500000005,CS2559735000000,5,employment,Sandwich
LAUCS255973500000006,CS2559735000000,6,labor force,Sandwich
LAUCS257060500000003,CS2570605000000,3,unemployment rate,Truro
LAUCS257060500000004,CS2570605000000,4,unemployment,Truro
LAUCS257060500000005,CS2570605000000,5,employment,Truro
LAUCS257060500000006,CS2570605000000,6,labor force,Truro
LAUCS257438500000003,CS2574385000000,3,unemployment rate,Wellfleet
LAUCS257438500000004,CS2574385000000,4,unemployment,Wellfleet
LAUCS257438500000005,CS2574385000000,5,employment,Wellfleet
LAUCS257438500000006,CS2574385000000,6,labor force,Wellfleet
LAUCS258252500000003,CS2582525000000,3,unemployment rate,Yarmouth
LAUCS258252500000004,CS2582525000000,4,unemployment,Yarmouth
LAUCS258252500000005,CS2582525000000,5,employment,Yarmouth
LAUCS258252500000006,CS2582525000000,6,labor force,Yarmouth
LAUCS250038000000003,CS2500380000000,3,unemployment rate,Acton
LAUCS250038000000004,CS2500380000000,4,unemployment,Acton
LAUCS250038000000005,CS2500380000000,5,employment,Acton
LAUCS250038000000006,CS2500380000000,6,labor force,Acton
LAUCS250213000000003,CS2502130000000,3,unemployment rate,Ashland
LAUCS250213000000004,CS2502130000000,4,unemployment,Ashland
LAUCS250213000000005,CS2502130000000,5,employment,Ashland
LAUCS250213000000006,CS2502130000000,6,labor force,Ashland
LAUCS250461500000003,CS2504615000000,3,unemployment rate,Bedford
LAUCS250461500000004,CS2504615000000,4,unemployment,Bedford
LAUCS250461500000005,CS2504615000000,5,employment,Bedford
LAUCS250461500000006,CS2504615000000,6,labor force,Bedford
LAUCS250493000000003,CS2504930000000,3,unemployment rate,Bellingham
LAUCS250493000000004,CS2504930000000,4,unemployment,Bellingham
LAUCS250493000000005,CS2504930000000,5,employment,Bellingham
LAUCS250493000000006,CS2504930000000,6,labor force,Bellingham
LAUCT250559500000003,CT2505595000000,3,unemployment rate,Beverly
LAUCT250559500000004,CT2505595000000,4,unemployment,Beverly
LAUCT250559500000005,CT2505595000000,5,employment,Beverly
LAUCT250559500000006,CT2505595000000,6,labor force,Beverly
LAUCS250735000000003,CS2507350000000,3,unemployment rate,Boxborough
LAUCS250735000000004,CS2507350000000,4,unemployment,Boxborough
LAUCS250735000000005,CS2507350000000,5,employment,Boxborough
LAUCS250735000000006,CS2507350000000,6,labor force,Boxborough
LAUCS250742000000003,CS2507420000000,3,unemployment rate,Boxford
LAUCS250742000000004,CS2507420000000,4,unemployment,Boxford
LAUCS250742000000005,CS2507420000000,5,employment,Boxford
LAUCS250742000000006,CS2507420000000,6,labor force,Boxford
LAUCT250774000000003,CT2507740000000,3,unemployment rate,Braintree
LAUCT250774000000004,CT2507740000000,4,unemployment,Braintree
LAUCT250774000000005,CT2507740000000,5,employment,Braintree
LAUCT250774000000006,CT2507740000000,6,labor force,Braintree
LAUCS250984000000003,CS2509840000000,3,unemployment rate,Burlington
LAUCS250984000000004,CS2509840000000,4,unemployment,Burlington
LAUCS250984000000005,CS2509840000000,5,employment,Burlington
LAUCS250984000000006,CS2509840000000,6,labor force,Burlington
LAUCS251131500000003,CS2511315000000,3,unemployment rate,Canton
LAUCS251131500000004,CS2511315000000,4,unemployment,Canton
LAUCS251131500000005,CS2511315000000,5,employment,Canton
LAUCS251131500000006,CS2511315000000,6,labor force,Canton
LAUCS251152500000003,CS2511525000000,3,unemployment rate,Carlisle
LAUCS251152500000004,CS2511525000000,4,unemployment,Carlisle
LAUCS251152500000005,CS2511525000000,5,employment,Carlisle
LAUCS251152500000006,CS2511525000000,6,labor force,Carlisle
LAUCT251320500000003,CT2513205000000,3,unemployment rate,Chelsea
LAUCT251320500000004,CT2513205000000,4,unemployment,Chelsea
LAUCT251320500000005,CT2513205000000,5,employment,Chelsea
LAUCT251320500000006,CT2513205000000,6,labor force,Chelsea
LAUCS251464000000003,CS2514640000000,3,unemployment rate,Cohasset
LAUCS251464000000004,CS2514640000000,4,unemployment,Cohasset
LAUCS251464000000005,CS2514640000000,5,employment,Cohasset
LAUCS251464000000006,CS2514640000000,6,labor force,Cohasset
LAUCS251506000000003,CS2515060000000,3,unemployment rate,Concord
LAUCS251506000000004,CS2515060000000,4,unemployment,Concord
LAUCS251506000000005,CS2515060000000,5,employment,Concord
LAUCS251506000000006,CS2515060000000,6,labor force,Concord
LAUCS251625000000003,CS2516250000000,3,unemployment rate,Danvers
LAUCS251625000000004,CS2516250000000,4,unemployment,Danvers
LAUCS251625000000005,CS2516250000000,5,employment,Danvers
LAUCS251625000000006,CS2516250000000,6,labor force,Danvers
LAUCS251649500000003,CS2516495000000,3,unemployment rate,Dedham
LAUCS251649500000004,CS2516495000000,4,unemployment,Dedham
LAUCS251649500000005,CS2516495000000,5,employment,Dedham
LAUCS251649500000006,CS2516495000000,6,labor force,Dedham
LAUCS251740500000003,CS2517405000000,3,unemployment rate,Dover
LAUCS251740500000004,CS2517405000000,4,unemployment,Dover
LAUCS251740500000005,CS2517405000000,5,employment,Dover
LAUCS251740500000006,CS2517405000000,6,labor force,Dover
LAUCS251789500000003,CS2517895000000,3,unemployment rate,Duxbury
LAUCS251789500000004,CS2517895000000,4,unemployment,Duxbury
LAUCS251789500000005,CS2517895000000,5,employment,Duxbury
LAUCS251789500000006,CS2517895000000,6,labor force,Duxbury
LAUCT252199000000003,CT2521990000000,3,unemployment rate,Everett
LAUCT252199000000004,CT2521990000000,4,unemployment,Everett
LAUCT252199000000005,CT2521990000000,5,employment,Everett
LAUCT252199000000006,CT2521990000000,6,labor force,Everett
LAUCS252482000000003,CS2524820000000,3,unemployment rate,Foxborough
LAUCS252482000000004,CS2524820000000,4,unemployment,Foxborough
LAUCS252482000000005,CS2524820000000,5,employment,Foxborough
LAUCS252482000000006,CS2524820000000,6,labor force,Foxborough
LAUCT252517200000003,CT2525172000000,3,unemployment rate,Franklin
LAUCT252517200000004,CT2525172000000,4,unemployment,Franklin
LAUCT252517200000005,CT2525172000000,5,employment,Franklin
LAUCT252517200000006,CT2525172000000,6,labor force,Franklin
LAUCS252790000000003,CS2527900000000,3,unemployment rate,Hamilton
LAUCS252790000000004,CS2527900000000,4,unemployment,Hamilton
LAUCS252790000000005,CS2527900000000,5,employment,Hamilton
LAUCS252790000000006,CS2527900000000,6,labor force,Hamilton
LAUCS252828500000003,CS2528285000000,3,unemployment rate,Hanover
LAUCS252828500000004,CS2528285000000,4,unemployment,Hanover
LAUCS252828500000005,CS2528285000000,5,employment,Hanover
LAUCS252828500000006,CS2528285000000,6,labor force,Hanover
LAUCS253021000000003,CS2530210000000,3,unemployment rate,Hingham
LAUCS253021000000004,CS2530210000000,4,unemployment,Hingham
LAUCS253021000000005,CS2530210000000,5,employment,Hingham
LAUCS253021000000006,CS2530210000000,6,labor force,Hingham
LAUCS253045500000003,CS2530455000000,3,unemployment rate,Holbrook
LAUCS253045500000004,CS2530455000000,4,unemployment,Holbrook
LAUCS253045500000005,CS2530455000000,5,employment,Holbrook
LAUCS253045500000006,CS2530455000000,6,labor force,Holbrook
LAUCS253070000000003,CS2530700000000,3,unemployment rate,Holliston
LAUCS253070000000004,CS2530700000000,4,unemployment,Holliston
LAUCS253070000000005,CS2530700000000,5,employment,Holliston
LAUCS253070000000006,CS2530700000000,6,labor force,Holliston
LAUCS253164500000003,CS2531645000000,3,unemployment rate,Hull
LAUCS253164500000004,CS2531645000000,4,unemployment,Hull
LAUCS253164500000005,CS2531645000000,5,employment,Hull
LAUCS253164500000006,CS2531645000000,6,labor force,Hull
LAUCS253322000000003,CS2533220000000,3,unemployment rate,Kingston
LAUCS253322000000004,CS2533220000000,4,unemployment,Kingston
LAUCS253322000000005,CS2533220000000,5,employment,Kingston
LAUCS253322000000006,CS2533220000000,6,labor force,Kingston
LAUCS253521500000003,CS2535215000000,3,unemployment rate,Lexington
LAUCS253521500000004,CS2535215000000,4,unemployment,Lexington
LAUCS253521500000005,CS2535215000000,5,employment,Lexington
LAUCS253521500000006,CS2535215000000,6,labor force,Lexington
LAUCS253542500000003,CS2535425000000,3,unemployment rate,Lincoln
LAUCS253542500000004,CS2535425000000,4,unemployment,Lincoln
LAUCS253542500000005,CS2535425000000,5,employment,Lincoln
LAUCS253542500000006,CS2535425000000,6,labor force,Lincoln
LAUCS253756000000003,CS2537560000000,3,unemployment rate,Lynnfield
LAUCS253756000000004,CS2537560000000,4,unemployment,Lynnfield
LAUCS253756000000005,CS2537560000000,5,employment,Lynnfield
LAUCS253756000000006,CS2537560000000,6,labor force,Lynnfield
LAUCS253799500000003,CS2537995000000,3,unemployment rate,Manchester-by-the-Sea
LAUCS253799500000004,CS2537995000000,4,unemployment,Manchester-by-the-Sea
LAUCS253799500000005,CS2537995000000,5,employment,Manchester-by-the-Sea
LAUCS253799500000006,CS2537995000000,6,labor force,Manchester-by-the-Sea
LAUCS253840000000003,CS2538400000000,3,unemployment rate,Marblehead
LAUCS253840000000004,CS2538400000000,4,unemployment,Marblehead
LAUCS253840000000005,CS2538400000000,5,employment,Marblehead
LAUCS253840000000006,CS2538400000000,6,labor force,Marblehead
LAUCS253885500000003,CS2538855000000,3,unemployment rate,Marshfield
LAUCS253885500000004,CS2538855000000,4,unemployment,Marshfield
LAUCS253885500000005,CS2538855000000,5,employment,Marshfield
LAUCS253885500000006,CS2538855000000,6,labor force,Marshfield
LAUCS253976500000003,CS2539765000000,3,unemployment rate,Medfield
LAUCS253976500000004,CS2539765000000,4,unemployment,Medfield
LAUCS253976500000005,CS2539765000000,5,employment,Medfield
LAUCS253976500000006,CS2539765000000,6,labor force,Medfield
LAUCS253997500000003,CS2539975000000,3,unemployment rate,Medway
LAUCS253997500000004,CS2539975000000,4,unemployment,Medway
LAUCS253997500000005,CS2539975000000,5,employment,Medway
LAUCS253997500000006,CS2539975000000,6,labor force,Medway
LAUCT254011500000003,CT2540115000000,3,unemployment rate,Melrose
LAUCT254011500000004,CT2540115000000,4,unemployment,Melrose
LAUCT254011500000005,CT2540115000000,5,employment,Melrose
LAUCT254011500000006,CT2540115000000,6,labor force,Melrose
LAUCS254109500000003,CS2541095000000,3,unemployment rate,Middleton
LAUCS254109500000004,CS2541095000000,4,unemployment,Middleton
LAUCS254109500000005,CS2541095000000,5,employment,Middleton
LAUCS254109500000006,CS2541095000000,6,labor force,Middleton
LAUCS254151500000003,CS2541515000000,3,unemployment rate,Millis
LAUCS254151500000004,CS2541515000000,4,unemployment,Millis
LAUCS254151500000005,CS2541515000000,5,employment,Millis
LAUCS254151500000006,CS2541515000000,6,labor force,Millis
LAUCS254169000000003,CS2541690000000,3,unemployment rate,Milton
LAUCS254169000000004,CS2541690000000,4,unemployment,Milton
LAUCS254169000000005,CS2541690000000,5,employment,Milton
LAUCS254169000000006,CS2541690000000,6,labor force,Milton
LAUCS254358000000003,CS2543580000000,3,unemployment rate,Nahant
LAUCS254358000000004,CS2543580000000,4,unemployment,Nahant
LAUCS254358000000005,CS2543580000000,5,employment,Nahant
LAUCS254358000000006,CS2543580000000,6,labor force,Nahant
LAUCS254389500000003,CS2543895000000,3,unemployment rate,Natick
LAUCS254389500000004,CS2543895000000,4,unemployment,Natick
LAUCS254389500000005,CS2543895000000,5,employment,Natick
LAUCS254389500000006,CS2543895000000,6,labor force,Natick
LAUCS254410500000003,CS2544105000000,3,unemployment rate,Needham
LAUCS254410500000004,CS2544105000000,4,unemployment,Needham
LAUCS254410500000005,CS2544105000000,5,employment,Needham
LAUCS254410500000006,CS2544105000000,6,labor force,Needham
LAUCS254605000000003,CS2546050000000,3,unemployment rate,Norfolk
LAUCS254605000000004,CS2546050000000,4,unemployment,Norfolk
LAUCS254605000000005,CS2546050000000,5,employment,Norfolk
LAUCS254605000000006,CS2546050000000,6,labor force,Norfolk
LAUCS254895500000003,CS2548955000000,3,unemployment rate,North Reading
LAUCS254895500000004,CS2548955000000,4,unemployment,North Reading
LAUCS254895500000005,CS2548955000000,5,employment,North Reading
LAUCS254895500000006,CS2548955000000,6,labor force,North Reading
LAUCS255014500000003,CS2550145000000,3,unemployment rate,Norwell
LAUCS255014500000004,CS2550145000000,4,unemployment,Norwell
LAUCS255014500000005,CS2550145000000,5,employment,Norwell
LAUCS255014500000006,CS2550145000000,6,labor force,Norwell
LAUCS255025000000003,CS2550250000000,3,unemployment rate,Norwood
LAUCS255025000000004,CS2550250000000,4,unemployment,Norwood
LAUCS255025000000005,CS2550250000000,5,employment,Norwood
LAUCS255025000000006,CS2550250000000,6,labor force,Norwood
LAUCT255249000000003,CT2552490000000,3,unemployment rate,Peabody
LAUCT255249000000004,CT2552490000000,4,unemployment,Peabody
LAUCT255249000000005,CT2552490000000,5,employment,Peabody
LAUCT255249000000006,CT2552490000000,6,labor force,Peabody
LAUCS255263000000003,CS2552630000000,3,unemployment rate,Pembroke
LAUCS255263000000004,CS2552630000000,4,unemployment,Pembroke
LAUCS255263000000005,CS2552630000000,5,employment,Pembroke
LAUCS255263000000006,CS2552630000000,6,labor force,Pembroke
LAUCS255595500000003,CS2555955000000,3,unemployment rate,Randolph
LAUCS255595500000004,CS2555955000000,4,unemployment,Randolph
LAUCS255595500000005,CS2555955000000,5,employment,Randolph
LAUCS255595500000006,CS2555955000000,6,labor force,Randolph
LAUCS255613000000003,CS2556130000000,3,unemployment rate,Reading
LAUCS255613000000004,CS2556130000000,4,unemployment,Reading
LAUCS255613000000005,CS2556130000000,5,employment,Reading
LAUCS255613000000006,CS2556130000000,6,labor force,Reading
LAUCT255658500000003,CT2556585000000,3,unemployment rate,Revere
LAUCT255658500000004,CT2556585000000,4,unemployment,Revere
LAUCT255658500000005,CT2556585000000,5,employment,Revere
LAUCT255658500000006,CT2556585000000,6,labor force,Revere
LAUCS255777500000003,CS2557775000000,3,unemployment rate,Rockland
LAUCS255777500000004,CS2557775000000,4,unemployment,Rockland
LAUCS255777500000005,CS2557775000000,5,employment,Rockland
LAUCS255777500000006,CS2557775000000,6,labor force,Rockland
LAUCT255910500000003,CT2559105000000,3,unemployment rate,Salem
LAUCT255910500000004,CT2559105000000,4,unemployment,Salem
LAUCT255910500000005,CT2559105000000,5,employment,Salem
LAUCT255910500000006,CT2559105000000,6,labor force,Salem
LAUCS256001500000003,CS2560015000000,3,unemployment rate,Saugus
LAUCS256001500000004,CS2560015000000,4,unemployment,Saugus
LAUCS256001500000005,CS2560015000000,5,employment,Saugus
LAUCS256001500000006,CS2560015000000,6,labor force,Saugus
LAUCS256033000000003,CS2560330000000,3,unemployment rate,Scituate
LAUCS256033000000004,CS2560330000000,4,unemployment,Scituate
LAUCS256033000000005,CS2560330000000,5,employment,Scituate
LAUCS256033000000006,CS2560330000000,6,labor force,Scituate
LAUCS256078500000003,CS2560785000000,3,unemployment rate,Sharon
LAUCS256078500000004,CS2560785000000,4,unemployment,Sharon
LAUCS256078500000005,CS2560785000000,5,employment,Sharon
LAUCS256078500000006,CS2560785000000,6,labor force,Sharon
LAUCS256138000000003,CS2561380000000,3,unemployment rate,Sherborn
LAUCS256138000000004,CS2561380000000,4,unemployment,Sherborn
LAUCS256138000000005,CS2561380000000,5,employment,Sherborn
LAUCS256138000000006,CS2561380000000,6,labor force,Sherborn
LAUCS256766500000003,CS2567665000000,3,unemployment rate,Stoneham
LAUCS256766500000004,CS2567665000000,4,unemployment,Stoneham
LAUCS256766500000005,CS2567665000000,5,employment,Stoneham
LAUCS256766500000006,CS2567665000000,6,labor force,Stoneham
LAUCS256826000000003,CS2568260000000,3,unemployment rate,Sudbury
LAUCS256826000000004,CS2568260000000,4,unemployment,Sudbury
LAUCS256826000000005,CS2568260000000,5,employment,Sudbury
LAUCS256826000000006,CS2568260000000,6,labor force,Sudbury
LAUCS256864500000003,CS2568645000000,3,unemployment rate,Swampscott
LAUCS256864500000004,CS2568645000000,4,unemployment,Swampscott
LAUCS256864500000005,CS2568645000000,5,employment,Swampscott
LAUCS256864500000006,CS2568645000000,6,labor force,Swampscott
LAUCS257015000000003,CS2570150000000,3,unemployment rate,Topsfield
LAUCS257015000000004,CS2570150000000,4,unemployment,Topsfield
LAUCS257015000000005,CS2570150000000,5,employment,Topsfield
LAUCS257015000000006,CS2570150000000,6,labor force,Topsfield
LAUCS257221500000003,CS2572215000000,3,unemployment rate,Wakefield
LAUCS257221500000004,CS2572215000000,4,unemployment,Wakefield
LAUCS257221500000005,CS2572215000000,5,employment,Wakefield
LAUCS257221500000006,CS2572215000000,6,labor force,Wakefield
LAUCS257249500000003,CS2572495000000,3,unemployment rate,Walpole
LAUCS257249500000004,CS2572495000000,4,unemployment,Walpole
LAUCS257249500000005,CS2572495000000,5,employment,Walpole
LAUCS257249500000006,CS2572495000000,6,labor force,Walpole
LAUCS257379000000003,CS2573790000000,3,unemployment rate,Wayland
LAUCS257379000000004,CS2573790000000,4,unemployment,Wayland
LAUCS257379000000005,CS2573790000000,5,employment,Wayland
LAUCS257379000000006,CS2573790000000,6,labor force,Wayland
LAUCS257417500000003,CS2574175000000,3,unemployment rate,Wellesley
LAUCS257417500000004,CS2574175000000,4,unemployment,Wellesley
LAUCS257417500000005,CS2574175000000,5,employment,Wellesley
LAUCS257417500000006,CS2574175000000,6,labor force,Wellesley
LAUCS257459500000003,CS2574595000000,3,unemployment rate,Wenham
LAUCS257459500000004,CS2574595000000,4,unemployment,Wenham
LAUCS257459500000005,CS2574595000000,5,employment,Wenham
LAUCS257459500000006,CS2574595000000,6,labor force,Wenham
LAUCS257725500000003,CS2577255000000,3,unemployment rate,Weston
LAUCS257725500000004,CS2577255000000,4,unemployment,Weston
LAUCS257725500000005,CS2577255000000,5,employment,Weston
LAUCS257725500000006,CS2577255000000,6,labor force,Weston
LAUCS257869000000003,CS2578690000000,3,unemployment rate,Westwood
LAUCS257869000000004,CS2578690000000,4,unemployment,Westwood
LAUCS257869000000005,CS2578690000000,5,employment,Westwood
LAUCS257869000000006,CS2578690000000,6,labor force,Westwood
LAUCS258023000000003,CS2580230000000,3,unemployment rate,Wilmington
LAUCS258023000000004,CS2580230000000,4,unemployment,Wilmington
LAUCS258023000000005,CS2580230000000,5,employment,Wilmington
LAUCS258023000000006,CS2580230000000,6,labor force,Wilmington
LAUCS258051000000003,CS2580510000000,3,unemployment rate,Winchester
LAUCS258051000000004,CS2580510000000,4,unemployment,Winchester
LAUCS258051000000005,CS2580510000000,5,employment,Winchester
LAUCS258051000000006,CS2580510000000,6,labor force,Winchester
LAUCT258100500000003,CT2581005000000,3,unemployment rate,Winthrop
LAUCT258100500000004,CT2581005000000,4,unemployment,Winthrop
LAUCT258100500000005,CT2581005000000,5,employment,Winthrop
LAUCT258100500000006,CT2581005000000,6,labor force,Winthrop
LAUCT258103500000003,CT2581035000000,3,unemployment rate,Woburn
LAUCT258103500000004,CT2581035000000,4,unemployment,Woburn
LAUCT258103500000005,CT2581035000000,5,employment,Woburn
LAUCT258103500000006,CT2581035000000,6,labor force,Woburn
LAUCS258231500000003,CS2582315000000,3,unemployment rate,Wrentham
LAUCS258231500000004,CS2582315000000,4,unemployment,Wrentham
LAUCS258231500000005,CS2582315000000,5,employment,Wrentham
LAUCS258231500000006,CS2582315000000,6,labor force,Wrentham
LAUCS252779500000003,CS2527795000000,3,unemployment rate,Halifax
LAUCS252779500000004,CS2527795000000,4,unemployment,Halifax
LAUCS252779500000005,CS2527795000000,5,employment,Halifax
LAUCS252779500000006,CS2527795000000,6,labor force,Halifax
LAUCS251439500000003,CS2514395000000,3,unemployment rate,Clinton
LAUCS251439500000004,CS2514395000000,4,unemployment,Clinton
LAUCS251439500000005,CS2514395000000,5,employment,Clinton
LAUCS251439500000006,CS2514395000000,6,labor force,Clinton
LAUCS253416500000003,CS2534165000000,3,unemployment rate,Lancaster
LAUCS253416500000004,CS2534165000000,4,unemployment,Lancaster
LAUCS253416500000005,CS2534165000000,5,employment,Lancaster
LAUCS253416500000006,CS2534165000000,6,labor force,Lancaster
LAUCS251380000000003,CS2513800000000,3,unemployment rate,Chilmark
LAUCS251380000000004,CS2513800000000,4,unemployment,Chilmark
LAUCS251380000000005,CS2513800000000,5,employment,Chilmark
LAUCS251380000000006,CS2513800000000,6,labor force,Chilmark
LAUCS252115000000003,CS2521150000000,3,unemployment rate,Edgartown
LAUCS252115000000004,CS2521150000000,4,unemployment,Edgartown
LAUCS252115000000005,CS2521150000000,5,employment,Edgartown
LAUCS252115000000006,CS2521150000000,6,labor force,Edgartown
LAUCS250158500000003,CS2501585000000,3,unemployment rate,Aquinnah
LAUCS250158500000004,CS2501585000000,4,unemployment,Aquinnah
LAUCS250158500000005,CS2501585000000,5,employment,Aquinnah
LAUCS250158500000006,CS2501585000000,6,labor force,Aquinnah
LAUCS252632500000003,CS2526325000000,3,unemployment rate,Gosnold
LAUCS252632500000004,CS2526325000000,4,unemployment,Gosnold
LAUCS252632500000005,CS2526325000000,5,employment,Gosnold
LAUCS252632500000006,CS2526325000000,6,labor force,Gosnold
LAUCS255039000000003,CS2550390000000,3,unemployment rate,Oak Bluffs
LAUCS255039000000004,CS2550390000000,4,unemployment,Oak Bluffs
LAUCS255039000000005,CS2550390000000,5,employment,Oak Bluffs
LAUCS255039000000006,CS2550390000000,6,labor force,Oak Bluffs
LAUCS256994000000003,CS2569940000000,3,unemployment rate,Tisbury
LAUCS256994000000004,CS2569940000000,4,unemployment,Tisbury
LAUCS256994000000005,CS2569940000000,5,employment,Tisbury
LAUCS256994000000006,CS2569940000000,6,labor force,Tisbury
LAUCS257823500000003,CS2578235000000,3,unemployment rate,West Tisbury
LAUCS257823500000004,CS2578235000000,4,unemployment,West Tisbury
LAUCS257823500000005,CS2578235000000,5,employment,West Tisbury
LAUCS257823500000006,CS2578235000000,6,labor force,West Tisbury
LAUCS251695000000003,CS2516950000000,3,unemployment rate,Dighton
LAUCS251695000000004,CS2516950000000,4,unemployment,Dighton
LAUCS251695000000005,CS2516950000000,5,employment,Dighton
LAUCS251695000000006,CS2516950000000,6,labor force,Dighton
LAUCT252387500000003,CT2523875000000,3,unemployment rate,Fitchburg
LAUCT252387500000004,CT2523875000000,4,unemployment,Fitchburg
LAUCT252387500000005,CT2523875000000,5,employment,Fitchburg
LAUCT252387500000006,CT2523875000000,6,labor force,Fitchburg
LAUCT253507500000003,CT2535075000000,3,unemployment rate,Leominster
LAUCT253507500000004,CT2535075000000,4,unemployment,Leominster
LAUCT253507500000005,CT2535075000000,5,employment,Leominster
LAUCT253507500000006,CT2535075000000,6,labor force,Leominster
LAUCS253742000000003,CS2537420000000,3,unemployment rate,Lunenburg
LAUCS253742000000004,CS2537420000000,4,unemployment,Lunenburg
LAUCS253742000000005,CS2537420000000,5,employment,Lunenburg
LAUCS253742000000006,CS2537420000000,6,labor force,Lunenburg
LAUCS256159000000003,CS2561590000000,3,unemployment rate,Shirley
LAUCS256159000000004,CS2561590000000,4,unemployment,Shirley
LAUCS256159000000005,CS2561590000000,5,employment,Shirley
LAUCS256159000000006,CS2561590000000,6,labor force,Shirley
LAUCS257036000000003,CS2570360000000,3,unemployment rate,Townsend
LAUCS257036000000004,CS2570360000000,4,unemployment,Townsend
LAUCS257036000000005,CS2570360000000,5,employment,Townsend
LAUCS257036000000006,CS2570360000000,6,labor force,Townsend
LAUCS257701000000003,CS2577010000000,3,unemployment rate,Westminster
LAUCS257701000000004,CS2577010000000,4,unemployment,Westminster
LAUCS257701000000005,CS2577010000000,5,employment,Westminster
LAUCS257701000000006,CS2577010000000,6,labor force,Westminster
LAUCS250195500000003,CS2501955000000,3,unemployment rate,Ashby
LAUCS250195500000004,CS2501955000000,4,unemployment,Ashby
LAUCS250195500000005,CS2501955000000,5,employment,Ashby
LAUCS250195500000006,CS2501955000000,6,labor force,Ashby
LAUCS250188500000003,CS2501885000000,3,unemployment rate,Ashburnham
LAUCS250188500000004,CS2501885000000,4,unemployment,Ashburnham
LAUCS250188500000005,CS2501885000000,5,employment,Ashburnham
LAUCS250188500000006,CS2501885000000,6,labor force,Ashburnham
LAUCT252548500000003,CT2525485000000,3,unemployment rate,Gardner
LAUCT252548500000004,CT2525485000000,4,unemployment,Gardner
LAUCT252548500000005,CT2525485000000,5,employment,Gardner
LAUCT252548500000006,CT2525485000000,6,labor force,Gardner
LAUCS253143500000003,CS2531435000000,3,unemployment rate,Hubbardston
LAUCS253143500000004,CS2531435000000,4,unemployment,Hubbardston
LAUCS253143500000005,CS2531435000000,5,employment,Hubbardston
LAUCS253143500000006,CS2531435000000,6,labor force,Hubbardston
LAUCS255539500000003,CS2555395000000,3,unemployment rate,Princeton
LAUCS255539500000004,CS2555395000000,4,unemployment,Princeton
LAUCS255539500000005,CS2555395000000,5,employment,Princeton
LAUCS255539500000006,CS2555395000000,6,labor force,Princeton
LAUCS256927500000003,CS2569275000000,3,unemployment rate,Templeton
LAUCS256927500000004,CS2569275000000,4,unemployment,Templeton
LAUCS256927500000005,CS2569275000000,5,employment,Templeton
LAUCS256927500000006,CS2569275000000,6,labor force,Templeton
LAUCS258040500000003,CS2580405000000,3,unemployment rate,Winchendon
LAUCS258040500000004,CS2580405000000,4,unemployment,Winchendon
LAUCS258040500000005,CS2580405000000,5,employment,Winchendon
LAUCS258040500000006,CS2580405000000,6,labor force,Winchendon
LAUCS252185000000003,CS2521850000000,3,unemployment rate,Essex
LAUCS252185000000004,CS2521850000000,4,unemployment,Essex
LAUCS252185000000005,CS2521850000000,5,employment,Essex
LAUCS252185000000006,CS2521850000000,6,labor force,Essex
LAUCT252615000000003,CT2526150000000,3,unemployment rate,Gloucester
LAUCT252615000000004,CT2526150000000,4,unemployment,Gloucester
LAUCT252615000000005,CT2526150000000,5,employment,Gloucester
LAUCT252615000000006,CT2526150000000,6,labor force,Gloucester
LAUCS255788000000003,CS2557880000000,3,unemployment rate,Rockport
LAUCS255788000000004,CS2557880000000,4,unemployment,Rockport
LAUCS255788000000005,CS2557880000000,5,employment,Rockport
LAUCS255788000000006,CS2557880000000,6,labor force,Rockport
LAUCS250097500000003,CS2500975000000,3,unemployment rate,Alford
LAUCS250097500000004,CS2500975000000,4,unemployment,Alford
LAUCS250097500000005,CS2500975000000,5,employment,Alford
LAUCS250097500000006,CS2500975000000,6,labor force,Alford
LAUCS252136000000003,CS2521360000000,3,unemployment rate,Egremont
LAUCS252136000000004,CS2521360000000,4,unemployment,Egremont
LAUCS252136000000005,CS2521360000000,5,employment,Egremont
LAUCS252136000000006,CS2521360000000,6,labor force,Egremont
LAUCS252681500000003,CS2526815000000,3,unemployment rate,Great Barrington
LAUCS252681500000004,CS2526815000000,4,unemployment,Great Barrington
LAUCS252681500000005,CS2526815000000,5,employment,Great Barrington
LAUCS252681500000006,CS2526815000000,6,labor force,Great Barrington
LAUCS254246000000003,CS2542460000000,3,unemployment rate,Monterey
LAUCS254246000000004,CS2542460000000,4,unemployment,Monterey
LAUCS254246000000005,CS2542460000000,5,employment,Monterey
LAUCS254246000000006,CS2542460000000,6,labor force,Monterey
LAUCS254330000000003,CS2543300000000,3,unemployment rate,Mount Washington
LAUCS254330000000004,CS2543300000000,4,unemployment,Mount Washington
LAUCS254330000000005,CS2543300000000,5,employment,Mount Washington
LAUCS254330000000006,CS2543300000000,6,labor force,Mount Washington
LAUCS254542000000003,CS2545420000000,3,unemployment rate,New Marlborough
LAUCS254542000000004,CS2545420000000,4,unemployment,New Marlborough
LAUCS254542000000005,CS2545420000000,5,employment,New Marlborough
LAUCS254542000000006,CS2545420000000,6,labor force,New Marlborough
LAUCS255966500000003,CS2559665000000,3,unemployment rate,Sandisfield
LAUCS255966500000004,CS2559665000000,4,unemployment,Sandisfield
LAUCS255966500000005,CS2559665000000,5,employment,Sandisfield
LAUCS255966500000006,CS2559665000000,6,labor force,Sandisfield
LAUCS256106500000003,CS2561065000000,3,unemployment rate,Sheffield
LAUCS256106500000004,CS2561065000000,4,unemployment,Sheffield
LAUCS256106500000005,CS2561065000000,5,employment,Sheffield
LAUCS256106500000006,CS2561065000000,6,labor force,Sheffield
LAUCS250209500000003,CS2502095000000,3,unemployment rate,Ashfield
LAUCS250209500000004,CS2502095000000,4,unemployment,Ashfield
LAUCS250209500000005,CS2502095000000,5,employment,Ashfield
LAUCS250209500000006,CS2502095000000,6,labor force,Ashfield
LAUCS250556000000003,CS2505560000000,3,unemployment rate,Bernardston
LAUCS250556000000004,CS2505560000000,4,unemployment,Bernardston
LAUCS250556000000005,CS2505560000000,5,employment,Bernardston
LAUCS250556000000006,CS2505560000000,6,labor force,Bernardston
LAUCS250959500000003,CS2509595000000,3,unemployment rate,Buckland
LAUCS250959500000004,CS2509595000000,4,unemployment,Buckland
LAUCS250959500000005,CS2509595000000,5,employment,Buckland
LAUCS250959500000006,CS2509595000000,6,labor force,Buckland
LAUCS251250500000003,CS2512505000000,3,unemployment rate,Charlemont
LAUCS251250500000004,CS2512505000000,4,unemployment,Charlemont
LAUCS251250500000005,CS2512505000000,5,employment,Charlemont
LAUCS251250500000006,CS2512505000000,6,labor force,Charlemont
LAUCS251488500000003,CS2514885000000,3,unemployment rate,Colrain
LAUCS251488500000004,CS2514885000000,4,unemployment,Colrain
LAUCS251488500000005,CS2514885000000,5,employment,Colrain
LAUCS251488500000006,CS2514885000000,6,labor force,Colrain
LAUCS251520000000003,CS2515200000000,3,unemployment rate,Conway
LAUCS251520000000004,CS2515200000000,4,unemployment,Conway
LAUCS251520000000005,CS2515200000000,5,employment,Conway
LAUCS251520000000006,CS2515200000000,6,labor force,Conway
LAUCS251667000000003,CS2516670000000,3,unemployment rate,Deerfield
LAUCS251667000000004,CS2516670000000,4,unemployment,Deerfield
LAUCS251667000000005,CS2516670000000,5,employment,Deerfield
LAUCS251667000000006,CS2516670000000,6,labor force,Deerfield
LAUCS252573000000003,CS2525730000000,3,unemployment rate,Gill
LAUCS252573000000004,CS2525730000000,4,unemployment,Gill
LAUCS252573000000005,CS2525730000000,5,employment,Gill
LAUCS252573000000006,CS2525730000000,6,labor force,Gill
LAUCT252710000000003,CT2527100000000,3,unemployment rate,Greenfield
LAUCT252710000000004,CT2527100000000,4,unemployment,Greenfield
LAUCT252710000000005,CT2527100000000,5,employment,Greenfield
LAUCT252710000000006,CT2527100000000,6,labor force,Greenfield
LAUCS252947500000003,CS2529475000000,3,unemployment rate,Hawley
LAUCS252947500000004,CS2529475000000,4,unemployment,Hawley
LAUCS252947500000005,CS2529475000000,5,employment,Hawley
LAUCS252947500000006,CS2529475000000,6,labor force,Hawley
LAUCS252965000000003,CS2529650000000,3,unemployment rate,Heath
LAUCS252965000000004,CS2529650000000,4,unemployment,Heath
LAUCS252965000000005,CS2529650000000,5,employment,Heath
LAUCS252965000000006,CS2529650000000,6,labor force,Heath
LAUCS253518000000003,CS2535180000000,3,unemployment rate,Leverett
LAUCS253518000000004,CS2535180000000,4,unemployment,Leverett
LAUCS253518000000005,CS2535180000000,5,employment,Leverett
LAUCS253518000000006,CS2535180000000,6,labor force,Leverett
LAUCS253528500000003,CS2535285000000,3,unemployment rate,Leyden
LAUCS253528500000004,CS2535285000000,4,unemployment,Leyden
LAUCS253528500000005,CS2535285000000,5,employment,Leyden
LAUCS253528500000006,CS2535285000000,6,labor force,Leyden
LAUCS254204000000003,CS2542040000000,3,unemployment rate,Monroe
LAUCS254204000000004,CS2542040000000,4,unemployment,Monroe
LAUCS254204000000005,CS2542040000000,5,employment,Monroe
LAUCS254204000000006,CS2542040000000,6,labor force,Monroe
LAUCS254228500000003,CS2542285000000,3,unemployment rate,Montague
LAUCS254228500000004,CS2542285000000,4,unemployment,Montague
LAUCS254228500000005,CS2542285000000,5,employment,Montague
LAUCS254228500000006,CS2542285000000,6,labor force,Montague
LAUCS254783500000003,CS2547835000000,3,unemployment rate,Northfield
LAUCS254783500000004,CS2547835000000,4,unemployment,Northfield
LAUCS254783500000005,CS2547835000000,5,employment,Northfield
LAUCS254783500000006,CS2547835000000,6,labor force,Northfield
LAUCS255833500000003,CS2558335000000,3,unemployment rate,Rowe
LAUCS255833500000004,CS2558335000000,4,unemployment,Rowe
LAUCS255833500000005,CS2558335000000,5,employment,Rowe
LAUCS255833500000006,CS2558335000000,6,labor force,Rowe
LAUCS256113500000003,CS2561135000000,3,unemployment rate,Shelburne
LAUCS256113500000004,CS2561135000000,4,unemployment,Shelburne
LAUCS256113500000005,CS2561135000000,5,employment,Shelburne
LAUCS256113500000006,CS2561135000000,6,labor force,Shelburne
LAUCS256190500000003,CS2561905000000,3,unemployment rate,Shutesbury
LAUCS256190500000004,CS2561905000000,4,unemployment,Shutesbury
LAUCS256190500000005,CS2561905000000,5,employment,Shutesbury
LAUCS256190500000006,CS2561905000000,6,labor force,Shutesbury
LAUCS256840000000003,CS2568400000000,3,unemployment rate,Sunderland
LAUCS256840000000004,CS2568400000000,4,unemployment,Sunderland
LAUCS256840000000005,CS2568400000000,5,employment,Sunderland
LAUCS256840000000006,CS2568400000000,6,labor force,Sunderland
LAUCS257911000000003,CS2579110000000,3,unemployment rate,Whately
LAUCS257911000000004,CS2579110000000,4,unemployment,Whately
LAUCS257911000000005,CS2579110000000,5,employment,Whately
LAUCS257911000000006,CS2579110000000,6,labor force,Whately
LAUCT250126000000003,CT2501260000000,3,unemployment rate,Amesbury
LAUCT250126000000004,CT2501260000000,4,unemployment,Amesbury
LAUCT250126000000005,CT2501260000000,5,employment,Amesbury
LAUCT250126000000006,CT2501260000000,6,labor force,Amesbury
LAUCS250146500000003,CS2501465000000,3,unemployment rate,Andover
LAUCS250146500000004,CS2501465000000,4,unemployment,Andover
LAUCS250146500000005,CS2501465000000,5,employment,Andover
LAUCS250146500000006,CS2501465000000,6,labor force,Andover
LAUCS252562500000003,CS2525625000000,3,unemployment rate,Georgetown
LAUCS252562500000004,CS2525625000000,4,unemployment,Georgetown
LAUCS252562500000005,CS2525625000000,5,employment,Georgetown
LAUCS252562500000006,CS2525625000000,6,labor force,Georgetown
LAUCS252762000000003,CS2527620000000,3,unemployment rate,Groveland
LAUCS252762000000004,CS2527620000000,4,unemployment,Groveland
LAUCS252762000000005,CS2527620000000,5,employment,Groveland
LAUCS252762000000006,CS2527620000000,6,labor force,Groveland
LAUCT252940500000003,CT2529405000000,3,unemployment rate,Haverhill
LAUCT252940500000004,CT2529405000000,4,unemployment,Haverhill
LAUCT252940500000005,CT2529405000000,5,employment,Haverhill
LAUCT252940500000006,CT2529405000000,6,labor force,Haverhill
LAUCS254043000000003,CS2540430000000,3,unemployment rate,Merrimac
LAUCS254043000000004,CS2540430000000,4,unemployment,Merrimac
LAUCS254043000000005,CS2540430000000,5,employment,Merrimac
LAUCS254043000000006,CS2540430000000,6,labor force,Merrimac
LAUCT254071000000003,CT2540710000000,3,unemployment rate,Methuen
LAUCT254071000000004,CT2540710000000,4,unemployment,Methuen
LAUCT254071000000005,CT2540710000000,5,employment,Methuen
LAUCT254071000000006,CT2540710000000,6,labor force,Methuen
LAUCS254636500000003,CS2546365000000,3,unemployment rate,North Andover
LAUCS254636500000004,CS2546365000000,4,unemployment,North Andover
LAUCS254636500000005,CS2546365000000,5,employment,North Andover
LAUCS254636500000006,CS2546365000000,6,labor force,North Andover
LAUCS255924500000003,CS2559245000000,3,unemployment rate,Salisbury
LAUCS255924500000004,CS2559245000000,4,unemployment,Salisbury
LAUCS255924500000005,CS2559245000000,5,employment,Salisbury
LAUCS255924500000006,CS2559245000000,6,labor force,Salisbury
LAUCS257715000000003,CS2577150000000,3,unemployment rate,West Newbury
LAUCS257715000000004,CS2577150000000,4,unemployment,West Newbury
LAUCS257715000000005,CS2577150000000,5,employment,West Newbury
LAUCS257715000000006,CS2577150000000,6,labor force,West Newbury
LAUCS250636500000003,CS2506365000000,3,unemployment rate,Bolton
LAUCS250636500000004,CS2506365000000,4,unemployment,Bolton
LAUCS250636500000005,CS2506365000000,5,employment,Bolton
LAUCS250636500000006,CS2506365000000,6,labor force,Bolton
LAUCS253154000000003,CS2531540000000,3,unemployment rate,Hudson
LAUCS253154000000004,CS2531540000000,4,unemployment,Hudson
LAUCS253154000000005,CS2531540000000,5,employment,Hudson
LAUCS253154000000006,CS2531540000000,6,labor force,Hudson
LAUCT253871500000003,CT2538715000000,3,unemployment rate,Marlborough
LAUCT253871500000004,CT2538715000000,4,unemployment,Marlborough
LAUCT253871500000005,CT2538715000000,5,employment,Marlborough
LAUCT253871500000006,CT2538715000000,6,labor force,Marlborough
LAUCS253962500000003,CS2539625000000,3,unemployment rate,Maynard
LAUCS253962500000004,CS2539625000000,4,unemployment,Maynard
LAUCS253962500000005,CS2539625000000,5,employment,Maynard
LAUCS253962500000006,CS2539625000000,6,labor force,Maynard
LAUCS256316500000003,CS2563165000000,3,unemployment rate,Southborough
LAUCS256316500000004,CS2563165000000,4,unemployment,Southborough
LAUCS256316500000005,CS2563165000000,5,employment,Southborough
LAUCS256316500000006,CS2563165000000,6,labor force,Southborough
LAUCS256805000000003,CS2568050000000,3,unemployment rate,Stow
LAUCS256805000000004,CS2568050000000,4,unemployment,Stow
LAUCS256805000000005,CS2568050000000,5,employment,Stow
LAUCS256805000000006,CS2568050000000,6,labor force,Stow
LAUCS253094500000003,CS2530945000000,3,unemployment rate,Hopedale
LAUCS253094500000004,CS2530945000000,4,unemployment,Hopedale
LAUCS253094500000005,CS2530945000000,5,employment,Hopedale
LAUCS253094500000006,CS2530945000000,6,labor force,Hopedale
LAUCS253108500000003,CS2531085000000,3,unemployment rate,Hopkinton
LAUCS253108500000004,CS2531085000000,4,unemployment,Hopkinton
LAUCS253108500000005,CS2531085000000,5,employment,Hopkinton
LAUCS253108500000006,CS2531085000000,6,labor force,Hopkinton
LAUCS254025500000003,CS2540255000000,3,unemployment rate,Mendon
LAUCS254025500000004,CS2540255000000,4,unemployment,Mendon
LAUCS254025500000005,CS2540255000000,5,employment,Mendon
LAUCS254025500000006,CS2540255000000,6,labor force,Mendon
LAUCS254116500000003,CS2541165000000,3,unemployment rate,Milford
LAUCS254116500000004,CS2541165000000,4,unemployment,Milford
LAUCS254116500000005,CS2541165000000,5,employment,Milford
LAUCS254116500000006,CS2541165000000,6,labor force,Milford
LAUCS253392000000003,CS2533920000000,3,unemployment rate,Lakeville
LAUCS253392000000004,CS2533920000000,4,unemployment,Lakeville
LAUCS253392000000005,CS2533920000000,5,employment,Lakeville
LAUCS253392000000006,CS2533920000000,6,labor force,Lakeville
LAUCS253231000000003,CS2532310000000,3,unemployment rate,Ipswich
LAUCS253231000000004,CS2532310000000,4,unemployment,Ipswich
LAUCS253231000000005,CS2532310000000,5,employment,Ipswich
LAUCS253231000000006,CS2532310000000,6,labor force,Ipswich
LAUCS254517500000003,CS2545175000000,3,unemployment rate,Newbury
LAUCS254517500000004,CS2545175000000,4,unemployment,Newbury
LAUCS254517500000005,CS2545175000000,5,employment,Newbury
LAUCS254517500000006,CS2545175000000,6,labor force,Newbury
LAUCT254524500000003,CT2545245000000,3,unemployment rate,Newburyport
LAUCT254524500000004,CT2545245000000,4,unemployment,Newburyport
LAUCT254524500000005,CT2545245000000,5,employment,Newburyport
LAUCT254524500000006,CT2545245000000,6,labor force,Newburyport
LAUCS255840500000003,CS2558405000000,3,unemployment rate,Rowley
LAUCS255840500000004,CS2558405000000,4,unemployment,Rowley
LAUCS255840500000005,CS2558405000000,5,employment,Rowley
LAUCS255840500000006,CS2558405000000,6,labor force,Rowley
LAUCS250055500000003,CS2500555000000,3,unemployment rate,Adams
LAUCS250055500000004,CS2500555000000,4,unemployment,Adams
LAUCS250055500000005,CS2500555000000,5,employment,Adams
LAUCS250055500000006,CS2500555000000,6,labor force,Adams
LAUCS250454500000003,CS2504545000000,3,unemployment rate,Becket
LAUCS250454500000004,CS2504545000000,4,unemployment,Becket
LAUCS250454500000005,CS2504545000000,5,employment,Becket
LAUCS250454500000006,CS2504545000000,6,labor force,Becket
LAUCS251334500000003,CS2513345000000,3,unemployment rate,Cheshire
LAUCS251334500000004,CS2513345000000,4,unemployment,Cheshire
LAUCS251334500000005,CS2513345000000,5,employment,Cheshire
LAUCS251334500000006,CS2513345000000,6,labor force,Cheshire
LAUCS251401000000003,CS2514010000000,3,unemployment rate,Clarksburg
LAUCS251401000000004,CS2514010000000,4,unemployment,Clarksburg
LAUCS251401000000005,CS2514010000000,5,employment,Clarksburg
LAUCS251401000000006,CS2514010000000,6,labor force,Clarksburg
LAUCS251618000000003,CS2516180000000,3,unemployment rate,Dalton
LAUCS251618000000004,CS2516180000000,4,unemployment,Dalton
LAUCS251618000000005,CS2516180000000,5,employment,Dalton
LAUCS251618000000006,CS2516180000000,6,labor force,Dalton
LAUCS252412000000003,CS2524120000000,3,unemployment rate,Florida
LAUCS252412000000004,CS2524120000000,4,unemployment,Florida
LAUCS252412000000005,CS2524120000000,5,employment,Florida
LAUCS252412000000006,CS2524120000000,6,labor force,Florida
LAUCS252818000000003,CS2528180000000,3,unemployment rate,Hancock
LAUCS252818000000004,CS2528180000000,4,unemployment,Hancock
LAUCS252818000000005,CS2528180000000,5,employment,Hancock
LAUCS252818000000006,CS2528180000000,6,labor force,Hancock
LAUCS253031500000003,CS2530315000000,3,unemployment rate,Hinsdale
LAUCS253031500000004,CS2530315000000,4,unemployment,Hinsdale
LAUCS253031500000005,CS2530315000000,5,employment,Hinsdale
LAUCS253031500000006,CS2530315000000,6,labor force,Hinsdale
LAUCS253434000000003,CS2534340000000,3,unemployment rate,Lanesborough
LAUCS253434000000004,CS2534340000000,4,unemployment,Lanesborough
LAUCS253434000000005,CS2534340000000,5,employment,Lanesborough
LAUCS253434000000006,CS2534340000000,6,labor force,Lanesborough
LAUCS253465500000003,CS2534655000000,3,unemployment rate,Lee
LAUCS253465500000004,CS2534655000000,4,unemployment,Lee
LAUCS253465500000005,CS2534655000000,5,employment,Lee
LAUCS253465500000006,CS2534655000000,6,labor force,Lee
LAUCS253497000000003,CS2534970000000,3,unemployment rate,Lenox
LAUCS253497000000004,CS2534970000000,4,unemployment,Lenox
LAUCS253497000000005,CS2534970000000,5,employment,Lenox
LAUCS253497000000006,CS2534970000000,6,labor force,Lenox
LAUCS254438500000003,CS2544385000000,3,unemployment rate,New Ashford
LAUCS254438500000004,CS2544385000000,4,unemployment,New Ashford
LAUCS254438500000005,CS2544385000000,5,employment,New Ashford
LAUCS254438500000006,CS2544385000000,6,labor force,New Ashford
LAUCT254622500000003,CT2546225000000,3,unemployment rate,North Adams
LAUCT254622500000004,CT2546225000000,4,unemployment,North Adams
LAUCT254622500000005,CT2546225000000,5,employment,North Adams
LAUCT254622500000006,CT2546225000000,6,labor force,North Adams
LAUCS255158000000003,CS2551580000000,3,unemployment rate,Otis
LAUCS255158000000004,CS2551580000000,4,unemployment,Otis
LAUCS255158000000005,CS2551580000000,5,employment,Otis
LAUCS255158000000006,CS2551580000000,6,labor force,Otis
LAUCS255305000000003,CS2553050000000,3,unemployment rate,Peru
LAUCS255305000000004,CS2553050000000,4,unemployment,Peru
LAUCS255305000000005,CS2553050000000,5,employment,Peru
LAUCS255305000000006,CS2553050000000,6,labor force,Peru
LAUCS255679500000003,CS2556795000000,3,unemployment rate,Richmond
LAUCS255679500000004,CS2556795000000,4,unemployment,Richmond
LAUCS255679500000005,CS2556795000000,5,employment,Richmond
LAUCS255679500000006,CS2556795000000,6,labor force,Richmond
LAUCS256022500000003,CS2560225000000,3,unemployment rate,Savoy
LAUCS256022500000004,CS2560225000000,4,unemployment,Savoy
LAUCS256022500000005,CS2560225000000,5,employment,Savoy
LAUCS256022500000006,CS2560225000000,6,labor force,Savoy
LAUCS256759500000003,CS2567595000000,3,unemployment rate,Stockbridge
LAUCS256759500000004,CS2567595000000,4,unemployment,Stockbridge
LAUCS256759500000005,CS2567595000000,5,employment,Stockbridge
LAUCS256759500000006,CS2567595000000,6,labor force,Stockbridge
LAUCS257109500000003,CS2571095000000,3,unemployment rate,Tyringham
LAUCS257109500000004,CS2571095000000,4,unemployment,Tyringham
LAUCS257109500000005,CS2571095000000,5,employment,Tyringham
LAUCS257109500000006,CS2571095000000,6,labor force,Tyringham
LAUCS257333500000003,CS2573335000000,3,unemployment rate,Washington
LAUCS257333500000004,CS2573335000000,4,unemployment,Washington
LAUCS257333500000005,CS2573335000000,5,employment,Washington
LAUCS257333500000006,CS2573335000000,6,labor force,Washington
LAUCS257799000000003,CS2577990000000,3,unemployment rate,West Stockbridge
LAUCS257799000000004,CS2577990000000,4,unemployment,West Stockbridge
LAUCS257799000000005,CS2577990000000,5,employment,West Stockbridge
LAUCS257799000000006,CS2577990000000,6,labor force,West Stockbridge
LAUCS257998500000003,CS2579985000000,3,unemployment rate,Williamstown
LAUCS257998500000004,CS2579985000000,4,unemployment,Williamstown
LAUCS257998500000005,CS2579985000000,5,employment,Williamstown
LAUCS257998500000006,CS2579985000000,6,labor force,Williamstown
LAUCS258068500000003,CS2580685000000,3,unemployment rate,Windsor
LAUCS258068500000004,CS2580685000000,4,unemployment,Windsor
LAUCS258068500000005,CS2580685000000,5,employment,Windsor
LAUCS258068500000006,CS2580685000000,6,labor force,Windsor
LAUCS251166500000003,CS2511665000000,3,unemployment rate,Carver
LAUCS251166500000004,CS2511665000000,4,unemployment,Carver
LAUCS251166500000005,CS2511665000000,5,employment,Carver
LAUCS251166500000006,CS2511665000000,6,labor force,Carver
LAUCS254085000000003,CS2540850000000,3,unemployment rate,Middleborough
LAUCS254085000000004,CS2540850000000,4,unemployment,Middleborough
LAUCS254085000000005,CS2540850000000,5,employment,Middleborough
LAUCS254085000000006,CS2540850000000,6,labor force,Middleborough
LAUCS255431000000003,CS2554310000000,3,unemployment rate,Plymouth
LAUCS255431000000004,CS2554310000000,4,unemployment,Plymouth
LAUCS255431000000005,CS2554310000000,5,employment,Plymouth
LAUCS255431000000006,CS2554310000000,6,labor force,Plymouth
LAUCS255441500000003,CS2554415000000,3,unemployment rate,Plympton
LAUCS255441500000004,CS2554415000000,4,unemployment,Plympton
LAUCS255441500000005,CS2554415000000,5,employment,Plympton
LAUCS255441500000006,CS2554415000000,6,labor force,Plympton
LAUCT250269000000003,CT2502690000000,3,unemployment rate,Attleboro
LAUCT250269000000004,CT2502690000000,4,unemployment,Attleboro
LAUCT250269000000005,CT2502690000000,5,employment,Attleboro
LAUCT250269000000006,CT2502690000000,6,labor force,Attleboro
LAUCS250601500000003,CS2506015000000,3,unemployment rate,Blackstone
LAUCS250601500000004,CS2506015000000,4,unemployment,Blackstone
LAUCS250601500000005,CS2506015000000,5,employment,Blackstone
LAUCS250601500000006,CS2506015000000,6,labor force,Blackstone
LAUCS254158500000003,CS2541585000000,3,unemployment rate,Millville
LAUCS254158500000004,CS2541585000000,4,unemployment,Millville
LAUCS254158500000005,CS2541585000000,5,employment,Millville
LAUCS254158500000006,CS2541585000000,6,labor force,Millville
LAUCS254657500000003,CS2546575000000,3,unemployment rate,North Attleborough
LAUCS254657500000004,CS2546575000000,4,unemployment,North Attleborough
LAUCS254657500000005,CS2546575000000,5,employment,North Attleborough
LAUCS254657500000006,CS2546575000000,6,labor force,North Attleborough
LAUCS254997000000003,CS2549970000000,3,unemployment rate,Norton
LAUCS254997000000004,CS2549970000000,4,unemployment,Norton
LAUCS254997000000005,CS2549970000000,5,employment,Norton
LAUCS254997000000006,CS2549970000000,6,labor force,Norton
LAUCS255410000000003,CS2554100000000,3,unemployment rate,Plainville
LAUCS255410000000004,CS2554100000000,4,unemployment,Plainville
LAUCS255410000000005,CS2554100000000,5,employment,Plainville
LAUCS255410000000006,CS2554100000000,6,labor force,Plainville
LAUCS255637500000003,CS2556375000000,3,unemployment rate,Rehoboth
LAUCS255637500000004,CS2556375000000,4,unemployment,Rehoboth
LAUCS255637500000005,CS2556375000000,5,employment,Rehoboth
LAUCS255637500000006,CS2556375000000,6,labor force,Rehoboth
LAUCS256064500000003,CS2560645000000,3,unemployment rate,Seekonk
LAUCS256064500000004,CS2560645000000,4,unemployment,Seekonk
LAUCS256064500000005,CS2560645000000,5,employment,Seekonk
LAUCS256064500000006,CS2560645000000,6,labor force,Seekonk
LAUCS251768500000003,CS2517685000000,3,unemployment rate,Dudley
LAUCS251768500000004,CS2517685000000,4,unemployment,Dudley
LAUCS251768500000005,CS2517685000000,5,employment,Dudley
LAUCS251768500000006,CS2517685000000,6,labor force,Dudley
LAUCT256334500000003,CT2563345000000,3,unemployment rate,Southbridge
LAUCT256334500000004,CT2563345000000,4,unemployment,Southbridge
LAUCT256334500000005,CT2563345000000,5,employment,Southbridge
LAUCT256334500000006,CT2563345000000,6,labor force,Southbridge
LAUCS256815500000003,CS2568155000000,3,unemployment rate,Sturbridge
LAUCS256815500000004,CS2568155000000,4,unemployment,Sturbridge
LAUCS256815500000005,CS2568155000000,5,employment,Sturbridge
LAUCS256815500000006,CS2568155000000,6,labor force,Sturbridge
LAUCS250132500000003,CS2501325000000,3,unemployment rate,Amherst
LAUCS250132500000004,CS2501325000000,4,unemployment,Amherst
LAUCS250132500000005,CS2501325000000,5,employment,Amherst
LAUCS250132500000006,CS2501325000000,6,labor force,Amherst
LAUCS250482500000003,CS2504825000000,3,unemployment rate,Belchertown
LAUCS250482500000004,CS2504825000000,4,unemployment,Belchertown
LAUCS250482500000005,CS2504825000000,5,employment,Belchertown
LAUCS250482500000006,CS2504825000000,6,labor force,Belchertown
LAUCS251359000000003,CS2513590000000,3,unemployment rate,Chesterfield
LAUCS251359000000004,CS2513590000000,4,unemployment,Chesterfield
LAUCS251359000000005,CS2513590000000,5,employment,Chesterfield
LAUCS251359000000006,CS2513590000000,6,labor force,Chesterfield
LAUCT251937000000003,CT2519370000000,3,unemployment rate,Easthampton
LAUCT251937000000004,CT2519370000000,4,unemployment,Easthampton
LAUCT251937000000005,CT2519370000000,5,employment,Easthampton
LAUCT251937000000006,CT2519370000000,6,labor force,Easthampton
LAUCS252653500000003,CS2526535000000,3,unemployment rate,Granby
LAUCS252653500000004,CS2526535000000,4,unemployment,Granby
LAUCS252653500000005,CS2526535000000,5,employment,Granby
LAUCS252653500000006,CS2526535000000,6,labor force,Granby
LAUCS252769000000003,CS2527690000000,3,unemployment rate,Hadley
LAUCS252769000000004,CS2527690000000,4,unemployment,Hadley
LAUCS252769000000005,CS2527690000000,5,employment,Hadley
LAUCS252769000000006,CS2527690000000,6,labor force,Hadley
LAUCS252926500000003,CS2529265000000,3,unemployment rate,Hatfield
LAUCS252926500000004,CS2529265000000,4,unemployment,Hatfield
LAUCS252926500000005,CS2529265000000,5,employment,Hatfield
LAUCS252926500000006,CS2529265000000,6,labor force,Hatfield
LAUCT254633000000003,CT2546330000000,3,unemployment rate,Northampton
LAUCT254633000000004,CT2546330000000,4,unemployment,Northampton
LAUCT254633000000005,CT2546330000000,5,employment,Northampton
LAUCT254633000000006,CT2546330000000,6,labor force,Northampton
LAUCS255256000000003,CS2552560000000,3,unemployment rate,Pelham
LAUCS255256000000004,CS2552560000000,4,unemployment,Pelham
LAUCS255256000000005,CS2552560000000,5,employment,Pelham
LAUCS255256000000006,CS2552560000000,6,labor force,Pelham
LAUCS256414500000003,CS2564145000000,3,unemployment rate,South Hadley
LAUCS256414500000004,CS2564145000000,4,unemployment,South Hadley
LAUCS256414500000005,CS2564145000000,5,employment,South Hadley
LAUCS256414500000006,CS2564145000000,6,labor force,South Hadley
LAUCS256274500000003,CS2562745000000,3,unemployment rate,Southampton
LAUCS256274500000004,CS2562745000000,4,unemployment,Southampton
LAUCS256274500000005,CS2562745000000,5,employment,Southampton
LAUCS256274500000006,CS2562745000000,6,labor force,Southampton
LAUCS257309000000003,CS2573090000000,3,unemployment rate,Warren
LAUCS257309000000004,CS2573090000000,4,unemployment,Warren
LAUCS257309000000005,CS2573090000000,5,employment,Warren
LAUCS257309000000006,CS2573090000000,6,labor force,Warren
LAUCS257638000000003,CS2576380000000,3,unemployment rate,Westhampton
LAUCS257638000000004,CS2576380000000,4,unemployment,Westhampton
LAUCS257638000000005,CS2576380000000,5,employment,Westhampton
LAUCS257638000000006,CS2576380000000,6,labor force,Westhampton
LAUCS257991500000003,CS2579915000000,3,unemployment rate,Williamsburg
LAUCS257991500000004,CS2579915000000,4,unemployment,Williamsburg
LAUCS257991500000005,CS2579915000000,5,employment,Williamsburg
LAUCS257991500000006,CS2579915000000,6,labor force,Williamsburg
LAUCS250528000000003,CS2505280000000,3,unemployment rate,Berkley
LAUCS250528000000004,CS2505280000000,4,unemployment,Berkley
LAUCS250528000000005,CS2505280000000,5,employment,Berkley
LAUCS250528000000006,CS2505280000000,6,labor force,Berkley
LAUCS255606000000003,CS2556060000000,3,unemployment rate,Raynham
LAUCS255606000000004,CS2556060000000,4,unemployment,Raynham
LAUCS255606000000005,CS2556060000000,5,employment,Raynham
LAUCS255606000000006,CS2556060000000,6,labor force,Raynham
LAUCT256917000000003,CT2569170000000,3,unemployment rate,Taunton
LAUCT256917000000004,CT2569170000000,4,unemployment,Taunton
LAUCT256917000000005,CT2569170000000,5,employment,Taunton
LAUCT256917000000006,CT2569170000000,6,labor force,Taunton
LAUCS252874000000003,CS2528740000000,3,unemployment rate,Hardwick
LAUCS252874000000004,CS2528740000000,4,unemployment,Hardwick
LAUCS252874000000005,CS2528740000000,5,employment,Hardwick
LAUCS252874000000006,CS2528740000000,6,labor force,Hardwick
LAUCS254510500000003,CS2545105000000,3,unemployment rate,New Braintree
LAUCS254510500000004,CS2545105000000,4,unemployment,New Braintree
LAUCS254510500000005,CS2545105000000,5,employment,New Braintree
LAUCS254510500000006,CS2545105000000,6,labor force,New Braintree
LAUCS255067000000003,CS2550670000000,3,unemployment rate,Oakham
LAUCS255067000000004,CS2550670000000,4,unemployment,Oakham
LAUCS255067000000005,CS2550670000000,5,employment,Oakham
LAUCS255067000000006,CS2550670000000,6,labor force,Oakham
LAUCS257288000000003,CS2572880000000,3,unemployment rate,Ware
LAUCS257288000000004,CS2572880000000,4,unemployment,Ware
LAUCS257288000000005,CS2572880000000,5,employment,Ware
LAUCS257288000000006,CS2572880000000,6,labor force,Ware
LAUCS257540000000003,CS2575400000000,3,unemployment rate,West Brookfield
LAUCS257540000000004,CS2575400000000,4,unemployment,West Brookfield
LAUCS257540000000005,CS2575400000000,5,employment,West Brookfield
LAUCS257540000000006,CS2575400000000,6,labor force,West Brookfield
LAUCS250549000000003,CS2505490000000,3,unemployment rate,Berlin
LAUCS250549000000004,CS2505490000000,4,unemployment,Berlin
LAUCS250549000000005,CS2505490000000,5,employment,Berlin
LAUCS250549000000006,CS2505490000000,6,labor force,Berlin
LAUCS250910500000003,CS2509105000000,3,unemployment rate,Brookfield
LAUCS250910500000004,CS2509105000000,4,unemployment,Brookfield
LAUCS250910500000005,CS2509105000000,5,employment,Brookfield
LAUCS250910500000006,CS2509105000000,6,labor force,Brookfield
LAUCS251271500000003,CS2512715000000,3,unemployment rate,Charlton
LAUCS251271500000004,CS2512715000000,4,unemployment,Charlton
LAUCS251271500000005,CS2512715000000,5,employment,Charlton
LAUCS251271500000006,CS2512715000000,6,labor force,Charlton
LAUCS251730000000003,CS2517300000000,3,unemployment rate,Douglas
LAUCS251730000000004,CS2517300000000,4,unemployment,Douglas
LAUCS251730000000005,CS2517300000000,5,employment,Douglas
LAUCS251730000000006,CS2517300000000,6,labor force,Douglas
LAUCS251856000000003,CS2518560000000,3,unemployment rate,East Brookfield
LAUCS251856000000004,CS2518560000000,4,unemployment,East Brookfield
LAUCS251856000000005,CS2518560000000,5,employment,East Brookfield
LAUCS251856000000006,CS2518560000000,6,labor force,East Brookfield
LAUCS254692500000003,CS2546925000000,3,unemployment rate,Northbridge
LAUCS254692500000004,CS2546925000000,4,unemployment,Northbridge
LAUCS254692500000005,CS2546925000000,5,employment,Northbridge
LAUCS254692500000006,CS2546925000000,6,labor force,Northbridge
LAUCS254713500000003,CS2547135000000,3,unemployment rate,North Brookfield
LAUCS254713500000004,CS2547135000000,4,unemployment,North Brookfield
LAUCS254713500000005,CS2547135000000,5,employment,North Brookfield
LAUCS254713500000006,CS2547135000000,6,labor force,North Brookfield
LAUCS255182500000003,CS2551825000000,3,unemployment rate,Oxford
LAUCS255182500000004,CS2551825000000,4,unemployment,Oxford
LAUCS255182500000005,CS2551825000000,5,employment,Oxford
LAUCS255182500000006,CS2551825000000,6,labor force,Oxford
LAUCS256738500000003,CS2567385000000,3,unemployment rate,Sterling
LAUCS256738500000004,CS2567385000000,4,unemployment,Sterling
LAUCS256738500000005,CS2567385000000,5,employment,Sterling
LAUCS256738500000006,CS2567385000000,6,labor force,Sterling
LAUCS256861000000003,CS2568610000000,3,unemployment rate,Sutton
LAUCS256861000000004,CS2568610000000,4,unemployment,Sutton
LAUCS256861000000005,CS2568610000000,5,employment,Sutton
LAUCS256861000000006,CS2568610000000,6,labor force,Sutton
LAUCS257148000000003,CS2571480000000,3,unemployment rate,Upton
LAUCS257148000000004,CS2571480000000,4,unemployment,Upton
LAUCS257148000000005,CS2571480000000,5,employment,Upton
LAUCS257148000000006,CS2571480000000,6,labor force,Upton
LAUCS257162000000003,CS2571620000000,3,unemployment rate,Uxbridge
LAUCS257162000000004,CS2571620000000,4,unemployment,Uxbridge
LAUCS257162000000005,CS2571620000000,5,employment,Uxbridge
LAUCS257162000000006,CS2571620000000,6,labor force,Uxbridge
LAUCS257389500000003,CS2573895000000,3,unemployment rate,Webster
LAUCS257389500000004,CS2573895000000,4,unemployment,Webster
LAUCS257389500000005,CS2573895000000,5,employment,Webster
LAUCS257389500000006,CS2573895000000,6,labor force,Webster
LAUCS250300500000003,CS2503005000000,3,unemployment rate,Ayer
LAUCS250300500000004,CS2503005000000,4,unemployment,Ayer
LAUCS250300500000005,CS2503005000000,5,employment,Ayer
LAUCS250300500000006,CS2503005000000,6,labor force,Ayer
LAUCS251604000000003,CS2516040000000,3,unemployment rate,Cummington
LAUCS251604000000004,CS2516040000000,4,unemployment,Cummington
LAUCS251604000000005,CS2516040000000,5,employment,Cummington
LAUCS251604000000006,CS2516040000000,6,labor force,Cummington
LAUCS252629000000003,CS2526290000000,3,unemployment rate,Goshen
LAUCS252629000000004,CS2526290000000,4,unemployment,Goshen
LAUCS252629000000005,CS2526290000000,5,employment,Goshen
LAUCS252629000000006,CS2526290000000,6,labor force,Goshen
LAUCS252748000000003,CS2527480000000,3,unemployment rate,Groton
LAUCS252748000000004,CS2527480000000,4,unemployment,Groton
LAUCS252748000000005,CS2527480000000,5,employment,Groton
LAUCS252748000000006,CS2527480000000,6,labor force,Groton
LAUCS252895000000003,CS2528950000000,3,unemployment rate,Harvard
LAUCS252895000000004,CS2528950000000,4,unemployment,Harvard
LAUCS252895000000005,CS2528950000000,5,employment,Harvard
LAUCS252895000000006,CS2528950000000,6,labor force,Harvard
LAUCS253178500000003,CS2531785000000,3,unemployment rate,Huntington
LAUCS253178500000004,CS2531785000000,4,unemployment,Huntington
LAUCS253178500000005,CS2531785000000,5,employment,Huntington
LAUCS253178500000006,CS2531785000000,6,labor force,Huntington
LAUCS253595000000003,CS2535950000000,3,unemployment rate,Littleton
LAUCS253595000000004,CS2535950000000,4,unemployment,Littleton
LAUCS253595000000005,CS2535950000000,5,employment,Littleton
LAUCS253595000000006,CS2535950000000,6,labor force,Littleton
LAUCS253822500000003,CS2538225000000,3,unemployment rate,Mansfield
LAUCS253822500000004,CS2538225000000,4,unemployment,Mansfield
LAUCS253822500000005,CS2538225000000,5,employment,Mansfield
LAUCS253822500000006,CS2538225000000,6,labor force,Mansfield
LAUCS254099000000003,CS2540990000000,3,unemployment rate,Middlefield
LAUCS254099000000004,CS2540990000000,4,unemployment,Middlefield
LAUCS254099000000005,CS2540990000000,5,employment,Middlefield
LAUCS254099000000006,CS2540990000000,6,labor force,Middlefield
LAUCS255280500000003,CS2552805000000,3,unemployment rate,Pepperell
LAUCS255280500000004,CS2552805000000,4,unemployment,Pepperell
LAUCS255280500000005,CS2552805000000,5,employment,Pepperell
LAUCS255280500000006,CS2552805000000,6,labor force,Pepperell
LAUCS255403000000003,CS2554030000000,3,unemployment rate,Plainfield
LAUCS255403000000004,CS2554030000000,4,unemployment,Plainfield
LAUCS255403000000005,CS2554030000000,5,employment,Plainfield
LAUCS255403000000006,CS2554030000000,6,labor force,Plainfield
LAUCS258217500000003,CS2582175000000,3,unemployment rate,Worthington
LAUCS258217500000004,CS2582175000000,4,unemployment,Worthington
LAUCS258217500000005,CS2582175000000,5,employment,Worthington
LAUCS258217500000006,CS2582175000000,6,labor force,Worthington
LAUCT251100000000003,CT2511000000000,3,unemployment rate,Cambridge
LAUCT251100000000004,CT2511000000000,4,unemployment,Cambridge
LAUCT251100000000005,CT2511000000000,5,employment,Cambridge
LAUCT251100000000006,CT2511000000000,6,labor force,Cambridge
LAUCS250160500000003,CS2501605000000,3,unemployment rate,Arlington
LAUCS250160500000004,CS2501605000000,4,unemployment,Arlington
LAUCS250160500000005,CS2501605000000,5,employment,Arlington
LAUCS250160500000006,CS2501605000000,6,labor force,Arlington
LAUCT256253500000003,CT2562535000000,3,unemployment rate,Somerville
LAUCT256253500000004,CT2562535000000,4,unemployment,Somerville
LAUCT256253500000005,CT2562535000000,5,employment,Somerville
LAUCT256253500000006,CT2562535000000,6,labor force,Somerville
LAUCT254500000000003,CT2545000000000,3,unemployment rate,New Bedford
LAUCT254500000000004,CT2545000000000,4,unemployment,New Bedford
LAUCT254500000000005,CT2545000000000,5,employment,New Bedford
LAUCT254500000000006,CT2545000000000,6,labor force,New Bedford
LAUCT256700000000003,CT2567000000000,3,unemployment rate,Springfield
LAUCT256700000000004,CT2567000000000,4,unemployment,Springfield
LAUCT256700000000005,CT2567000000000,5,employment,Springfield
LAUCT256700000000006,CT2567000000000,6,labor force,Springfield
LAUCT251366000000003,CT2513660000000,3,unemployment rate,Chicopee
LAUCT251366000000004,CT2513660000000,4,unemployment,Chicopee
LAUCT251366000000005,CT2513660000000,5,employment,Chicopee
LAUCT251366000000006,CT2513660000000,6,labor force,Chicopee
LAUCT253084000000003,CT2530840000000,3,unemployment rate,Holyoke
LAUCT253084000000004,CT2530840000000,4,unemployment,Holyoke
LAUCT253084000000005,CT2530840000000,5,employment,Holyoke
LAUCT253084000000006,CT2530840000000,6,labor force,Holyoke
LAUCT258200000000003,CT2582000000000,3,unemployment rate,Worcester
LAUCT258200000000004,CT2582000000000,4,unemployment,Worcester
LAUCT258200000000005,CT2582000000000,5,employment,Worcester
LAUCT258200000000006,CT2582000000000,6,labor force,Worcester
LAUCT253700000000003,CT2537000000000,3,unemployment rate,Lowell
LAUCT253700000000004,CT2537000000000,4,unemployment,Lowell
LAUCT253700000000005,CT2537000000000,5,employment,Lowell
LAUCT253700000000006,CT2537000000000,6,labor force,Lowell
LAUCT250900000000003,CT2509000000000,3,unemployment rate,Brockton
LAUCT250900000000004,CT2509000000000,4,unemployment,Brockton
LAUCT250900000000005,CT2509000000000,5,employment,Brockton
LAUCT250900000000006,CT2509000000000,6,labor force,Brockton
LAUCS250917500000003,CS2509175000000,3,unemployment rate,Brookline
LAUCS250917500000004,CS2509175000000,4,unemployment,Brookline
LAUCS250917500000005,CS2509175000000,5,employment,Brookline
LAUCS250917500000006,CS2509175000000,6,labor force,Brookline
LAUCT252300000000003,CT2523000000000,3,unemployment rate,Fall River
LAUCT252300000000004,CT2523000000000,4,unemployment,Fall River
LAUCT252300000000005,CT2523000000000,5,employment,Fall River
LAUCT252300000000006,CT2523000000000,6,labor force,Fall River
LAUCS252492500000003,CS2524925000000,3,unemployment rate,Framingham
LAUCS252492500000004,CS2524925000000,4,unemployment,Framingham
LAUCS252492500000005,CS2524925000000,5,employment,Framingham
LAUCS252492500000006,CS2524925000000,6,labor force,Framingham
LAUCT253455000000003,CT2534550000000,3,unemployment rate,Lawrence
LAUCT253455000000004,CT2534550000000,4,unemployment,Lawrence
LAUCT253455000000005,CT2534550000000,5,employment,Lawrence
LAUCT253455000000006,CT2534550000000,6,labor force,Lawrence
LAUCT253749000000003,CT2537490000000,3,unemployment rate,Lynn
LAUCT253749000000004,CT2537490000000,4,unemployment,Lynn
LAUCT253749000000005,CT2537490000000,5,employment,Lynn
LAUCT253749000000006,CT2537490000000,6,labor force,Lynn
LAUCT253787500000003,CT2537875000000,3,unemployment rate,Malden
LAUCT253787500000004,CT2537875000000,4,unemployment,Malden
LAUCT253787500000005,CT2537875000000,5,employment,Malden
LAUCT253787500000006,CT2537875000000,6,labor force,Malden
LAUCT253983500000003,CT2539835000000,3,unemployment rate,Medford
LAUCT253983500000004,CT2539835000000,4,unemployment,Medford
LAUCT253983500000005,CT2539835000000,5,employment,Medford
LAUCT253983500000006,CT2539835000000,6,labor force,Medford
LAUCT254556000000003,CT2545560000000,3,unemployment rate,Newton
LAUCT254556000000004,CT2545560000000,4,unemployment,Newton
LAUCT254556000000005,CT2545560000000,5,employment,Newton
LAUCT254556000000006,CT2545560000000,6,labor force,Newton
LAUCT255396000000003,CT2553960000000,3,unemployment rate,Pittsfield
LAUCT255396000000004,CT2553960000000,4,unemployment,Pittsfield
LAUCT255396000000005,CT2553960000000,5,employment,Pittsfield
LAUCT255396000000006,CT2553960000000,6,labor force,Pittsfield
LAUCT255574500000003,CT2555745000000,3,unemployment rate,Quincy
LAUCT255574500000004,CT2555745000000,4,unemployment,Quincy
LAUCT255574500000005,CT2555745000000,5,employment,Quincy
LAUCT255574500000006,CT2555745000000,6,labor force,Quincy
LAUCT257260000000003,CT2572600000000,3,unemployment rate,Waltham
LAUCT257260000000004,CT2572600000000,4,unemployment,Waltham
LAUCT257260000000005,CT2572600000000,5,employment,Waltham
LAUCT257260000000006,CT2572600000000,6,labor force,Waltham
LAUCT257897200000003,CT2578972000000,3,unemployment rate,Weymouth
LAUCT257897200000004,CT2578972000000,4,unemployment,Weymouth
LAUCT257897200000005,CT2578972000000,5,employment,Weymouth
LAUCT257897200000006,CT2578972000000,6,labor force,Weymouth
LAUCT250700000000003,CT2507000000000,3,unemployment rate,Boston
LAUCT250700000000004,CT2507000000000,4,unemployment,Boston
LAUCT250700000000005,CT2507000000000,5,employment,Boston
LAUCT250700000000006,CT2507000000000,6,labor force,Boston
LAUCN250130000000003,CN2501300000000,3,unemployment rate,Hampden County
LAUCN250130000000004,CN2501300000000,4,unemployment,Hampden County
LAUCN250130000000005,CN2501300000000,5,employment,Hampden County
LAUCN250130000000006,CN2501300000000,6,labor force,Hampden County
LAUCN250030000000003,CN2500300000000,3,unemployment rate,Berkshire County
LAUCN250030000000004,CN2500300000000,4,unemployment,Berkshire County
LAUCN250030000000005,CN2500300000000,5,employment,Berkshire County
LAUCN250030000000006,CN2500300000000,6,labor force,Berkshire County