SUMLEV,STATE,COUNTY,PLACE,COUSUB,CONCIT,PRIMGEO_FLAG,FUNCSTAT,NAME,STNAME,CENSUS2010POP,ESTIMATESBASE2010,POPESTIMATE2010,POPESTIMATE2011,POPESTIMATE2012,POPESTIMATE2013,POPESTIMATE2014,POPESTIMATE2015,POPESTIMATE2016,POPESTIMATE2017,POPESTIMATE2018
040,25,000,00000,00000,00000,0,A,Massachusetts,Massachusetts,6547629,6547790,6566431,6613149,6663158,6713944,6763652,6795891,6826022,6863246,6902149
162,25,000,00840,00000,00000,0,A,Agawam Town city,Massachusetts,28438,28438,28451,28584,28632,28707,28712,28746,28693,28696,28854
162,25,000,01260,00000,00000,0,A,Amesbury Town city,Massachusetts,16283,16286,16324,16429,16536,16741,17229,17292,17337,17474,17569
162,25,000,02690,00000,00000,0,A,Attleboro city,Massachusetts,43593,43586,43604,43681,43830,43953,44156,44317,44413,44744,45117
162,25,000,03690,00000,00000,0,A,Barnstable Town city,Massachusetts,45193,45187,45146,44852,44738,44581,44469,44267,44155,44165,44460
162,25,000,05595,00000,00000,0,A,Beverly city,Massachusetts,39502,39504,39730,40092,40393,40851,41231,41519,41649,41961,42312
162,25,000,07000,00000,00000,0,A,Boston city,Massachusetts,617594,617786,621074,630480,643003,653103,663017,670791,680470,688276,694583
162,25,000,07740,00000,00000,0,A,Braintree Town city,Massachusetts,35744,35726,35806,36015,36347,36789,37181,37180,37187,37242,37250
162,25,000,09000,00000,00000,0,A,Brockton city,Massachusetts,93810,93767,93809,94109,94047,94365,94863,95433,95391,95659,95777
162,25,000,11000,00000,00000,0,A,Cambridge city,Massachusetts,105162,105176,105038,105905,107911,112069,113019,113497,115730,117133,118977
162,25,000,13205,00000,00000,0,A,Chelsea city,Massachusetts,35177,35170,35334,36195,36904,37641,38685,39745,40288,40333,40160
162,25,000,13660,00000,00000,0,A,Chicopee city,Massachusetts,55298,55305,55305,55583,55795,55882,56233,55789,55342,55363,55582
162,25,000,19370,00000,00000,0,A,Easthampton Town city,Massachusetts,16053,16050,16052,16072,16108,16080,16055,16004,16051,16026,15987
162,25,000,21990,00000,00000,0,A,Everett city,Massachusetts,41667,41650,41755,42242,42740,43227,44463,45625,46011,46196,46880
162,25,000,23000,00000,00000,0,A,Fall River city,Massachusetts,88857,88857,88874,88812,88842,88993,89153,89313,89288,89274,89661
162,25,000,23875,00000,00000,0,A,Fitchburg city,Massachusetts,40318,40325,40443,40422,40513,40572,40668,40686,40680,40800,40882
162,25,000,24960,00000,00000,0,A,Framingham city,Massachusetts,A,68325,68667,69651,70064,70417,70787,70937,71469,71866,73123
162,25,000,25172,00000,00000,0,A,Franklin Town city,Massachusetts,31635,31633,31847,32164,32336,32616,32821,32892,32971,33155,33230
162,25,000,25485,00000,00000,0,A,Gardner city,Massachusetts,20228,20233,20174,20223,20368,20408,20344,20522,20542,20650,20719
162,25,000,26150,00000,00000,0,A,Gloucester city,Massachusetts,28789,28789,28872,29056,29275,29527,29742,29907,29999,30184,30401
162,25,000,27100,00000,00000,0,A,Greenfield Town city,Massachusetts,17456,17452,17433,17603,17631,17486,17604,17441,17448,17424,17460
162,25,000,29405,00000,00000,0,A,Haverhill city,Massachusetts,60879,60878,61000,61503,61865,62283,62620,62881,63236,63669,64041
162,25,000,30840,00000,00000,0,A,Holyoke city,Massachusetts,39880,39881,39917,40124,40192,40105,40673,40339,40266,40220,40358
162,25,000,34550,00000,00000,0,A,Lawrence city,Massachusetts,76377,76348,76558,77263,77922,78401,79208,79732,79870,80062,80376
162,25,000,35075,00000,00000,0,A,Leominster city,Massachusetts,40759,40760,40782,40904,40946,41127,41506,41569,41418,41618,41823
162,25,000,37000,00000,00000,0,A,Lowell city,Massachusetts,106519,106528,106787,107767,108805,109768,110541,111149,111250,111728,111670
162,25,000,37490,00000,00000,0,A,Lynn city,Massachusetts,90329,90333,90543,90716,91452,92048,92599,93247,93406,94095,94654
162,25,000,37875,00000,00000,0,A,Malden city,Massachusetts,59450,59416,59571,60004,60468,60817,61093,61258,61159,61071,61036
162,25,000,38715,00000,00000,0,A,Marlborough city,Massachusetts,38499,38497,38580,38934,39305,39468,39691,39799,39793,39788,39825
162,25,000,39835,00000,00000,0,A,Medford city,Massachusetts,56173,56304,56425,56840,57276,57424,57572,57811,57849,57783,57765
162,25,000,40115,00000,00000,0,A,Melrose city,Massachusetts,26983,26966,27036,27291,27515,27807,28037,28053,28118,28206,28193
162,25,000,40710,00000,00000,0,A,Methuen Town city,Massachusetts,47255,47320,47438,47789,48123,48706,49388,49802,49972,50334,50698
162,25,000,45000,00000,00000,0,A,New Bedford city,Massachusetts,95072,95068,95056,94886,94997,95073,95132,95111,95070,94990,95315
162,25,000,45245,00000,00000,0,A,Newburyport city,Massachusetts,17416,17412,17442,17521,17581,17718,17853,17878,17939,18078,18202
162,25,000,45560,00000,00000,0,A,Newton city,Massachusetts,85146,85114,85399,85845,87054,87508,88295,88614,88604,88855,88904
162,25,000,46225,00000,00000,0,A,North Adams city,Massachusetts,13708,13696,13767,13633,13611,13459,13379,13185,13068,12946,12904
162,25,000,46330,00000,00000,0,A,Northampton city,Massachusetts,28549,28552,28655,28719,28728,28602,28569,28405,28561,28608,28726
162,25,000,52144,00000,00000,0,A,Palmer Town city,Massachusetts,12140,12138,12141,12171,12186,12205,12223,12214,12247,12250,12309
162,25,000,52490,00000,00000,0,A,Peabody city,Massachusetts,51251,51266,51403,51633,51913,52243,52489,52661,52809,53008,53278
162,25,000,53960,00000,00000,0,A,Pittsfield city,Massachusetts,44737,44741,44714,44401,44358,44071,43772,43357,42977,42680,42533
162,25,000,55745,00000,00000,0,A,Quincy city,Massachusetts,92271,92262,92463,92541,92979,93484,93730,93807,94133,94317,94580
162,25,000,56585,00000,00000,0,A,Revere city,Massachusetts,51755,51737,51872,52653,53270,53731,53844,54012,54021,54163,53821
162,25,000,59105,00000,00000,0,A,Salem city,Massachusetts,41340,41314,41827,41993,42320,42676,42998,43255,43254,43411,43559
162,25,000,62535,00000,00000,0,A,Somerville city,Massachusetts,75754,75651,75828,76653,77569,78526,78939,79662,80902,81159,81562
162,25,000,63345,00000,00000,0,A,Southbridge Town city,Massachusetts,16719,16709,16723,16746,16791,16799,16837,16862,16868,16899,16931
162,25,000,67000,00000,00000,0,A,Springfield city,Massachusetts,153060,153173,153613,153882,154056,154186,154513,154740,154278,154498,155032
162,25,000,69170,00000,00000,0,A,Taunton city,Massachusetts,55874,55874,55899,55921,56042,56164,56718,56879,56958,56970,57296
162,25,000,72600,00000,00000,0,A,Waltham city,Massachusetts,60632,60621,60872,61359,62029,62311,63097,62981,62923,62919,62962
162,25,000,73440,00000,00000,0,A,Watertown Town city,Massachusetts,31915,31977,32071,32345,33041,33230,34299,34376,35141,35737,35954
162,25,000,76030,00000,00000,0,A,Westfield city,Massachusetts,41094,41092,41120,41406,41268,41563,41642,41699,41570,41435,41680
162,25,000,77890,00000,00000,0,A,West Springfield Town city,Massachusetts,28391,28391,28357,28541,28631,28619,28655,28664,28619,28608,28747
162,25,000,78972,00000,00000,0,A,Weymouth Town city,Massachusetts,53743,53762,53830,54176,55062,55458,55737,55807,55914,56744,57719
162,25,000,81005,00000,00000,0,A,Winthrop Town city,Massachusetts,17497,17497,17539,17798,17998,18152,18293,18414,18543,18683,18688
162,25,000,81035,00000,00000,0,A,Woburn city,Massachusetts,38120,38882,39063,39435,39676,39905,40100,40276,40343,40376,40397
162,25,000,82000,00000,00000,0,A,Worcester city,Massachusetts,181045,181009,181878,182489,182694,183458,184698,184910,185139,185417,185877
050,25,001,00000,00000,00000,0,A,Barnstable County,Massachusetts,215888,215875,215893,215333,214783,214520,214299,213811,213446,213482,213413
157,25,001,03690,00000,00000,0,A,Barnstable Town city,Massachusetts,45193,45187,45146,44852,44738,44581,44469,44267,44155,44165,44460
157,25,001,99990,00000,00000,0,F,Balance of Barnstable County,Massachusetts,170695,170688,170747,170481,170045,169939,169830,169544,169291,169317,168953
061,25,001,00000,03690,00000,0,F,Barnstable Town city,Massachusetts,45193,45187,45146,44852,44738,44581,44469,44267,44155,44165,44460
071,25,001,03690,03690,00000,1,A,Barnstable Town city,Massachusetts,45193,45187,45146,44852,44738,44581,44469,44267,44155,44165,44460
061,25,001,00000,07175,00000,1,A,Bourne town,Massachusetts,19754,19741,19756,19790,19753,19735,19740,19854,19883,19872,19872
061,25,001,00000,07980,00000,1,A,Brewster town,Massachusetts,9820,9826,9859,9839,9819,9798,9938,9880,9841,9846,9806
061,25,001,00000,12995,00000,1,A,Chatham town,Massachusetts,6125,6125,6127,6118,6125,6135,6140,6137,6148,6167,6160
061,25,001,00000,16775,00000,1,A,Dennis town,Massachusetts,14207,14221,14218,14165,14109,14069,14037,13997,13964,13922,13885
061,25,001,00000,19295,00000,1,A,Eastham town,Massachusetts,4956,4956,4956,4941,4927,4923,4919,4904,4891,4883,4871
061,25,001,00000,23105,00000,1,A,Falmouth town,Massachusetts,31531,31534,31539,31560,31493,31458,31350,31258,31135,31112,31019
061,25,001,00000,29020,00000,1,A,Harwich town,Massachusetts,12243,12223,12232,12210,12175,12166,12167,12138,12121,12144,12133
061,25,001,00000,39100,00000,1,A,Mashpee town,Massachusetts,14006,14006,14001,13966,13923,13940,13981,14047,14104,14193,14180
061,25,001,00000,51440,00000,1,A,Orleans town,Massachusetts,5890,5890,5894,5877,5861,5850,5849,5824,5820,5821,5798
061,25,001,00000,55500,00000,1,A,Provincetown town,Massachusetts,2942,2942,2947,2938,2941,2942,2944,2957,2962,2977,2960
061,25,001,00000,59735,00000,1,A,Sandwich town,Massachusetts,20675,20676,20668,20615,20565,20545,20482,20383,20317,20305,20226
061,25,001,00000,70605,00000,1,A,Truro town,Massachusetts,2003,2001,2002,2001,1999,2008,2004,1997,2002,2003,1999
061,25,001,00000,74385,00000,1,A,Wellfleet town,Massachusetts,2750,2750,2750,2741,2738,2735,2738,2733,2735,2736,2729
061,25,001,00000,82525,00000,1,A,Yarmouth town,Massachusetts,23793,23797,23798,23720,23617,23635,23541,23435,23368,23336,23315
050,25,003,00000,00000,00000,0,N,Berkshire County,Massachusetts,131219,131275,131319,130531,130268,129473,128845,127857,127106,126485,126348
157,25,003,46225,00000,00000,0,A,North Adams city,Massachusetts,13708,13696,13767,13633,13611,13459,13379,13185,13068,12946,12904
157,25,003,53960,00000,00000,0,A,Pittsfield city,Massachusetts,44737,44741,44714,44401,44358,44071,43772,43357,42977,42680,42533
157,25,003,99990,00000,00000,0,F,Balance of Berkshire County,Massachusetts,72774,72838,72838,72497,72299,71943,71694,71315,71061,70859,70911
061,25,003,00000,00555,00000,1,A,Adams town,Massachusetts,8485,8484,8479,8423,8412,8369,8307,8235,8161,8104,8077
061,25,003,00000,00975,00000,1,A,Alford town,Massachusetts,494,498,499,499,498,497,497,496,493,491,491
061,25,003,00000,04545,00000,1,A,Becket town,Massachusetts,1779,1783,1778,1777,1777,1771,1765,1754,1738,1729,1730
061,25,003,00000,13345,00000,1,A,Cheshire town,Massachusetts,3235,3235,3234,3223,3222,3208,3193,3175,3157,3148,3144
061,25,003,00000,14010,00000,1,A,Clarksburg town,Massachusetts,1702,1707,1706,1697,1697,1690,1682,1670,1660,1651,1650
061,25,003,00000,16180,00000,1,A,Dalton town,Massachusetts,6756,6753,6755,6742,6751,6732,6709,6673,6635,6590,6569
061,25,003,00000,21360,00000,1,A,Egremont town,Massachusetts,1225,1223,1223,1224,1225,1221,1214,1208,1204,1205,1208
061,25,003,00000,24120,00000,1,A,Florida town,Massachusetts,752,761,760,760,759,754,747,740,734,729,724
061,25,003,00000,26815,00000,1,A,Great Barrington town,Massachusetts,7104,7106,7100,7034,7046,7002,6937,6906,6900,6854,6852
061,25,003,00000,28180,00000,1,A,Hancock town,Massachusetts,717,719,721,721,718,714,713,707,704,701,701
061,25,003,00000,30315,00000,1,A,Hinsdale town,Massachusetts,2032,2025,2023,2011,2007,1994,1978,1961,1944,1929,1922
061,25,003,00000,34340,00000,1,A,Lanesborough town,Massachusetts,3091,3090,3087,3068,3065,3046,3026,3004,2983,2971,2965
061,25,003,00000,34655,00000,1,A,Lee town,Massachusetts,5943,5948,5951,5919,5921,5884,5837,5805,5765,5726,5715
061,25,003,00000,34970,00000,1,A,Lenox town,Massachusetts,5025,5072,5069,5053,5049,5041,5003,4984,4968,4957,4964
061,25,003,00000,42460,00000,1,A,Monterey town,Massachusetts,961,954,953,949,950,949,948,941,934,931,929
061,25,003,00000,43300,00000,1,A,Mount Washington town,Massachusetts,167,167,167,166,166,165,163,162,161,159,158
061,25,003,00000,44385,00000,1,A,New Ashford town,Massachusetts,228,228,228,226,226,225,223,223,223,223,225
061,25,003,00000,45420,00000,1,A,New Marlborough town,Massachusetts,1509,1513,1512,1507,1506,1503,1497,1483,1474,1464,1458
061,25,003,00000,46225,00000,0,F,North Adams city,Massachusetts,13708,13696,13767,13633,13611,13459,13379,13185,13068,12946,12904
071,25,003,46225,46225,00000,1,A,North Adams city,Massachusetts,13708,13696,13767,13633,13611,13459,13379,13185,13068,12946,12904
061,25,003,00000,51580,00000,1,A,Otis town,Massachusetts,1612,1612,1611,1603,1602,1595,1585,1575,1562,1552,1548
061,25,003,00000,53050,00000,1,A,Peru town,Massachusetts,847,847,848,853,852,847,847,850,842,838,837
061,25,003,00000,53960,00000,0,F,Pittsfield city,Massachusetts,44737,44741,44714,44401,44358,44071,43772,43357,42977,42680,42533
071,25,003,53960,53960,00000,1,A,Pittsfield city,Massachusetts,44737,44741,44714,44401,44358,44071,43772,43357,42977,42680,42533
061,25,003,00000,56795,00000,1,A,Richmond town,Massachusetts,1475,1481,1480,1471,1467,1458,1449,1438,1429,1421,1422
061,25,003,00000,59665,00000,1,A,Sandisfield town,Massachusetts,915,917,922,921,926,923,917,909,901,896,895
061,25,003,00000,60225,00000,1,A,Savoy town,Massachusetts,692,692,691,691,692,690,687,684,680,681,683
061,25,003,00000,61065,00000,1,A,Sheffield town,Massachusetts,3257,3257,3256,3242,3238,3222,3211,3189,3170,3155,3152
061,25,003,00000,67595,00000,1,A,Stockbridge town,Massachusetts,1947,1942,1941,1937,1962,1957,1946,1930,1913,1905,1903
061,25,003,00000,71095,00000,1,A,Tyringham town,Massachusetts,327,324,324,322,322,323,323,320,319,316,316
061,25,003,00000,73335,00000,1,A,Washington town,Massachusetts,538,542,542,538,541,542,543,542,541,541,541
061,25,003,00000,77990,00000,1,A,West Stockbridge town,Massachusetts,1306,1299,1298,1291,1289,1284,1277,1269,1267,1262,1264
061,25,003,00000,79985,00000,1,A,Williamstown town,Massachusetts,7754,7760,7782,7735,7518,7445,7583,7605,7728,7856,7993
061,25,003,00000,80685,00000,1,A,Windsor town,Massachusetts,899,899,898,894,895,892,887,877,871,874,875
050,25,005,00000,00000,00000,0,A,Bristol County,Massachusetts,548285,548254,549177,549292,551151,552454,555206,556878,557848,560571,564022
157,25,005,02690,00000,00000,0,A,Attleboro city,Massachusetts,43593,43586,43604,43681,43830,43953,44156,44317,44413,44744,45117
157,25,005,23000,00000,00000,0,A,Fall River city,Massachusetts,88857,88857,88874,88812,88842,88993,89153,89313,89288,89274,89661
157,25,005,45000,00000,00000,0,A,New Bedford city,Massachusetts,95072,95068,95056,94886,94997,95073,95132,95111,95070,94990,95315
157,25,005,69170,00000,00000,0,A,Taunton city,Massachusetts,55874,55874,55899,55921,56042,56164,56718,56879,56958,56970,57296
157,25,005,99990,00000,00000,0,F,Balance of Bristol County,Massachusetts,264889,264869,265744,265992,267440,268271,270047,271258,272119,274593,276633
061,25,005,00000,00520,00000,1,A,Acushnet town,Massachusetts,10303,10300,10304,10299,10318,10343,10399,10447,10473,10507,10580
061,25,005,00000,02690,00000,0,F,Attleboro city,Massachusetts,43593,43586,43604,43681,43830,43953,44156,44317,44413,44744,45117
071,25,005,02690,02690,00000,1,A,Attleboro city,Massachusetts,43593,43586,43604,43681,43830,43953,44156,44317,44413,44744,45117
061,25,005,00000,05280,00000,1,A,Berkley town,Massachusetts,6411,6408,6418,6451,6486,6507,6574,6638,6675,6697,6802
061,25,005,00000,16425,00000,1,A,Dartmouth town,Massachusetts,34032,34037,34369,34285,34429,34255,34452,34428,34172,34081,34307
061,25,005,00000,16950,00000,1,A,Dighton town,Massachusetts,7086,7089,7091,7094,7154,7225,7330,7408,7540,7706,7891
061,25,005,00000,20100,00000,1,A,Easton town,Massachusetts,23112,23110,23338,23256,23634,23442,23617,23940,23997,24958,25050
061,25,005,00000,22130,00000,1,A,Fairhaven town,Massachusetts,15873,15873,15881,15879,15919,15967,15991,16021,16020,16032,16094
061,25,005,00000,23000,00000,0,F,Fall River city,Massachusetts,88857,88857,88874,88812,88842,88993,89153,89313,89288,89274,89661
071,25,005,23000,23000,00000,1,A,Fall River city,Massachusetts,88857,88857,88874,88812,88842,88993,89153,89313,89288,89274,89661
061,25,005,00000,25240,00000,1,A,Freetown town,Massachusetts,8870,8875,8887,8900,8946,9037,9106,9181,9268,9328,9395
061,25,005,00000,38225,00000,1,A,Mansfield town,Massachusetts,23184,23183,23194,23198,23368,23488,23560,23613,23655,23911,24063
061,25,005,00000,45000,00000,0,F,New Bedford city,Massachusetts,95072,95068,95056,94886,94997,95073,95132,95111,95070,94990,95315
071,25,005,45000,45000,00000,1,A,New Bedford city,Massachusetts,95072,95068,95056,94886,94997,95073,95132,95111,95070,94990,95315
061,25,005,00000,46575,00000,1,A,North Attleborough town,Massachusetts,28712,28698,28711,28701,28762,28827,28988,29042,29063,29100,29349
061,25,005,00000,49970,00000,1,A,Norton town,Massachusetts,19031,19031,19157,19223,19300,19344,19347,19338,19611,19864,19948
061,25,005,00000,56060,00000,1,A,Raynham town,Massachusetts,13383,13377,13385,13429,13484,13558,13703,13828,13990,14183,14313
061,25,005,00000,56375,00000,1,A,Rehoboth town,Massachusetts,11608,11604,11622,11659,11721,11817,11921,11984,12036,12165,12265
061,25,005,00000,60645,00000,1,A,Seekonk town,Massachusetts,13722,13722,13747,13855,13975,14357,14688,14946,15217,15521,15702
061,25,005,00000,62430,00000,1,A,Somerset town,Massachusetts,18165,18165,18214,18250,18293,18319,18311,18261,18171,18139,18181
061,25,005,00000,68750,00000,1,A,Swansea town,Massachusetts,15865,15866,15880,15934,16009,16085,16299,16374,16381,16513,16705
061,25,005,00000,69170,00000,0,F,Taunton city,Massachusetts,55874,55874,55899,55921,56042,56164,56718,56879,56958,56970,57296
071,25,005,69170,69170,00000,1,A,Taunton city,Massachusetts,55874,55874,55899,55921,56042,56164,56718,56879,56958,56970,57296
061,25,005,00000,77570,00000,1,A,Westport town,Massachusetts,15532,15531,15546,15579,15642,15700,15761,15809,15850,15888,15988
050,25,007,00000,00000,00000,0,A,Dukes County,Massachusetts,16535,16535,16572,16695,16829,17162,17299,17275,17316,17321,17352
061,25,007,00000,01585,00000,1,A,Aquinnah town,Massachusetts,311,311,312,316,318,327,329,329,328,327,327
061,25,007,00000,13800,00000,1,A,Chilmark town,Massachusetts,866,864,867,875,884,906,913,915,915,916,917
061,25,007,00000,21150,00000,1,A,Edgartown town,Massachusetts,4067,4067,4078,4120,4164,4246,4288,4274,4314,4320,4343
061,25,007,00000,26325,00000,1,A,Gosnold town,Massachusetts,75,75,75,75,76,77,77,76,77,76,75
061,25,007,00000,50390,00000,1,A,Oak Bluffs town,Massachusetts,4527,4524,4532,4553,4581,4657,4687,4677,4681,4678,4678
061,25,007,00000,69940,00000,1,A,Tisbury town,Massachusetts,3949,3952,3960,3989,4015,4091,4118,4110,4105,4107,4111
061,25,007,00000,78235,00000,1,A,West Tisbury town,Massachusetts,2740,2742,2748,2767,2791,2858,2887,2894,2896,2897,2901
050,25,009,00000,00000,00000,0,N,Essex County,Massachusetts,743159,743081,745479,751461,757350,764640,771778,777175,780367,785160,790638
157,25,009,01260,00000,00000,0,A,Amesbury Town city,Massachusetts,16283,16286,16324,16429,16536,16741,17229,17292,17337,17474,17569
157,25,009,05595,00000,00000,0,A,Beverly city,Massachusetts,39502,39504,39730,40092,40393,40851,41231,41519,41649,41961,42312
157,25,009,26150,00000,00000,0,A,Gloucester city,Massachusetts,28789,28789,28872,29056,29275,29527,29742,29907,29999,30184,30401
157,25,009,29405,00000,00000,0,A,Haverhill city,Massachusetts,60879,60878,61000,61503,61865,62283,62620,62881,63236,63669,64041
157,25,009,34550,00000,00000,0,A,Lawrence city,Massachusetts,76377,76348,76558,77263,77922,78401,79208,79732,79870,80062,80376
157,25,009,37490,00000,00000,0,A,Lynn city,Massachusetts,90329,90333,90543,90716,91452,92048,92599,93247,93406,94095,94654
157,25,009,40710,00000,00000,0,A,Methuen Town city,Massachusetts,47255,47320,47438,47789,48123,48706,49388,49802,49972,50334,50698
157,25,009,45245,00000,00000,0,A,Newburyport city,Massachusetts,17416,17412,17442,17521,17581,17718,17853,17878,17939,18078,18202
157,25,009,52490,00000,00000,0,A,Peabody city,Massachusetts,51251,51266,51403,51633,51913,52243,52489,52661,52809,53008,53278
157,25,009,59105,00000,00000,0,A,Salem city,Massachusetts,41340,41314,41827,41993,42320,42676,42998,43255,43254,43411,43559
157,25,009,99990,00000,00000,0,F,Balance of Essex County,Massachusetts,273738,273631,274342,277466,279970,283446,286421,289001,290896,292884,295548
061,25,009,00000,01260,00000,0,F,Amesbury Town city,Massachusetts,16283,16286,16324,16429,16536,16741,17229,17292,17337,17474,17569
071,25,009,01260,01260,00000,1,A,Amesbury Town city,Massachusetts,16283,16286,16324,16429,16536,16741,17229,17292,17337,17474,17569
061,25,009,00000,01465,00000,1,A,Andover town,Massachusetts,33201,33071,33158,33750,34075,34666,35026,35305,35475,35803,36403
061,25,009,00000,05595,00000,0,F,Beverly city,Massachusetts,39502,39504,39730,40092,40393,40851,41231,41519,41649,41961,42312
071,25,009,05595,05595,00000,1,A,Beverly city,Massachusetts,39502,39504,39730,40092,40393,40851,41231,41519,41649,41961,42312
061,25,009,00000,07420,00000,1,A,Boxford town,Massachusetts,7965,7964,7981,8033,8080,8141,8189,8227,8247,8305,8367
061,25,009,00000,16250,00000,1,A,Danvers town,Massachusetts,26493,26500,26545,26903,27117,27226,27688,27751,27437,27555,27727
061,25,009,00000,21850,00000,1,A,Essex town,Massachusetts,3504,3504,3514,3564,3589,3620,3648,3675,3716,3749,3789
061,25,009,00000,25625,00000,1,A,Georgetown town,Massachusetts,8183,8193,8221,8312,8395,8484,8533,8593,8640,8701,8773
061,25,009,00000,26150,00000,0,F,Gloucester city,Massachusetts,28789,28789,28872,29056,29275,29527,29742,29907,29999,30184,30401
071,25,009,26150,26150,00000,1,A,Gloucester city,Massachusetts,28789,28789,28872,29056,29275,29527,29742,29907,29999,30184,30401
061,25,009,00000,27620,00000,1,A,Groveland town,Massachusetts,6459,6453,6470,6512,6561,6609,6652,6701,6732,6785,6850
061,25,009,00000,27900,00000,1,A,Hamilton town,Massachusetts,7764,7764,7783,7837,7873,7937,7972,7996,8021,8054,8098
061,25,009,00000,29405,00000,0,F,Haverhill city,Massachusetts,60879,60878,61000,61503,61865,62283,62620,62881,63236,63669,64041
071,25,009,29405,29405,00000,1,A,Haverhill city,Massachusetts,60879,60878,61000,61503,61865,62283,62620,62881,63236,63669,64041
061,25,009,00000,32310,00000,1,A,Ipswich town,Massachusetts,13175,13176,13219,13456,13550,13645,13714,13813,13868,14000,14092
061,25,009,00000,34550,00000,0,F,Lawrence city,Massachusetts,76377,76348,76558,77263,77922,78401,79208,79732,79870,80062,80376
071,25,009,34550,34550,00000,1,A,Lawrence city,Massachusetts,76377,76348,76558,77263,77922,78401,79208,79732,79870,80062,80376
061,25,009,00000,37490,00000,0,F,Lynn city,Massachusetts,90329,90333,90543,90716,91452,92048,92599,93247,93406,94095,94654
071,25,009,37490,37490,00000,1,A,Lynn city,Massachusetts,90329,90333,90543,90716,91452,92048,92599,93247,93406,94095,94654
061,25,009,00000,37560,00000,1,A,Lynnfield town,Massachusetts,11596,11593,11621,11726,11821,12409,12667,12765,12839,12944,13041
061,25,009,00000,37995,00000,1,A,Manchester-by-the-Sea town,Massachusetts,5136,5136,5147,5196,5231,5274,5312,5337,5357,5395,5429
061,25,009,00000,38400,00000,1,A,Marblehead town,Massachusetts,19808,19808,19854,19980,20119,20256,20364,20428,20467,20559,20634
061,25,009,00000,40430,00000,1,A,Merrimac town,Massachusetts,6338,6338,6369,6418,6480,6590,6688,6766,6835,6915,6975
061,25,009,00000,40710,00000,0,F,Methuen Town city,Massachusetts,47255,47320,47438,47789,48123,48706,49388,49802,49972,50334,50698
071,25,009,40710,40710,00000,1,A,Methuen Town city,Massachusetts,47255,47320,47438,47789,48123,48706,49388,49802,49972,50334,50698
061,25,009,00000,41095,00000,1,A,Middleton town,Massachusetts,8987,8987,8986,9123,9263,9445,9636,9588,9749,9850,10050
061,25,009,00000,43580,00000,1,A,Nahant town,Massachusetts,3410,3410,3417,3432,3446,3474,3483,3496,3493,3506,3524
061,25,009,00000,45175,00000,1,A,Newbury town,Massachusetts,6666,6669,6687,6738,6786,6860,6923,6972,7020,7085,7144
061,25,009,00000,45245,00000,0,F,Newburyport city,Massachusetts,17416,17412,17442,17521,17581,17718,17853,17878,17939,18078,18202
071,25,009,45245,45245,00000,1,A,Newburyport city,Massachusetts,17416,17412,17442,17521,17581,17718,17853,17878,17939,18078,18202
061,25,009,00000,46365,00000,1,A,North Andover town,Massachusetts,28352,28358,28447,28790,29057,29307,29703,30025,30840,31021,31296
061,25,009,00000,52490,00000,0,F,Peabody city,Massachusetts,51251,51266,51403,51633,51913,52243,52489,52661,52809,53008,53278
071,25,009,52490,52490,00000,1,A,Peabody city,Massachusetts,51251,51266,51403,51633,51913,52243,52489,52661,52809,53008,53278
061,25,009,00000,57880,00000,1,A,Rockport town,Massachusetts,6952,6952,6970,7011,7059,7106,7150,7172,7210,7248,7295
061,25,009,00000,58405,00000,1,A,Rowley town,Massachusetts,5856,5853,5871,5911,5971,6034,6198,6293,6300,6318,6358
061,25,009,00000,59105,00000,0,F,Salem city,Massachusetts,41340,41314,41827,41993,42320,42676,42998,43255,43254,43411,43559
071,25,009,59105,59105,00000,1,A,Salem city,Massachusetts,41340,41314,41827,41993,42320,42676,42998,43255,43254,43411,43559
061,25,009,00000,59245,00000,1,A,Salisbury town,Massachusetts,8283,8290,8309,8389,8461,8544,8668,9209,9281,9395,9489
061,25,009,00000,60015,00000,1,A,Saugus town,Massachusetts,26628,26637,26730,27047,27387,27826,27976,28080,28125,28265,28385
061,25,009,00000,68645,00000,1,A,Swampscott town,Massachusetts,13787,13780,13807,13874,13949,14025,14085,14564,14898,14976,15227
061,25,009,00000,70150,00000,1,A,Topsfield town,Massachusetts,6085,6086,6100,6185,6291,6397,6505,6531,6541,6568,6627
061,25,009,00000,74595,00000,1,A,Wenham town,Massachusetts,4875,4875,4885,4973,5042,5140,5153,5176,5203,5250,5284
061,25,009,00000,77150,00000,1,A,West Newbury town,Massachusetts,4235,4234,4251,4306,4367,4431,4488,4538,4602,4637,4691
050,25,011,00000,00000,00000,0,N,Franklin County,Massachusetts,71372,71377,71366,71679,71678,71355,71295,70902,70728,70787,70963
157,25,011,27100,00000,00000,0,A,Greenfield Town city,Massachusetts,17456,17452,17433,17603,17631,17486,17604,17441,17448,17424,17460
157,25,011,99990,00000,00000,0,F,Balance of Franklin County,Massachusetts,53916,53925,53933,54076,54047,53869,53691,53461,53280,53363,53503
061,25,011,00000,02095,00000,1,A,Ashfield town,Massachusetts,1737,1737,1734,1738,1737,1733,1733,1730,1726,1733,1734
061,25,011,00000,05560,00000,1,A,Bernardston town,Massachusetts,2129,2122,2123,2134,2133,2126,2121,2114,2107,2107,2114
061,25,011,00000,09595,00000,1,A,Buckland town,Massachusetts,1902,1897,1896,1904,1903,1897,1888,1883,1872,1875,1875
061,25,011,00000,12505,00000,1,A,Charlemont town,Massachusetts,1266,1266,1265,1268,1266,1260,1251,1243,1241,1242,1245
061,25,011,00000,14885,00000,1,A,Colrain town,Massachusetts,1671,1669,1670,1678,1675,1666,1664,1658,1655,1666,1677
061,25,011,00000,15200,00000,1,A,Conway town,Massachusetts,1897,1900,1902,1912,1909,1903,1894,1889,1883,1884,1892
061,25,011,00000,16670,00000,1,A,Deerfield town,Massachusetts,5125,5119,5123,5118,5116,5092,5072,5040,5027,5031,5042
061,25,011,00000,21780,00000,1,A,Erving town,Massachusetts,1800,1800,1799,1803,1802,1797,1788,1777,1771,1770,1774
061,25,011,00000,25730,00000,1,A,Gill town,Massachusetts,1500,1478,1483,1479,1481,1473,1476,1473,1477,1480,1489
061,25,011,00000,27100,00000,0,F,Greenfield Town city,Massachusetts,17456,17452,17433,17603,17631,17486,17604,17441,17448,17424,17460
071,25,011,27100,27100,00000,1,A,Greenfield Town city,Massachusetts,17456,17452,17433,17603,17631,17486,17604,17441,17448,17424,17460
061,25,011,00000,29475,00000,1,A,Hawley town,Massachusetts,337,337,339,336,339,338,336,338,337,337,336
061,25,011,00000,29650,00000,1,A,Heath town,Massachusetts,706,706,706,709,711,708,704,700,697,701,702
061,25,011,00000,35180,00000,1,A,Leverett town,Massachusetts,1851,1843,1845,1855,1856,1855,1854,1849,1843,1845,1861
061,25,011,00000,35285,00000,1,A,Leyden town,Massachusetts,711,718,720,726,729,728,729,727,723,723,724
061,25,011,00000,42040,00000,1,A,Monroe town,Massachusetts,121,116,116,116,116,116,115,114,114,112,112
061,25,011,00000,42285,00000,1,A,Montague town,Massachusetts,8437,8466,8462,8479,8470,8437,8391,8349,8299,8297,8316
061,25,011,00000,45490,00000,1,A,New Salem town,Massachusetts,990,992,994,998,1005,1005,1004,1007,1010,1019,1020
061,25,011,00000,47835,00000,1,A,Northfield town,Massachusetts,3032,3026,3025,3033,3032,3024,3014,3002,2986,2987,2992
061,25,011,00000,51265,00000,1,A,Orange town,Massachusetts,7839,7839,7837,7846,7826,7787,7746,7700,7664,7663,7664
061,25,011,00000,58335,00000,1,A,Rowe town,Massachusetts,393,398,398,400,402,400,396,394,394,394,394
061,25,011,00000,61135,00000,1,A,Shelburne town,Massachusetts,1893,1900,1900,1902,1884,1877,1870,1863,1857,1858,1861
061,25,011,00000,61905,00000,1,A,Shutesbury town,Massachusetts,1771,1776,1775,1787,1784,1780,1776,1765,1759,1762,1774
061,25,011,00000,68400,00000,1,A,Sunderland town,Massachusetts,3684,3684,3684,3696,3701,3695,3686,3659,3642,3650,3659
061,25,011,00000,73265,00000,1,A,Warwick town,Massachusetts,780,780,780,785,784,784,780,776,775,777,780
061,25,011,00000,74525,00000,1,A,Wendell town,Massachusetts,848,846,848,859,865,867,871,873,877,883,886
061,25,011,00000,79110,00000,1,A,Whately town,Massachusetts,1496,1510,1509,1515,1521,1521,1532,1538,1544,1567,1580
050,25,013,00000,00000,00000,0,N,Hampden County,Massachusetts,463490,463625,464256,466137,466959,467778,469507,469230,468168,468268,470406
157,25,013,00840,00000,00000,0,A,Agawam Town city,Massachusetts,28438,28438,28451,28584,28632,28707,28712,28746,28693,28696,28854
157,25,013,13660,00000,00000,0,A,Chicopee city,Massachusetts,55298,55305,55305,55583,55795,55882,56233,55789,55342,55363,55582
157,25,013,30840,00000,00000,0,A,Holyoke city,Massachusetts,39880,39881,39917,40124,40192,40105,40673,40339,40266,40220,40358
157,25,013,52144,00000,00000,0,A,Palmer Town city,Massachusetts,12140,12138,12141,12171,12186,12205,12223,12214,12247,12250,12309
157,25,013,67000,00000,00000,0,A,Springfield city,Massachusetts,153060,153173,153613,153882,154056,154186,154513,154740,154278,154498,155032
157,25,013,76030,00000,00000,0,A,Westfield city,Massachusetts,41094,41092,41120,41406,41268,41563,41642,41699,41570,41435,41680
157,25,013,77890,00000,00000,0,A,West Springfield Town city,Massachusetts,28391,28391,28357,28541,28631,28619,28655,28664,28619,28608,28747
157,25,013,99990,00000,00000,0,F,Balance of Hampden County,Massachusetts,105189,105207,105352,105846,106199,106511,106856,107039,107153,107198,107844
061,25,013,00000,00840,00000,0,F,Agawam Town city,Massachusetts,28438,28438,28451,28584,28632,28707,28712,28746,28693,28696,28854
071,25,013,00840,00840,00000,1,A,Agawam Town city,Massachusetts,28438,28438,28451,28584,28632,28707,28712,28746,28693,28696,28854
061,25,013,00000,06085,00000,1,A,Blandford town,Massachusetts,1233,1227,1227,1235,1237,1243,1249,1249,1247,1250,1260
061,25,013,00000,08470,00000,1,A,Brimfield town,Massachusetts,3609,3611,3619,3623,3660,3707,3714,3719,3727,3737,3772
061,25,013,00000,13485,00000,1,A,Chester town,Massachusetts,1337,1339,1341,1351,1358,1364,1371,1376,1381,1381,1384
061,25,013,00000,13660,00000,0,F,Chicopee city,Massachusetts,55298,55305,55305,55583,55795,55882,56233,55789,55342,55363,55582
071,25,013,13660,13660,00000,1,A,Chicopee city,Massachusetts,55298,55305,55305,55583,55795,55882,56233,55789,55342,55363,55582
061,25,013,00000,19645,00000,1,A,East Longmeadow town,Massachusetts,15720,15736,15762,15860,15941,16018,16126,16161,16196,16239,16296
061,25,013,00000,26675,00000,1,A,Granville town,Massachusetts,1566,1566,1571,1592,1607,1612,1618,1614,1615,1619,1624
061,25,013,00000,28075,00000,1,A,Hampden town,Massachusetts,5139,5137,5141,5155,5161,5167,5188,5198,5183,5178,5220
061,25,013,00000,30665,00000,1,A,Holland town,Massachusetts,2481,2478,2481,2484,2487,2491,2495,2494,2489,2486,2497
061,25,013,00000,30840,00000,0,F,Holyoke city,Massachusetts,39880,39881,39917,40124,40192,40105,40673,40339,40266,40220,40358
071,25,013,30840,30840,00000,1,A,Holyoke city,Massachusetts,39880,39881,39917,40124,40192,40105,40673,40339,40266,40220,40358
061,25,013,00000,36300,00000,1,A,Longmeadow town,Massachusetts,15784,15783,15810,15857,15868,15874,15878,15873,15827,15763,15827
061,25,013,00000,37175,00000,1,A,Ludlow town,Massachusetts,21103,21099,21136,21229,21226,21205,21254,21244,21356,21336,21478
061,25,013,00000,42145,00000,1,A,Monson town,Massachusetts,8560,8563,8570,8602,8696,8747,8773,8791,8800,8808,8865
061,25,013,00000,42530,00000,1,A,Montgomery town,Massachusetts,838,843,846,858,863,867,867,866,864,866,870
061,25,013,00000,52144,00000,0,F,Palmer Town city,Massachusetts,12140,12138,12141,12171,12186,12205,12223,12214,12247,12250,12309
071,25,013,52144,52144,00000,1,A,Palmer Town city,Massachusetts,12140,12138,12141,12171,12186,12205,12223,12214,12247,12250,12309
061,25,013,00000,58650,00000,1,A,Russell town,Massachusetts,1775,1779,1782,1794,1795,1797,1796,1794,1790,1792,1802
061,25,013,00000,65825,00000,1,A,Southwick town,Massachusetts,9502,9498,9506,9549,9578,9618,9677,9698,9705,9727,9793
061,25,013,00000,67000,00000,0,F,Springfield city,Massachusetts,153060,153173,153613,153882,154056,154186,154513,154740,154278,154498,155032
071,25,013,67000,67000,00000,1,A,Springfield city,Massachusetts,153060,153173,153613,153882,154056,154186,154513,154740,154278,154498,155032
061,25,013,00000,70045,00000,1,A,Tolland town,Massachusetts,485,490,490,492,493,494,497,498,498,503,509
061,25,013,00000,72390,00000,1,A,Wales town,Massachusetts,1838,1839,1844,1854,1863,1875,1876,1891,1887,1888,1898
061,25,013,00000,76030,00000,0,F,Westfield city,Massachusetts,41094,41092,41120,41406,41268,41563,41642,41699,41570,41435,41680
071,25,013,76030,76030,00000,1,A,Westfield city,Massachusetts,41094,41092,41120,41406,41268,41563,41642,41699,41570,41435,41680
061,25,013,00000,77890,00000,0,F,West Springfield Town city,Massachusetts,28391,28391,28357,28541,28631,28619,28655,28664,28619,28608,28747
071,25,013,77890,77890,00000,1,A,West Springfield Town city,Massachusetts,28391,28391,28357,28541,28631,28619,28655,28664,28619,28608,28747
061,25,013,00000,79740,00000,1,A,Wilbraham town,Massachusetts,14219,14219,14226,14311,14366,14432,14477,14573,14588,14625,14749
050,25,015,00000,00000,00000,0,N,Hampshire County,Massachusetts,158080,158056,159320,160127,160408,160848,160924,160768,161510,161238,161355
157,25,015,19370,00000,00000,0,A,Easthampton Town city,Massachusetts,16053,16050,16052,16072,16108,16080,16055,16004,16051,16026,15987
157,25,015,46330,00000,00000,0,A,Northampton city,Massachusetts,28549,28552,28655,28719,28728,28602,28569,28405,28561,28608,28726
157,25,015,99990,00000,00000,0,F,Balance of Hampshire County,Massachusetts,113478,113454,114613,115336,115572,116166,116300,116359,116898,116604,116642
061,25,015,00000,01325,00000,1,A,Amherst town,Massachusetts,37819,37824,38725,39055,39024,39677,39788,39904,40036,39523,39503
061,25,015,00000,04825,00000,1,A,Belchertown town,Massachusetts,14649,14649,14658,14741,14788,14801,14812,14853,14962,15077,15134
061,25,015,00000,13590,00000,1,A,Chesterfield town,Massachusetts,1222,1222,1226,1237,1243,1249,1247,1245,1258,1256,1258
061,25,015,00000,16040,00000,1,A,Cummington town,Massachusetts,872,868,868,868,872,873,871,868,873,876,878
061,25,015,00000,19370,00000,0,F,Easthampton Town city,Massachusetts,16053,16050,16052,16072,16108,16080,16055,16004,16051,16026,15987
071,25,015,19370,19370,00000,1,A,Easthampton Town city,Massachusetts,16053,16050,16052,16072,16108,16080,16055,16004,16051,16026,15987
061,25,015,00000,26290,00000,1,A,Goshen town,Massachusetts,1054,1056,1058,1062,1065,1066,1068,1068,1070,1066,1064
061,25,015,00000,26535,00000,1,A,Granby town,Massachusetts,6240,6240,6242,6272,6316,6323,6326,6325,6337,6335,6347
061,25,015,00000,27690,00000,1,A,Hadley town,Massachusetts,5250,5250,5253,5275,5312,5303,5302,5297,5294,5320,5346
061,25,015,00000,29265,00000,1,A,Hatfield town,Massachusetts,3279,3267,3267,3272,3282,3292,3282,3285,3308,3283,3284
061,25,015,00000,31785,00000,1,A,Huntington town,Massachusetts,2180,2180,2182,2183,2184,2180,2177,2172,2183,2183,2182
061,25,015,00000,40990,00000,1,A,Middlefield town,Massachusetts,521,519,519,525,529,532,528,527,531,530,530
061,25,015,00000,46330,00000,0,F,Northampton city,Massachusetts,28549,28552,28655,28719,28728,28602,28569,28405,28561,28608,28726
071,25,015,46330,46330,00000,1,A,Northampton city,Massachusetts,28549,28552,28655,28719,28728,28602,28569,28405,28561,28608,28726
061,25,015,00000,52560,00000,1,A,Pelham town,Massachusetts,1321,1320,1320,1325,1330,1327,1323,1320,1323,1322,1322
061,25,015,00000,54030,00000,1,A,Plainfield town,Massachusetts,648,648,648,650,651,654,650,649,657,661,664
061,25,015,00000,62745,00000,1,A,Southampton town,Massachusetts,5792,5792,5806,5895,5957,6007,6057,6105,6147,6188,6196
061,25,015,00000,64145,00000,1,A,South Hadley town,Massachusetts,17514,17514,17726,17817,17834,17715,17712,17625,17765,17836,17806
061,25,015,00000,72880,00000,1,A,Ware town,Massachusetts,9872,9862,9868,9900,9913,9896,9871,9839,9848,9831,9811
061,25,015,00000,76380,00000,1,A,Westhampton town,Massachusetts,1607,1603,1603,1606,1606,1605,1626,1622,1630,1635,1641
061,25,015,00000,79915,00000,1,A,Williamsburg town,Massachusetts,2482,2484,2486,2489,2495,2490,2482,2474,2487,2491,2489
061,25,015,00000,82175,00000,1,A,Worthington town,Massachusetts,1156,1156,1158,1164,1171,1176,1178,1181,1189,1191,1187
050,25,017,00000,00000,00000,0,N,Middlesex County,Massachusetts,1503085,1503123,1507693,1524746,1542905,1560347,1575237,1585775,1595238,1604994,1614714
157,25,017,11000,00000,00000,0,A,Cambridge city,Massachusetts,105162,105176,105038,105905,107911,112069,113019,113497,115730,117133,118977
157,25,017,21990,00000,00000,0,A,Everett city,Massachusetts,41667,41650,41755,42242,42740,43227,44463,45625,46011,46196,46880
157,25,017,24960,00000,00000,0,A,Framingham city,Massachusetts,A,68325,68667,69651,70064,70417,70787,70937,71469,71866,73123
157,25,017,37000,00000,00000,0,A,Lowell city,Massachusetts,106519,106528,106787,107767,108805,109768,110541,111149,111250,111728,111670
157,25,017,37875,00000,00000,0,A,Malden city,Massachusetts,59450,59416,59571,60004,60468,60817,61093,61258,61159,61071,61036
157,25,017,38715,00000,00000,0,A,Marlborough city,Massachusetts,38499,38497,38580,38934,39305,39468,39691,39799,39793,39788,39825
157,25,017,39835,00000,00000,0,A,Medford city,Massachusetts,56173,56304,56425,56840,57276,57424,57572,57811,57849,57783,57765
157,25,017,40115,00000,00000,0,A,Melrose city,Massachusetts,26983,26966,27036,27291,27515,27807,28037,28053,28118,28206,28193
157,25,017,45560,00000,00000,0,A,Newton city,Massachusetts,85146,85114,85399,85845,87054,87508,88295,88614,88604,88855,88904
157,25,017,62535,00000,00000,0,A,Somerville city,Massachusetts,75754,75651,75828,76653,77569,78526,78939,79662,80902,81159,81562
157,25,017,72600,00000,00000,0,A,Waltham city,Massachusetts,60632,60621,60872,61359,62029,62311,63097,62981,62923,62919,62962
157,25,017,73440,00000,00000,0,A,Watertown Town city,Massachusetts,31915,31977,32071,32345,33041,33230,34299,34376,35141,35737,35954
157,25,017,81035,00000,00000,0,A,Woburn city,Massachusetts,38120,38882,39063,39435,39676,39905,40100,40276,40343,40376,40397
157,25,017,99990,00000,00000,0,F,Balance of Middlesex County,Massachusetts,777065,708016,710601,720475,729452,737870,745304,751737,755946,762177,767466
061,25,017,00000,00380,00000,1,A,Acton town,Massachusetts,21924,21912,21983,22269,22675,22929,23252,23485,23610,23712,23738
061,25,017,00000,01605,00000,1,A,Arlington town,Massachusetts,42844,42819,42935,43385,43841,44247,44607,44903,45226,45385,45624
061,25,017,00000,01955,00000,1,A,Ashby town,Massachusetts,3074,3077,3085,3115,3152,3174,3194,3202,3205,3219,3234
061,25,017,00000,02130,00000,1,A,Ashland town,Massachusetts,16593,16595,16643,16825,17022,17170,17318,17544,17571,17671,17739
061,25,017,00000,03005,00000,1,A,Ayer town,Massachusetts,7427,7425,7464,7592,7717,7859,7919,7998,8086,8127,8164
061,25,017,00000,04615,00000,1,A,Bedford town,Massachusetts,13320,13320,13355,13538,13758,13989,14010,14092,14139,14176,14195
061,25,017,00000,05070,00000,1,A,Belmont town,Massachusetts,24729,24669,24729,24953,25249,25426,25574,25628,26324,26337,26330
061,25,017,00000,05805,00000,1,A,Billerica town,Massachusetts,40243,40225,40407,41082,41489,41980,42359,42637,42753,43707,43784
061,25,017,00000,07350,00000,1,A,Boxborough town,Massachusetts,4996,4996,5011,5059,5107,5131,5166,5184,5791,6383,6388
061,25,017,00000,09840,00000,1,A,Burlington town,Massachusetts,24498,24495,24586,24947,25249,25422,25640,26236,26782,27881,28742
061,25,017,00000,11000,00000,0,F,Cambridge city,Massachusetts,105162,105176,105038,105905,107911,112069,113019,113497,115730,117133,118977
071,25,017,11000,11000,00000,1,A,Cambridge city,Massachusetts,105162,105176,105038,105905,107911,112069,113019,113497,115730,117133,118977
061,25,017,00000,11525,00000,1,A,Carlisle town,Massachusetts,4852,4852,4869,4924,4985,5034,5079,5197,5216,5224,5247
061,25,017,00000,13135,00000,1,A,Chelmsford town,Massachusetts,33802,33794,33902,34258,34574,34769,35011,35081,35021,35016,35313
061,25,017,00000,15060,00000,1,A,Concord town,Massachusetts,17668,17681,17765,18754,18930,19195,19433,19654,19167,19162,19211
061,25,017,00000,17475,00000,1,A,Dracut town,Massachusetts,29457,29429,29533,29918,30255,30524,30876,31045,31141,31503,31747
061,25,017,00000,17825,00000,1,A,Dunstable town,Massachusetts,3179,3179,3187,3213,3249,3272,3297,3323,3341,3372,3404
061,25,017,00000,21990,00000,0,F,Everett city,Massachusetts,41667,41650,41755,42242,42740,43227,44463,45625,46011,46196,46880
071,25,017,21990,21990,00000,1,A,Everett city,Massachusetts,41667,41650,41755,42242,42740,43227,44463,45625,46011,46196,46880
061,25,017,00000,24960,00000,0,F,Framingham city,Massachusetts,A,68325,68667,69651,70064,70417,70787,70937,71469,71866,73123
071,25,017,24960,24960,00000,1,A,Framingham city,Massachusetts,A,68325,68667,69651,70064,70417,70787,70937,71469,71866,73123
071,25,017,99990,24960,00000,1,F,Balance of Framingham city,Massachusetts,A,0,0,0,0,0,0,0,0,0,0
061,25,017,00000,27480,00000,1,A,Groton town,Massachusetts,10646,10643,10685,10914,11032,11117,11217,11266,11308,11336,11386
061,25,017,00000,30700,00000,1,A,Holliston town,Massachusetts,13547,13564,13610,13875,14056,14197,14406,14506,14597,14748,14939
061,25,017,00000,31085,00000,1,A,Hopkinton town,Massachusetts,14925,14909,14974,15235,15451,15838,16208,16514,16869,17974,18269
061,25,017,00000,31540,00000,1,A,Hudson town,Massachusetts,19063,19079,19134,19329,19507,19659,19782,19858,19891,19916,19960
061,25,017,00000,35215,00000,1,A,Lexington town,Massachusetts,31394,31406,31511,31963,32352,32812,33101,33340,33499,33661,33792
061,25,017,00000,35425,00000,1,A,Lincoln town,Massachusetts,6362,6362,6380,6438,6490,6536,6577,6749,6760,6777,6797
061,25,017,00000,35950,00000,1,A,Littleton town,Massachusetts,8924,8926,8954,9053,9154,9267,9408,9891,10018,10095,10241
061,25,017,00000,37000,00000,0,F,Lowell city,Massachusetts,106519,106528,106787,107767,108805,109768,110541,111149,111250,111728,111670
071,25,017,37000,37000,00000,1,A,Lowell city,Massachusetts,106519,106528,106787,107767,108805,109768,110541,111149,111250,111728,111670
061,25,017,00000,37875,00000,0,F,Malden city,Massachusetts,59450,59416,59571,60004,60468,60817,61093,61258,61159,61071,61036
071,25,017,37875,37875,00000,1,A,Malden city,Massachusetts,59450,59416,59571,60004,60468,60817,61093,61258,61159,61071,61036
061,25,017,00000,38715,00000,0,F,Marlborough city,Massachusetts,38499,38497,38580,38934,39305,39468,39691,39799,39793,39788,39825
071,25,017,38715,38715,00000,1,A,Marlborough city,Massachusetts,38499,38497,38580,38934,39305,39468,39691,39799,39793,39788,39825
061,25,017,00000,39625,00000,1,A,Maynard town,Massachusetts,10106,10112,10116,10211,10328,10409,10487,10582,10605,10643,10667
061,25,017,00000,39835,00000,0,F,Medford city,Massachusetts,56173,56304,56425,56840,57276,57424,57572,57811,57849,57783,57765
071,25,017,39835,39835,00000,1,A,Medford city,Massachusetts,56173,56304,56425,56840,57276,57424,57572,57811,57849,57783,57765
061,25,017,00000,40115,00000,0,F,Melrose city,Massachusetts,26983,26966,27036,27291,27515,27807,28037,28053,28118,28206,28193
071,25,017,40115,40115,00000,1,A,Melrose city,Massachusetts,26983,26966,27036,27291,27515,27807,28037,28053,28118,28206,28193
061,25,017,00000,43895,00000,1,A,Natick town,Massachusetts,33006,33012,33104,33438,33877,35316,35724,36218,36089,36171,36229
061,25,017,00000,45560,00000,0,F,Newton city,Massachusetts,85146,85114,85399,85845,87054,87508,88295,88614,88604,88855,88904
071,25,017,45560,45560,00000,1,A,Newton city,Massachusetts,85146,85114,85399,85845,87054,87508,88295,88614,88604,88855,88904
061,25,017,00000,48955,00000,1,A,North Reading town,Massachusetts,14892,14889,14937,15109,15283,15385,15513,15605,15658,15689,15710
061,25,017,00000,52805,00000,1,A,Pepperell town,Massachusetts,11497,11498,11537,11686,11820,11916,12006,12062,12084,12117,12161
061,25,017,00000,56130,00000,1,A,Reading town,Massachusetts,24747,23987,24048,24275,24493,24636,24760,24933,25182,25298,25337
061,25,017,00000,61380,00000,1,A,Sherborn town,Massachusetts,4119,4119,4129,4172,4204,4240,4279,4291,4294,4314,4341
061,25,017,00000,61590,00000,1,A,Shirley town,Massachusetts,7211,7211,7310,7413,7489,7398,7516,7612,7630,7628,7649
061,25,017,00000,62535,00000,0,F,Somerville city,Massachusetts,75754,75651,75828,76653,77569,78526,78939,79662,80902,81159,81562
071,25,017,62535,62535,00000,1,A,Somerville city,Massachusetts,75754,75651,75828,76653,77569,78526,78939,79662,80902,81159,81562
061,25,017,00000,67665,00000,1,A,Stoneham town,Massachusetts,21437,21288,21339,21498,21673,21808,21932,22000,22010,21994,22729
061,25,017,00000,68050,00000,1,A,Stow town,Massachusetts,6590,6584,6629,6752,6863,6928,7043,7059,7068,7085,7214
061,25,017,00000,68260,00000,1,A,Sudbury town,Massachusetts,17659,17675,17712,17945,18116,18320,18661,18763,18818,18826,19627
061,25,017,00000,69415,00000,1,A,Tewksbury town,Massachusetts,28961,29090,29224,29523,30013,30153,30381,30850,31018,31302,31388
061,25,017,00000,70360,00000,1,A,Townsend town,Massachusetts,8926,8926,8974,9057,9155,9224,9355,9431,9474,9502,9547
061,25,017,00000,71025,00000,1,A,Tyngsborough town,Massachusetts,11292,11287,11387,11780,11951,12048,12128,12215,12301,12323,12418
061,25,017,00000,72215,00000,1,A,Wakefield town,Massachusetts,24932,25096,25178,25454,25662,26170,26804,26891,26900,27094,27135
061,25,017,00000,72600,00000,0,F,Waltham city,Massachusetts,60632,60621,60872,61359,62029,62311,63097,62981,62923,62919,62962
071,25,017,72600,72600,00000,1,A,Waltham city,Massachusetts,60632,60621,60872,61359,62029,62311,63097,62981,62923,62919,62962
061,25,017,00000,73440,00000,0,F,Watertown Town city,Massachusetts,31915,31977,32071,32345,33041,33230,34299,34376,35141,35737,35954
071,25,017,73440,73440,00000,1,A,Watertown Town city,Massachusetts,31915,31977,32071,32345,33041,33230,34299,34376,35141,35737,35954
061,25,017,00000,73790,00000,1,A,Wayland town,Massachusetts,12994,12940,12977,13110,13259,13411,13494,13610,13800,13858,13882
061,25,017,00000,76135,00000,1,A,Westford town,Massachusetts,21951,21962,22050,22471,23248,23647,24029,24124,24226,24268,24296
061,25,017,00000,77255,00000,1,A,Weston town,Massachusetts,11261,11265,11370,11515,11698,11845,11921,12066,12100,12119,12134
061,25,017,00000,80230,00000,1,A,Wilmington town,Massachusetts,22325,22325,22398,22699,22988,23183,23383,23520,23689,23759,23907
061,25,017,00000,80510,00000,1,A,Winchester town,Massachusetts,21374,21393,21480,21728,22038,22286,22454,22572,22685,22805,22851
061,25,017,00000,81035,00000,0,F,Woburn city,Massachusetts,38120,38882,39063,39435,39676,39905,40100,40276,40343,40376,40397
071,25,017,81035,81035,00000,1,A,Woburn city,Massachusetts,38120,38882,39063,39435,39676,39905,40100,40276,40343,40376,40397
050,25,019,00000,00000,00000,0,N,Nantucket County,Massachusetts,10172,10172,10167,10130,10311,10567,10839,10945,11124,11270,11327
061,25,019,00000,43790,00000,1,A,Nantucket town,Massachusetts,10172,10172,10167,10130,10311,10567,10839,10945,11124,11270,11327
050,25,021,00000,00000,00000,0,A,Norfolk County,Massachusetts,670850,670907,673039,677732,682891,688440,692399,694787,697353,701317,705388
157,25,021,07740,00000,00000,0,A,Braintree Town city,Massachusetts,35744,35726,35806,36015,36347,36789,37181,37180,37187,37242,37250
157,25,021,25172,00000,00000,0,A,Franklin Town city,Massachusetts,31635,31633,31847,32164,32336,32616,32821,32892,32971,33155,33230
157,25,021,55745,00000,00000,0,A,Quincy city,Massachusetts,92271,92262,92463,92541,92979,93484,93730,93807,94133,94317,94580
157,25,021,78972,00000,00000,0,A,Weymouth Town city,Massachusetts,53743,53762,53830,54176,55062,55458,55737,55807,55914,56744,57719
157,25,021,99990,00000,00000,0,S,Balance of Norfolk County,Massachusetts,457457,457524,459093,462836,466167,470093,472930,475101,477148,479859,482609
061,25,021,00000,02935,00000,1,A,Avon town,Massachusetts,4356,4354,4364,4376,4401,4445,4462,4460,4496,4504,4519
061,25,021,00000,04930,00000,1,A,Bellingham town,Massachusetts,16332,16411,16443,16497,16624,16770,16860,16937,17017,17121,17182
061,25,021,00000,07740,00000,0,F,Braintree Town city,Massachusetts,35744,35726,35806,36015,36347,36789,37181,37180,37187,37242,37250
071,25,021,07740,07740,00000,1,A,Braintree Town city,Massachusetts,35744,35726,35806,36015,36347,36789,37181,37180,37187,37242,37250
061,25,021,00000,09175,00000,1,A,Brookline town,Massachusetts,58732,58607,58700,58761,58946,59306,59308,59124,59141,59266,59310
061,25,021,00000,11315,00000,1,A,Canton town,Massachusetts,21561,21581,21634,21771,21975,22241,22537,22771,23235,23410,23629
061,25,021,00000,14640,00000,1,A,Cohasset town,Massachusetts,7542,7540,7549,8140,8211,8290,8350,8391,8459,8511,8541
061,25,021,00000,16495,00000,1,A,Dedham town,Massachusetts,24729,24725,24820,24891,25097,25352,25463,25385,25391,25310,25334
061,25,021,00000,17405,00000,1,A,Dover town,Massachusetts,5589,5591,5603,5667,5734,5796,5875,5943,5982,6049,6101
061,25,021,00000,24820,00000,1,A,Foxborough town,Massachusetts,16865,16872,16912,16979,17124,17296,17408,17445,17540,17602,17671
061,25,021,00000,25172,00000,0,F,Franklin Town city,Massachusetts,31635,31633,31847,32164,32336,32616,32821,32892,32971,33155,33230
071,25,021,25172,25172,00000,1,A,Franklin Town city,Massachusetts,31635,31633,31847,32164,32336,32616,32821,32892,32971,33155,33230
061,25,021,00000,30455,00000,1,A,Holbrook town,Massachusetts,10791,10806,10826,10865,10934,10992,11042,11041,11036,11044,11048
061,25,021,00000,39765,00000,1,A,Medfield town,Massachusetts,12024,12027,12058,12119,12231,12305,12389,12677,12863,12868,12904
061,25,021,00000,39975,00000,1,A,Medway town,Massachusetts,12752,12754,12782,12803,12918,12992,13108,13157,13228,13339,13427
061,25,021,00000,41515,00000,1,A,Millis town,Massachusetts,7891,7900,7913,7969,8015,8067,8112,8162,8183,8230,8270
061,25,021,00000,41690,00000,1,A,Milton town,Massachusetts,27003,27010,27070,27133,27278,27420,27543,27545,27571,27572,27616
061,25,021,00000,44105,00000,1,A,Needham town,Massachusetts,28886,28963,29161,29277,29498,29834,30263,30489,30672,31009,31248
061,25,021,00000,46050,00000,1,A,Norfolk town,Massachusetts,11227,11215,11242,11394,11509,11587,11750,11548,11664,11805,11988
061,25,021,00000,50250,00000,1,A,Norwood town,Massachusetts,28602,28609,28652,28708,28861,29033,29147,29089,29164,29245,29327
061,25,021,00000,54100,00000,1,A,Plainville town,Massachusetts,8264,8273,8304,8386,8450,8796,8926,9013,9104,9168,9230
061,25,021,00000,55745,00000,0,F,Quincy city,Massachusetts,92271,92262,92463,92541,92979,93484,93730,93807,94133,94317,94580
071,25,021,55745,55745,00000,1,A,Quincy city,Massachusetts,92271,92262,92463,92541,92979,93484,93730,93807,94133,94317,94580
061,25,021,00000,55955,00000,1,A,Randolph town,Massachusetts,32112,32100,32434,32743,33255,33502,33648,33639,33632,34315,34398
061,25,021,00000,60785,00000,1,A,Sharon town,Massachusetts,17612,17554,17588,17860,17993,18163,18263,18265,18269,18307,18943
061,25,021,00000,67945,00000,1,A,Stoughton town,Massachusetts,26962,26995,27124,27753,27900,28179,28340,28369,28392,28584,28950
061,25,021,00000,72495,00000,1,A,Walpole town,Massachusetts,24070,24069,24141,24374,24632,24758,24941,25099,25044,25143,25209
061,25,021,00000,74175,00000,1,A,Wellesley town,Massachusetts,27982,27908,28059,28550,28560,28706,28661,28911,29308,29513,29673
061,25,021,00000,78690,00000,1,A,Westwood town,Massachusetts,14618,14623,14653,14708,14803,14902,15026,16033,16031,16088,16127
061,25,021,00000,78972,00000,0,F,Weymouth Town city,Massachusetts,53743,53762,53830,54176,55062,55458,55737,55807,55914,56744,57719
071,25,021,78972,78972,00000,1,A,Weymouth Town city,Massachusetts,53743,53762,53830,54176,55062,55458,55737,55807,55914,56744,57719
061,25,021,00000,82315,00000,1,A,Wrentham town,Massachusetts,10955,11037,11061,11112,11218,11361,11508,11608,11726,11856,11964
050,25,023,00000,00000,00000,0,A,Plymouth County,Massachusetts,494919,494937,495930,498152,499501,502825,506565,509146,511865,514969,518132
157,25,023,09000,00000,00000,0,A,Brockton city,Massachusetts,93810,93767,93809,94109,94047,94365,94863,95433,95391,95659,95777
157,25,023,99990,00000,00000,0,S,Balance of Plymouth County,Massachusetts,401109,401170,402121,404043,405454,408460,411702,413713,416474,419310,422355
061,25,023,00000,00170,00000,1,A,Abington town,Massachusetts,15985,16026,16043,16075,16095,16165,16231,16262,16322,16400,16516
061,25,023,00000,08085,00000,1,A,Bridgewater town,Massachusetts,26563,26569,26709,26825,26890,27318,27507,27442,27382,27275,27395
061,25,023,00000,09000,00000,0,F,Brockton city,Massachusetts,93810,93767,93809,94109,94047,94365,94863,95433,95391,95659,95777
071,25,023,09000,09000,00000,1,A,Brockton city,Massachusetts,93810,93767,93809,94109,94047,94365,94863,95433,95391,95659,95777
061,25,023,00000,11665,00000,1,A,Carver town,Massachusetts,11509,11490,11504,11509,11497,11536,11575,11619,11657,11718,11777
061,25,023,00000,17895,00000,1,A,Duxbury town,Massachusetts,15059,15060,15081,15102,15149,15267,15352,15435,15849,15930,15946
061,25,023,00000,18455,00000,1,A,East Bridgewater town,Massachusetts,13794,13796,13811,13897,13958,14070,14245,14315,14417,14467,14496
061,25,023,00000,27795,00000,1,A,Halifax town,Massachusetts,7518,7526,7537,7559,7581,7636,7719,7772,7822,7864,7890
061,25,023,00000,28285,00000,1,A,Hanover town,Massachusetts,13879,13873,13896,13921,14132,14220,14302,14338,14387,14453,14517
061,25,023,00000,28495,00000,1,A,Hanson town,Massachusetts,10209,10192,10209,10246,10266,10301,10395,10575,10708,10768,10874
061,25,023,00000,30210,00000,1,A,Hingham town,Massachusetts,22157,22155,22212,22308,22506,22743,22946,23073,23105,23414,23923
061,25,023,00000,31645,00000,1,A,Hull town,Massachusetts,10293,10293,10305,10310,10316,10357,10384,10398,10425,10452,10463
061,25,023,00000,33220,00000,1,A,Kingston town,Massachusetts,12629,12628,12640,12695,12731,12866,13039,13209,13396,13566,13723
061,25,023,00000,33920,00000,1,A,Lakeville town,Massachusetts,10602,10610,10724,10774,10860,11127,11156,11203,11270,11422,11418
061,25,023,00000,38540,00000,1,A,Marion town,Massachusetts,4907,4907,4919,4929,4913,4935,5065,5078,5094,5108,5143
061,25,023,00000,38855,00000,1,A,Marshfield town,Massachusetts,25132,25125,25206,25332,25389,25456,25578,25631,25739,25844,25905
061,25,023,00000,39450,00000,1,A,Mattapoisett town,Massachusetts,6045,6045,6055,6081,6110,6165,6210,6253,6290,6330,6379
061,25,023,00000,40850,00000,1,A,Middleborough town,Massachusetts,23116,23114,23148,23231,23333,23604,23831,24147,24552,24868,25121
061,25,023,00000,50145,00000,1,A,Norwell town,Massachusetts,10506,10514,10528,10563,10603,10662,10839,10923,10965,11075,11115
061,25,023,00000,52630,00000,1,A,Pembroke town,Massachusetts,17837,17844,17875,17923,17951,18074,18164,18227,18304,18381,18448
061,25,023,00000,54310,00000,1,A,Plymouth town,Massachusetts,56468,56468,56652,57132,57267,57566,58265,58581,59169,59907,60803
061,25,023,00000,54415,00000,1,A,Plympton town,Massachusetts,2820,2839,2847,2855,2857,2874,2893,2911,2926,2972,2985
061,25,023,00000,57600,00000,1,A,Rochester town,Massachusetts,5232,5230,5240,5295,5314,5366,5424,5471,5510,5572,5628
061,25,023,00000,57775,00000,1,A,Rockland town,Massachusetts,17489,17478,17500,17556,17611,17688,17805,17880,17924,17956,17960
061,25,023,00000,60330,00000,1,A,Scituate town,Massachusetts,18133,18135,18157,18174,18194,18299,18405,18468,18594,18697,18834
061,25,023,00000,72985,00000,1,A,Wareham town,Massachusetts,21822,21841,21875,22232,22361,22434,22509,22536,22578,22615,22666
061,25,023,00000,75260,00000,1,A,West Bridgewater town,Massachusetts,6916,6927,6937,6948,6953,7014,7068,7108,7153,7237,7262
061,25,023,00000,79530,00000,1,A,Whitman town,Massachusetts,14489,14485,14511,14571,14617,14717,14795,14858,14936,15019,15168
050,25,025,00000,00000,00000,0,N,Suffolk County,Massachusetts,722023,722190,725819,737126,751175,762627,773839,782962,793322,801455,807252
157,25,025,07000,00000,00000,0,A,Boston city,Massachusetts,617594,617786,621074,630480,643003,653103,663017,670791,680470,688276,694583
157,25,025,13205,00000,00000,0,A,Chelsea city,Massachusetts,35177,35170,35334,36195,36904,37641,38685,39745,40288,40333,40160
157,25,025,56585,00000,00000,0,A,Revere city,Massachusetts,51755,51737,51872,52653,53270,53731,53844,54012,54021,54163,53821
157,25,025,81005,00000,00000,0,A,Winthrop Town city,Massachusetts,17497,17497,17539,17798,17998,18152,18293,18414,18543,18683,18688
061,25,025,00000,07000,00000,0,F,Boston city,Massachusetts,617594,617786,621074,630480,643003,653103,663017,670791,680470,688276,694583
071,25,025,07000,07000,00000,1,A,Boston city,Massachusetts,617594,617786,621074,630480,643003,653103,663017,670791,680470,688276,694583
061,25,025,00000,13205,00000,0,F,Chelsea city,Massachusetts,35177,35170,35334,36195,36904,37641,38685,39745,40288,40333,40160
071,25,025,13205,13205,00000,1,A,Chelsea city,Massachusetts,35177,35170,35334,36195,36904,37641,38685,39745,40288,40333,40160
061,25,025,00000,56585,00000,0,F,Revere city,Massachusetts,51755,51737,51872,52653,53270,53731,53844,54012,54021,54163,53821
071,25,025,56585,56585,00000,1,A,Revere city,Massachusetts,51755,51737,51872,52653,53270,53731,53844,54012,54021,54163,53821
061,25,025,00000,81005,00000,0,F,Winthrop Town city,Massachusetts,17497,17497,17539,17798,17998,18152,18293,18414,18543,18683,18688
071,25,025,81005,81005,00000,1,A,Winthrop Town city,Massachusetts,17497,17497,17539,17798,17998,18152,18293,18414,18543,18683,18688
050,25,027,00000,00000,00000,0,N,Worcester County,Massachusetts,798552,798383,800401,804008,806949,810908,815620,818380,820631,825929,830839
157,25,027,23875,00000,00000,0,A,Fitchburg city,Massachusetts,40318,40325,40443,40422,40513,40572,40668,40686,40680,40800,40882
157,25,027,25485,00000,00000,0,A,Gardner city,Massachusetts,20228,20233,20174,20223,20368,20408,20344,20522,20542,20650,20719
157,25,027,35075,00000,00000,0,A,Leominster city,Massachusetts,40759,40760,40782,40904,40946,41127,41506,41569,41418,41618,41823
157,25,027,63345,00000,00000,0,A,Southbridge Town city,Massachusetts,16719,16709,16723,16746,16791,16799,16837,16862,16868,16899,16931
157,25,027,82000,00000,00000,0,A,Worcester city,Massachusetts,181045,181009,181878,182489,182694,183458,184698,184910,185139,185417,185877
157,25,027,99990,00000,00000,0,F,Balance of Worcester County,Massachusetts,499483,499347,500401,503224,505637,508544,511567,513831,515984,520545,524607
061,25,027,00000,01885,00000,1,A,Ashburnham town,Massachusetts,6081,6076,6086,6109,6135,6157,6177,6197,6224,6306,6346
061,25,027,00000,02480,00000,1,A,Athol town,Massachusetts,11584,11579,11616,11627,11659,11677,11678,11673,11670,11717,11753
061,25,027,00000,02760,00000,1,A,Auburn town,Massachusetts,16188,16202,16217,16281,16352,16418,16513,16561,16604,16683,16782
061,25,027,00000,03740,00000,1,A,Barre town,Massachusetts,5398,5398,5405,5412,5430,5449,5476,5495,5515,5570,5592
061,25,027,00000,05490,00000,1,A,Berlin town,Massachusetts,2866,2868,2872,2889,2997,3039,3074,3108,3136,3179,3220
061,25,027,00000,06015,00000,1,A,Blackstone town,Massachusetts,9026,9011,9016,9048,9089,9136,9178,9201,9233,9310,9326
061,25,027,00000,06365,00000,1,A,Bolton town,Massachusetts,4897,4899,4930,4981,5017,5078,5135,5174,5223,5286,5376
061,25,027,00000,07525,00000,1,A,Boylston town,Massachusetts,4355,4355,4357,4355,4393,4434,4476,4527,4572,4635,4688
061,25,027,00000,09105,00000,1,A,Brookfield town,Massachusetts,3390,3379,3383,3388,3397,3399,3406,3415,3423,3442,3458
061,25,027,00000,12715,00000,1,A,Charlton town,Massachusetts,12981,12991,13010,13065,13135,13187,13314,13389,13453,13582,13697
061,25,027,00000,14395,00000,1,A,Clinton town,Massachusetts,13606,13600,13624,13643,13693,13748,13788,13837,13873,13958,14022
061,25,027,00000,17300,00000,1,A,Douglas town,Massachusetts,8471,8466,8473,8524,8567,8622,8679,8710,8746,8867,8954
061,25,027,00000,17685,00000,1,A,Dudley town,Massachusetts,11390,11375,11462,11460,11384,11500,11540,11645,11690,11757,11802
061,25,027,00000,18560,00000,1,A,East Brookfield town,Massachusetts,2183,2183,2186,2185,2189,2191,2192,2190,2189,2195,2215
061,25,027,00000,23875,00000,0,F,Fitchburg city,Massachusetts,40318,40325,40443,40422,40513,40572,40668,40686,40680,40800,40882
071,25,027,23875,23875,00000,1,A,Fitchburg city,Massachusetts,40318,40325,40443,40422,40513,40572,40668,40686,40680,40800,40882
061,25,027,00000,25485,00000,0,F,Gardner city,Massachusetts,20228,20233,20174,20223,20368,20408,20344,20522,20542,20650,20719
071,25,027,25485,25485,00000,1,A,Gardner city,Massachusetts,20228,20233,20174,20223,20368,20408,20344,20522,20542,20650,20719
061,25,027,00000,26430,00000,1,A,Grafton town,Massachusetts,17765,17763,17789,17890,18055,18174,18383,18524,18637,18762,18885
061,25,027,00000,28740,00000,1,A,Hardwick town,Massachusetts,2990,3001,3002,3005,3011,3015,3025,3025,3029,3033,3056
061,25,027,00000,28950,00000,1,A,Harvard town,Massachusetts,6520,6522,6534,6531,6539,6549,6551,6539,6549,6569,6610
061,25,027,00000,30560,00000,1,A,Holden town,Massachusetts,17346,17373,17399,17534,17674,18018,18506,18643,18828,18965,19163
061,25,027,00000,30945,00000,1,A,Hopedale town,Massachusetts,5911,5894,5897,5908,5923,5937,5938,5938,5938,5960,5966
061,25,027,00000,31435,00000,1,A,Hubbardston town,Massachusetts,4382,4382,4397,4404,4426,4456,4511,4577,4637,4716,4787
061,25,027,00000,34165,00000,1,A,Lancaster town,Massachusetts,8055,8069,8077,8007,8083,7991,7911,7956,8026,8132,8185
061,25,027,00000,34795,00000,1,A,Leicester town,Massachusetts,10970,10892,10910,10987,11106,11168,11197,11251,11278,11337,11394
061,25,027,00000,35075,00000,0,F,Leominster city,Massachusetts,40759,40760,40782,40904,40946,41127,41506,41569,41418,41618,41823
071,25,027,35075,35075,00000,1,A,Leominster city,Massachusetts,40759,40760,40782,40904,40946,41127,41506,41569,41418,41618,41823
061,25,027,00000,37420,00000,1,A,Lunenburg town,Massachusetts,10086,10076,10084,10813,10849,10988,11041,11158,11204,11302,11657
061,25,027,00000,40255,00000,1,A,Mendon town,Massachusetts,5839,5856,5862,5874,5892,5911,5965,6019,6042,6112,6183
061,25,027,00000,41165,00000,1,A,Milford town,Massachusetts,27999,27997,28042,28120,28223,28329,28546,28643,28751,28945,29105
061,25,027,00000,41340,00000,1,A,Millbury town,Massachusetts,13261,13238,13247,13271,13322,13414,13461,13507,13575,13729,13866
061,25,027,00000,41585,00000,1,A,Millville town,Massachusetts,3190,3189,3191,3191,3200,3212,3222,3228,3243,3253,3265
061,25,027,00000,45105,00000,1,A,New Braintree town,Massachusetts,999,999,1002,1010,1020,1022,1022,1022,1022,1025,1029
061,25,027,00000,46820,00000,1,A,Northborough town,Massachusetts,14155,14157,14397,14664,14646,14749,14905,14944,14962,15038,15101
061,25,027,00000,46925,00000,1,A,Northbridge town,Massachusetts,15707,15708,15729,15866,16121,16249,16335,16430,16502,16643,16732
061,25,027,00000,47135,00000,1,A,North Brookfield town,Massachusetts,4680,4680,4687,4695,4711,4732,4739,4760,4767,4792,4808
061,25,027,00000,50670,00000,1,A,Oakham town,Massachusetts,1902,1905,1906,1909,1913,1919,1923,1926,1936,1949,1963
061,25,027,00000,51825,00000,1,A,Oxford town,Massachusetts,13709,13711,13720,13742,13786,13823,13866,13897,13915,13984,14041
061,25,027,00000,52420,00000,1,A,Paxton town,Massachusetts,4806,4797,4816,4845,4818,4824,4819,4810,4841,4937,4963
061,25,027,00000,53120,00000,1,A,Petersham town,Massachusetts,1234,1238,1239,1245,1249,1251,1250,1250,1251,1254,1253
061,25,027,00000,53225,00000,1,A,Phillipston town,Massachusetts,1682,1687,1688,1695,1708,1718,1723,1732,1735,1745,1751
061,25,027,00000,55395,00000,1,A,Princeton town,Massachusetts,3413,3413,3417,3431,3435,3442,3444,3444,3440,3455,3478
061,25,027,00000,58580,00000,1,A,Royalston town,Massachusetts,1258,1258,1259,1259,1264,1268,1269,1271,1269,1272,1276
061,25,027,00000,58825,00000,1,A,Rutland town,Massachusetts,7973,7979,8004,8118,8201,8278,8363,8467,8539,8705,8846
061,25,027,00000,61800,00000,1,A,Shrewsbury town,Massachusetts,35608,35559,35623,35847,36034,36271,36505,36647,36650,37340,37973
061,25,027,00000,63165,00000,1,A,Southborough town,Massachusetts,9767,9767,9775,9816,9851,9894,9936,10015,10087,10138,10169
061,25,027,00000,63345,00000,0,F,Southbridge Town city,Massachusetts,16719,16709,16723,16746,16791,16799,16837,16862,16868,16899,16931
071,25,027,63345,63345,00000,1,A,Southbridge Town city,Massachusetts,16719,16709,16723,16746,16791,16799,16837,16862,16868,16899,16931
061,25,027,00000,66105,00000,1,A,Spencer town,Massachusetts,11688,11704,11711,11742,11777,11811,11840,11833,11918,11972,11971
061,25,027,00000,67385,00000,1,A,Sterling town,Massachusetts,7808,7798,7805,7819,7851,7870,7923,7971,8031,8134,8190
061,25,027,00000,68155,00000,1,A,Sturbridge town,Massachusetts,9268,9264,9278,9317,9352,9403,9458,9483,9529,9582,9640
061,25,027,00000,68610,00000,1,A,Sutton town,Massachusetts,8963,8968,8978,9027,9091,9156,9225,9283,9368,9464,9551
061,25,027,00000,69275,00000,1,A,Templeton town,Massachusetts,8013,7982,8001,8003,8030,8083,8109,8099,8109,8137,8153
061,25,027,00000,71480,00000,1,A,Upton town,Massachusetts,7542,7540,7555,7604,7641,7672,7703,7716,7780,7923,8012
061,25,027,00000,71620,00000,1,A,Uxbridge town,Massachusetts,13457,13457,13472,13506,13554,13650,13732,13821,13876,13999,14095
061,25,027,00000,73090,00000,1,A,Warren town,Massachusetts,5135,5135,5140,5148,5161,5178,5188,5197,5200,5219,5248
061,25,027,00000,73895,00000,1,A,Webster town,Massachusetts,16767,16772,16786,16801,16834,16877,16892,16923,16949,17022,17027
061,25,027,00000,75015,00000,1,A,Westborough town,Massachusetts,18272,18278,18291,18413,18392,18613,18783,18881,18959,19114,19189
061,25,027,00000,75155,00000,1,A,West Boylston town,Massachusetts,7669,7663,7717,7748,7856,7830,7848,7820,7858,8002,8215
061,25,027,00000,75400,00000,1,A,West Brookfield town,Massachusetts,3701,3691,3697,3709,3738,3753,3768,3769,3757,3774,3785
061,25,027,00000,77010,00000,1,A,Westminster town,Massachusetts,7277,7271,7280,7301,7343,7409,7455,7552,7638,7759,7884
061,25,027,00000,80405,00000,1,A,Winchendon town,Massachusetts,10300,10332,10360,10442,10520,10602,10661,10738,10808,10865,10911
061,25,027,00000,82000,00000,0,F,Worcester city,Massachusetts,181045,181009,181878,182489,182694,183458,184698,184910,185139,185417,185877
071,25,027,82000,82000,00000,1,A,Worcester city,Massachusetts,181045,181009,181878,182489,182694,183458,184698,184910,185139,185417,185877
